pmid,pubmed_url,year,title,journal,abstract,keywords,mesh_terms,publication_types,entities,relations
54584,https://pubmed.ncbi.nlm.nih.gov/54584/,1976,Acute diabetic abdomen in childhood.,"Lancet (London, England)","Three children presented as acute surgical emergencies due to undiagnosed diabetes mellitus. Where diabetic ketoacidosis mimicks the acute abdomen three clinical features are important in reaching the right diagnosis-namely, a history of polydipsia, polyuria, and anorexia preceding the abdominal pain, the deep sighing and rapid respirations, and severe dehydration.",,"Abdomen, Acute; Amylases; Appendicitis; Blood Glucose; Carbon Dioxide; Child; Child, Preschool; Diabetes Mellitus, Type 1; Diabetic Ketoacidosis; Diagnosis, Differential; Diagnostic Errors; Hemoglobins; Humans; Hydrogen-Ion Concentration; Leukocyte Count; Male; Oxygen; Potassium; Sodium; Urea",Case Reports; Journal Article,diabetes mellitus (disease); diabetic ketoacidosis (disease); acute abdomen (disease); polydipsia (clinical_outcome); polyuria (clinical_outcome); anorexia (clinical_outcome); abdominal pain (clinical_outcome); severe dehydration (clinical_outcome),"(diabetic ketoacidosis, Association, acute abdomen); (diabetic ketoacidosis, Positive_Correlation, polydipsia); (diabetic ketoacidosis, Positive_Correlation, polyuria); (diabetic ketoacidosis, Positive_Correlation, anorexia); (diabetic ketoacidosis, Positive_Correlation, abdominal pain); (diabetic ketoacidosis, Positive_Correlation, severe dehydration); (diabetes mellitus, Positive_Correlation, diabetic ketoacidosis); (diabetes mellitus, Association, acute abdomen)"
331372,https://pubmed.ncbi.nlm.nih.gov/331372/,1977,The surgical treatment of necrobiosis lipoidica diabeticorum.,Plastic and reconstructive surgery,"We review the literature on the surgical treatment of necrobiosis lipoidica diabeticorum, and we describe 7 cases treated at Stanford University Medical Center. Experiences with them prompt us to recommend surgical excision of the lesions down to the deep fascia, ligation of the associated perforating blood vessels, and the use of split-skin grafts to cover the defects. There were no recurrences when we did all these things.",,"Adolescent; Adult; Aged; Child; Child, Preschool; Diabetes Complications; Diabetes Mellitus, Type 1; Female; Follow-Up Studies; Humans; Infant; Infant, Newborn; Leg Dermatoses; Male; Middle Aged; Necrobiosis Lipoidica; Recurrence; Skin; Skin Transplantation",Case Reports; Journal Article,necrobiosis lipoidica diabeticorum (disease); lesions (disease); recurrences (clinical_outcome); surgical excision (drug); ligation of the associated perforating blood vessels (drug); split-skin grafts (drug),"(necrobiosis lipoidica diabeticorum, Association, lesions); (surgical excision, Cotreatment, ligation of the associated perforating blood vessels); (surgical excision, Cotreatment, split-skin grafts); (ligation of the associated perforating blood vessels, Cotreatment, split-skin grafts)"
334498,https://pubmed.ncbi.nlm.nih.gov/334498/,1977,[Islet-cell antibodies in juvenile diabetes mellitus (author's transl)].,Deutsche medizinische Wochenschrift (1946),"Islet-cell antibodies were detected in 11 of the 67 patients with juvenile diabetes mellitus. These antibodies reacted with all endocrine-islet cells, although higher serum dilutions and different staining intensity of the various islet cells were noted. Antibody formation to islet antigens was found to be closely associated with HLA B8 (P = 0.03). However, there was no relationship between islet-cell antibody production and insulin antibody formation. The demonstration of pancreatic islet-cell antibodies, particularly in HLA B8-positive juvenile diabetics, constitutes further circumstantial evidence of a genetically determined auto-immune pathogenesis in some patients with juvenile diabetes mellitus.",,"Adolescent; Adult; Autoantibodies; Child; Child, Preschool; Diabetes Mellitus, Type 1; Histocompatibility Antigens; Humans; Immunoglobulin G; Insulin Antibodies; Islets of Langerhans",English Abstract; Journal Article,Islet-cell antibodies (biomarker); juvenile diabetes mellitus (disease); endocrine-islet cells (cell_type); islet antigens (biomarker); islet cells (cell_type); HLA B8 (gene); antibody formation (biological_process); insulin antibody (biomarker); auto-immune pathogenesis (biological_process),"(Islet-cell antibodies, Association, juvenile diabetes mellitus); (Islet-cell antibodies, Bind, endocrine-islet cells); (juvenile diabetes mellitus, Association, auto-immune pathogenesis); (antibody formation, Association, HLA B8); (Islet-cell antibodies, Association, HLA B8); (Islet-cell antibodies, Association, endocrine-islet cells)"
353557,https://pubmed.ncbi.nlm.nih.gov/353557/,1978,Islet-cell-surface antibodies in juvenile diabetes mellitus.,The New England journal of medicine,"Using an indirect immunofluorescence test on suspensions of viable, insulin-producing islet cells from rats, we found that 32 per cent (28/88) of insulin-treated patients with juvenile diabetes have islet-cell-surface antibodies in their circulation. These antibodies also occurred in four of nine children with glucose intolerance, in one of 24 healthy children and in nondiabetic children with thyroid disorders. In the diabetic children, the immunofluorescent reaction was inhibited by preadsorption of serum to islet cells but was little affected by preadsorption to rat hepatocytes or erythrocytes or to acetone powders of various rat tissues, including pancreas. These results show that organ-specific, nonspecies-specific antibodies reactive with the cell surface of the islet cells can be present in serum from diabetic children, and provide an approach to investigation of immunopathological aspects of diabetes mellitus.",,"Adolescent; Animals; Autoantibodies; Cell Membrane; Child; Child, Preschool; Diabetes Mellitus, Type 1; Fluorescent Antibody Technique; Humans; Infant; Insulin; Islets of Langerhans; Male; Microscopy, Electron, Scanning; Rats","Journal Article; Research Support, U.S. Gov't, P.H.S.",islet-cell-surface antibodies (biomarker); juvenile diabetes (disease); islet cells (cell_type); glucose intolerance (clinical_outcome); glucose intolerance (disease); thyroid disorders (disease); diabetes mellitus (disease); insulin (drug); rat hepatocytes (cell_type); erythrocytes (cell_type); immunofluorescent reaction (biomarker),"(islet-cell-surface antibodies, Association, juvenile diabetes); (islet-cell-surface antibodies, Bind, islet cells); (islet-cell-surface antibodies, Association, glucose intolerance); (islet-cell-surface antibodies, Association, thyroid disorders); (islet-cell-surface antibodies, Association, diabetes mellitus); (islet cells, Negative_Correlation, immunofluorescent reaction)"
395097,https://pubmed.ncbi.nlm.nih.gov/395097/,1979,"The effect of three days of blood glucose normalization by means of an ""artificial endocrine pancreas"" on the concentrations of growth hormone, glucagon, and cortisol in juvenile diabetics.",Hormone and metabolic research. Supplement series,"Glucagon, growth hormone, and cortisol secretion was studied in seven male insulin-dependent diabetics under conventional subcutaneous insulin therapy and after three days of blood glucose normalization attained by the artificial endocrine pancreas (Biostator-GCIIS). The diurnal hormonal profiles under the two types of therapy were compared. Six healthy male students served as control group. A three-day period of blood glucose normalization in insulin-dependent diabetic can restore glucagon secretion to normal. Growth hormone secretion is decreased but not completely normalised. Cortisol secretion is slightly decreased. It is concluded that prolonged normoglycemia achieved by means of an artificial endocrine pancreas may completely control endocrine abnormalities in insulin-dependent diabetics.",,"Adult; Artificial Organs; Blood Glucose; Circadian Rhythm; Diabetes Mellitus, Type 1; Feedback; Glucagon; Growth Hormone; Humans; Hydrocortisone; Infusions, Parenteral; Insulin; Islets of Langerhans; Middle Aged",Journal Article,insulin-dependent diabetes (disease); glucagon (protein); growth hormone (protein); cortisol (protein); glucagon secretion (biological_process); growth hormone secretion (biological_process); cortisol secretion (biological_process); normoglycemia (biomarker); normoglycemia (clinical_outcome); endocrine abnormalities (clinical_outcome); subcutaneous insulin therapy (drug); artificial endocrine pancreas (Biostator-GCIIS) (drug); blood glucose normalization (biological_process),"(insulin-dependent diabetes, Positive_Correlation, endocrine abnormalities); (normoglycemia, Positive_Correlation, glucagon secretion); (normoglycemia, Negative_Correlation, growth hormone secretion); (normoglycemia, Negative_Correlation, cortisol secretion); (normoglycemia, Negative_Correlation, endocrine abnormalities); (artificial endocrine pancreas (Biostator-GCIIS), Comparison, subcutaneous insulin therapy); (artificial endocrine pancreas (Biostator-GCIIS), Association, blood glucose normalization); (blood glucose normalization, Association, glucagon secretion); (blood glucose normalization, Negative_Correlation, Growth hormone secretion); (blood glucose normalization, Negative_Correlation, Cortisol secretion); (normoglycemia, Negative_Correlation, insulin-dependent diabetics); (artificial endocrine pancreas (Biostator-GCIIS), Negative_Correlation, Growth hormone secretion); (artificial endocrine pancreas (Biostator-GCIIS), Negative_Correlation, Cortisol secretion)"
535578,https://pubmed.ncbi.nlm.nih.gov/535578/,1979,[The diabetic polyneuropathy. I. Relation between impaired function in peripheral nerves and clinical findings].,Endokrinologie,"789 patients with diabetes mellitus were studied by clinical and electroneurographical investigation. Motor and sensory conduction velocities of the median nerve and motor conduction velocity of the tibial nerve were determined. 86.1% of the patients suffered from juvenile diabetes, and 13.9% from maturity onset diabetes. Average duration of the disease was 9.5 years, average age of the patients was 26.7 years. Clinical signs of polyneuropathy were found in 19.1%. In 40.9% of the patients at least one of 3 conduction velocities was found to be delayed. Patients with clinical signs of polyneuropathy exhibited delayed nerve conduction velocities and delayed distal latencies. Diagnosis of polyneuropathy almost with certainty is possible by determining the three nerve conduction velocities and the three corresponding distal latencies. 22% of patients without clinical signs of polyneuropathy exhibited electroneurographical signs of impaired peripheral nerve function. Heredity, body weight, lipid metabolism, actual metabolic balance, and treatment were found to be without any significant influence on nerve conduction velocity.",,"Adult; Diabetes Mellitus; Diabetes Mellitus, Type 1; Diabetic Neuropathies; Humans; Median Nerve; Neural Conduction; Tibial Nerve; Time Factors",English Abstract; Journal Article,diabetes mellitus (disease); juvenile diabetes (disease); maturity onset diabetes (disease); polyneuropathy (disease); nerve conduction velocity (biomarker); nerve conduction velocities (clinical_outcome); distal latency (biomarker); distal latencies (clinical_outcome); impaired peripheral nerve function (clinical_outcome); lipid metabolism (biological_process); metabolic balance (biological_process); body weight (clinical_outcome),"(polyneuropathy, Negative_Correlation, nerve conduction velocity); (polyneuropathy, Positive_Correlation, distal latency); (diabetes mellitus, Positive_Correlation, polyneuropathy); (diabetes mellitus, Positive_Correlation, impaired peripheral nerve function); (diabetes mellitus, Negative_Correlation, nerve conduction velocity)"
676730,https://pubmed.ncbi.nlm.nih.gov/676730/,1978,"Growth, body weight and insulin requirement in diabetic children.",Acta paediatrica Scandinavica,"The weight and height development of 51 boys and 48 girls who had developed diabetes prior to the age of 15 years was followed for a minimum of 3 years, mean 8.3 years, up to the age of 18 for the girls and 20 for the boys. In addition, the insulin requirements were recorded. Weight and height proved to be within the normal range, and height at onset of diabetes was normal. After a long duration of diabetes, however, there occurred a reduction of height increment of obout 1/2cm/year. This reduction was greater in children who rarely attended as compared with those who frequently attended a sub-specialized clinic. The daily dose of insulin increased with age, the greatest increase coinciding with the growth spurt. During the first 4 years of diabetes the 24-hour dose/kg body weight increased, indicating a decreasing endogenous insulin production. Later it was constant at around 0.9 i.u./kg. Modern management of diabetic children leads to normal adult stature.",,"Adolescent; Body Height; Body Weight; Child; Child, Preschool; Diabetes Mellitus, Type 1; Female; Growth; Humans; Infant; Insulin; Male",Journal Article,diabetes (disease); insulin (protein); insulin (drug); endogenous insulin production (biological_process); height increment (biomarker); height increment (clinical_outcome); weight development (clinical_outcome); insulin requirements (clinical_outcome); daily dose of insulin (clinical_outcome); duration of diabetes (clinical_outcome); growth spurt (biological_process); adult stature (clinical_outcome),"(diabetes, Negative_Correlation, height increment); (diabetes, Negative_Correlation, endogenous insulin production); (growth spurt, Positive_Correlation, daily dose of insulin)"
1158036,https://pubmed.ncbi.nlm.nih.gov/1158036/,1975,Renal substrate exchange in human diabetes mellitus.,Diabetes,"Renal substrate exchange was examined in five male patients with insulin-dependent diabetes mellitus of several years' duration. Insulin was withheld for twenty-four hours prior to the study. A renal vein was catheterized from the femoral vein, and PHA-clearance was employed for the determination of effective renal blood flow. None of the patients was in ketoacidosis, but all were moderately hyperglycemic in the fasting states (16.8 +/- 1.5 mmol/L.) (225-384 mg./100 ml.). Nevertheless, no net release of glucose from the kidney was detectable. Instead, there was a significant net renal uptake of glucose (320 +/- 80 mumol/min.). In addition, there was a significant net uptake of glycerol and a net release of pyruvate. Renal amino acid exchange was similar to that reported for healthy subjects: glutamine, glycine, proline, and citrulline were taken up and serine, alanine, cystine, tyrosine, and threonine were released by the kidney. It is concluded that (a) in nonketoacidotic diabetics there is no net production of glucose by the kidney; (b) renal amino acid exchange in diabetics is similar to that of healthy individuals; and (c) the kidney is not an important gluconeogenic organ in human diabetes.",,"Adult; Amino Acids; Blood Glucose; Diabetes Mellitus; Fatty Acids, Nonesterified; Gluconeogenesis; Glycerol; Humans; Hyperglycemia; Ketone Bodies; Kidney; Lactates; Male; Pyruvates; Regional Blood Flow","Journal Article; Research Support, U.S. Gov't, P.H.S.",insulin-dependent diabetes mellitus (disease); ketoacidosis (disease); hyperglycemia (biomarker); glucose (chemical); glycerol (chemical); pyruvate (chemical); renal substrate exchange (biological_process); renal glucose production (biological_process); renal amino acid exchange (biological_process); gluconeogenesis (biological_process); Insulin (drug); glutamine (chemical); glycine (chemical); proline (chemical); citrulline (chemical); serine (chemical); alanine (chemical); cystine (chemical); tyrosine (chemical); threonine (chemical); kidney (cell_type),"(insulin-dependent diabetes mellitus, Positive_Correlation, hyperglycemia); (insulin-dependent diabetes mellitus, Negative_Correlation, renal glucose production); (insulin-dependent diabetes mellitus, Negative_Correlation, gluconeogenesis); (kidney, Association, glutamine); (kidney, Association, glycine); (kidney, Association, proline); (kidney, Association, citrulline); (kidney, Association, serine); (kidney, Association, alanine); (kidney, Association, cystine); (kidney, Association, tyrosine); (kidney, Association, threonine)"
1166797,https://pubmed.ncbi.nlm.nih.gov/1166797/,1975,Systemic allergic reaction to initial insulin therapy in a juvenile diabetic. Enhanced blast transformation to insulin.,Acta paediatrica Scandinavica,"A 14-year-old girl with recent onset of diabetes developed a severe systemic allergic reaction to beef-pork insulin on the third day of insulin therapy. The same reaction developed following the injection of pork insulin and monocomponent insulin. The patient was induced to tolerate pork insulin by systemic desensitization to this insulin over an interval of 6 days. Peripheral blood lymphocytes from the patient cultured in the presence of insulin responded by increased blast cell transformation, as compared with controls, who either had previously presented local allergic reactions to insulin or never had manifested insulin allergy.",,"Adolescent; Desensitization, Immunologic; Diabetes Mellitus, Type 1; Drug Hypersensitivity; Female; Humans; Insulin; Lymphocyte Activation; Lymphocytes",Case Reports; Journal Article,diabetes (disease); beef-pork insulin (protein); beef-pork insulin (drug); pork insulin (protein); pork insulin (drug); monocomponent insulin (protein); monocomponent insulin (drug); systemic allergic reaction (clinical_outcome); peripheral blood lymphocytes (cell_type); blast cell transformation (biological_process); insulin allergy (disease); insulin (drug); systemic desensitization (drug); local allergic reactions (clinical_outcome); insulin allergy (disease),"(beef-pork insulin, Positive_Correlation, systemic allergic reaction); (pork insulin, Positive_Correlation, systemic allergic reaction); (monocomponent insulin, Positive_Correlation, systemic allergic reaction); (insulin, Positive_Correlation, blast cell transformation); (systemic desensitization, Negative_Correlation, systemic allergic reaction)"
1595513,https://pubmed.ncbi.nlm.nih.gov/1595513/,1992,Intensive insulin therapy: Part II. Multicomponent insulin regimens.,American family physician,"In patients with insulin-dependent diabetes mellitus, insulin is an absolute requirement for life. Once-daily insulin administration is not sufficient to maintain physiologic insulin delivery. Twice-daily delivery of a combination of intermediate-acting and regular insulin may be effective but may limit lifestyle flexibility. Other popular regimens include three daily injections (with a bedtime dose of intermediate-acting insulin) and use of a combination of ultralente and regular insulin. Continuous subcutaneous insulin infusion is another option for patients with insulin-dependent diabetes. In patients with noninsulin-dependent diabetes who require insulin, control can often be achieved with a single daily injection. Recently, the use of bedtime NPH or ultralente insulin has been emphasized for control of moderate hyperglycemia in these patients. For patients with severe hyperglycemia, insulin administration is similar to that for patients with insulin-dependent diabetes. The use of combination therapy with insulin and sulfonylurea for noninsulin-dependent diabetes is controversial.",,"Blood Glucose; Clinical Protocols; Diabetes Mellitus; Drug Administration Schedule; Drug Therapy, Combination; Eating; Humans; Infusions, Parenteral; Injections, Subcutaneous; Insulin",Journal Article; Review,insulin-dependent diabetes mellitus (disease); noninsulin-dependent diabetes mellitus (disease); insulin (protein); insulin (drug); sulfonylurea (drug); hyperglycemia (biomarker); hyperglycemia (disease); continuous subcutaneous insulin infusion (biological_process); Continuous subcutaneous insulin infusion (drug); intermediate-acting insulin (drug); regular insulin (drug); ultralente insulin (drug); NPH (drug),"(bedtime insulin, Positive_Correlation, hyperglycemia control); (ultralente insulin, Negative_Correlation, hyperglycemia); (insulin, Association, insulin-dependent diabetes mellitus treatment); (insulin-sulfonylurea combination therapy, Association, noninsulin-dependent diabetes mellitus); (intermediate-acting insulin, Cotreatment, regular insulin); (ultralente insulin, Cotreatment, regular insulin); (insulin, Cotreatment, sulfonylurea); (NPH, Negative_Correlation, hyperglycemia)"
1604625,https://pubmed.ncbi.nlm.nih.gov/1604625/,1992,Duct-enterostomy as a treatment of pancreatic fistula in a bladder-drained pancreas transplant.,Transplantation proceedings,"A case of combined pancreaticoduodeno-renal transplant with good graft function was complicated by recurrent episodes of graft pancreatitis treated by vesical catheter drainage. Four months after transplantation, a fistula from the pancreatic body associated with ascitis was identified. Anastomosis between pancreatic fistula and an individualized jejunal loop was performed. The duodenocystostomy was not disconnected. A splint placed inside the wirsung was exteriorized percutaneously through the jejunal loop and removed 30 days after the operation. Both kidney and pancreas grafts are functioning normally 2 years after transplantation.",,"Adult; Diabetes Mellitus, Type 1; Drainage; Enterostomy; Fistula; Humans; Kidney Transplantation; Male; Pancreas Transplantation; Pancreatic Ducts; Postoperative Complications; Urinary Bladder",Case Reports; Journal Article,pancreaticoduodeno-renal transplantation (biological_process); pancreaticoduodeno-renal transplant (drug); graft pancreatitis (disease); pancreatic fistula (disease); ascitis (disease); graft function (clinical_outcome); vesical catheter drainage (drug); Anastomosis (drug); duodenocystostomy (drug),"(pancreaticoduodeno-renal transplantation, Association, graft pancreatitis); (pancreatic fistula, Positive_Correlation, ascitis); (graft pancreatitis, Positive_Correlation, pancreatic fistula)"
1788205,https://pubmed.ncbi.nlm.nih.gov/1788205/,1991,[Physical working capacity and myocardial perfusion in patients with diabetes mellitus].,Problemy endokrinologii,"A study was made of the interrelationship of myocardial perfusion with physical working capacity in different types of DM (with the duration of disease from 4 to 8 years without clinical signs of circulatory insufficiency). Rated physical exercise testing in 12 patients with insulin dependent diabetes and 27 patients with noninsulin dependent diabetes as well as in 40 healthy subjects has shown a GTT decrease in diabetes mellitus irrespective of patient's age, sex and body mass to be more marked in noninsulin dependent type and to be closely related to disturbed oxygen supply of the heart and a lowered myocardial reserve. Bicycle ergometric testing combined with 201Tl scintigraphy in 20 patients has shown disorder of perfusion in all the patients irrespective of a diabetes type and duration of disease. Insulin dependent diabetes mellitus was characterized by stable perfusion defects resulting from metabolic derangements, and noninsulin dependent diabetes mellitus was characterized by a decrease in the level of a maximum Tl uptake by the myocardium and transient perfusion defects of ischemic type.",,Adult; Diabetes Mellitus; Exercise Test; Female; Glucose Tolerance Test; Heart; Hemodynamics; Humans; Male; Middle Aged; Perfusion; Physical Exertion; Work Capacity Evaluation,English Abstract; Journal Article,insulin-dependent diabetes mellitus (disease); non-insulin-dependent diabetes mellitus (disease); diabetes mellitus (disease); circulatory insufficiency (disease); myocardial perfusion disorder (disease); myocardial perfusion (biological_process); metabolic derangements (disease); metabolic derangements (biological_process); thallium-201 (201Tl) (chemical); 201Tl (drug); myocardial perfusion (biological_process); myocardial reserve (biological_process); cardiac oxygen supply (biological_process); physical working capacity (clinical_outcome); physical working capacity (biological_process); GTT decrease (clinical_outcome); GTT (biological_process); stable perfusion defects (clinical_outcome); stable perfusion defects (disease); transient ischemic perfusion defects (clinical_outcome); transient perfusion defects (disease); maximum myocardial Tl uptake (clinical_outcome); noninsulin dependent diabetes (disease); disturbed oxygen supply of the heart (biological_process); disorder of perfusion (disease); maximum Tl uptake by the myocardium (biological_process),"(insulin-dependent diabetes mellitus, Association, stable perfusion defects); (non-insulin-dependent diabetes mellitus, Positive_Correlation, GTT decrease); (diabetes mellitus, Negative_Correlation, GTT); (metabolic derangements, Positive_Correlation, stable perfusion defects); (diabetes mellitus, Negative_Correlation, physical working capacity); (diabetes mellitus, Positive_Correlation, myocardial perfusion disorder); (diabetes mellitus, Negative_Correlation, myocardial reserve); (diabetes mellitus, Negative_Correlation, cardiac oxygen supply); (non-insulin-dependent diabetes mellitus, Association, transient ischemic perfusion defects); (non-insulin-dependent diabetes mellitus, Negative_Correlation, maximum myocardial Tl uptake); (noninsulin dependent diabetes, Comparison, insulin dependent diabetes); (GTT, Association, disturbed oxygen supply of the heart); (GTT, Association, myocardial reserve); (diabetes mellitus, Association, disorder of perfusion); (noninsulin dependent diabetes, Negative_Correlation, maximum Tl uptake by the myocardium)"
2019226,https://pubmed.ncbi.nlm.nih.gov/2019226/,1991,Exercise habits and exercise relapse in persons with non-insulin-dependent diabetes mellitus.,The Diabetes educator,"Exercise is widely recognized as a crucial component in the management of non-insulin-dependent diabetes mellitus (NIDDM), but little is known about actual exercise practices in this group. This study investigated exercise habits in 60 persons with NIDDM and 60 nondiabetic significant others. Despite the importance of exercise, most of the persons with NIDDM in our study were not exercising regularly, and the percent of persons exercising regularly was no greater in the diabetic group than in the group of significant others. Although those with NIDDM reported more frequent discussion about exercise with health care professionals, only 25% reported receiving specific guidelines for exercise. Diabetic respondents reported a greater number of relapse or dropout episodes than did the nondiabetic significant others, and relapse was associated with increased guilt. Persons with NIDDM appear to receive recommendations to exercise without instruction on exercise maintenance strategies, resulting in more failed attempts to exercise, and increased guilt. Interventions shown to be effective for increasing exercise maintenance need to be incorporated into the diabetic regimen.",,"Diabetes Mellitus, Type 2; Exercise; Female; Health Behavior; Humans; Male; Middle Aged; Patient Education as Topic; Surveys and Questionnaires","Journal Article; Research Support, U.S. Gov't, P.H.S.",non-insulin-dependent diabetes mellitus (NIDDM) (disease); exercise (biological_process); exercise (drug); exercise relapse (biological_process); guilt (clinical_outcome),"(exercise, Association, NIDDM management); (exercise relapse, Positive_Correlation, guilt); (exercise, Association, non-insulin-dependent diabetes mellitus (NIDDM))"
2124448,https://pubmed.ncbi.nlm.nih.gov/2124448/,1990,[Ambulatory blood pressure in hypertension with dysautonomia].,Archives des maladies du coeur et des vaisseaux,"The purpose of the study was to evaluate the interest of ambulatory blood pressure (BP) recording (ABPR) in the management of arterial hypertension (AH) with dysautonomia. The study concerned 8 hypertensive patients (pts), 5 men, 3 females 52 +/- 10 years old, with orthostatic hypotension (OH): BP was 162 +/- 19/87 +/- 16 mmHg and 129 +/- 15/76 +/- 8 mmHg in lying and standing position respectively. In two cases AH was associated with a central degenerative disorder whereas the six other pts had a diabetic dysautonomia: bad metabolic control (HBA1c 14.4 +/- 2.7%), and incipient or over nephropathy (4 pts). ABPR was performed in all pts during 24 hours (space-labs system). In these hypertensive pts with OH, the mean 24 hour-BP was surprisingly normal at 128 +/- 11/76 +/- 6 mmHg. ABPR demonstrated the loss of nocturnal decline in BP: diurnal and nocturnal BP were respectively 125 +/- 13/74 +/- 6 mmHg and 133 +/- 16/78 +/- 10 mmHg (NS). 6 of 8 pts had an increase in BP at night resulting for the population (n = 8) in a nocturnal increase (%) of + 5.6%, this pattern widely differs from controls--13%. The decrease in heart rate during sleep was blunted but significant from 89 +/- 9 b/min to 81 +/- 9 b/min (p 0.01). Diurnal and nocturnal BP variability (V), assessed by variation coefficient were not significantly different: SBP-V was 10.3 +/- 6.4% day and 12.3 +/- 4.2% night, DBP-V 7.5 +/- 6.3% day and 12.5 +/- 3.1% night.(ABSTRACT TRUNCATED AT 250 WORDS)",,"Adult; Ambulatory Care; Autonomic Nervous System Diseases; Blood Pressure; Blood Pressure Monitors; Circadian Rhythm; Diabetes Mellitus, Type 1; Female; Heart Rate; Humans; Hypertension; Hypotension, Orthostatic; Male; Middle Aged",English Abstract; Journal Article,arterial hypertension (disease); dysautonomia (disease); orthostatic hypotension (disease); diabetic dysautonomia (disease); diabetic nephropathy (disease); ambulatory blood pressure recording (biological_process); ambulatory blood pressure (BP) (clinical_outcome); blood pressure (biomarker); haemoglobin A1c (biomarker); heart rate (biomarker); heart rate (clinical_outcome); nocturnal blood pressure decline (biomarker); nocturnal decline in BP (clinical_outcome); central degenerative disorder (disease); HBA1c (biomarker),"(diabetes, Association, diabetic dysautonomia); (diabetic dysautonomia, Association, arterial hypertension); (diabetic dysautonomia, Association, diabetic nephropathy); (diabetic dysautonomia, Negative_Correlation, nocturnal blood pressure decline); (arterial hypertension, Association, orthostatic hypotension); (arterial hypertension (AH), Association, central degenerative disorder); (arterial hypertension (AH), Association, diabetic dysautonomia)"
2203875,https://pubmed.ncbi.nlm.nih.gov/2203875/,1990,The predictive capability of the glycaemic response to spaghetti in non-insulin dependent (NIDDM) and insulin dependent (IDDM) diabetic subjects.,Journal of internal medicine,"To evaluate the predictive capability of the postprandial blood glucose response after consumption of a starch-rich meal, we compared the glycaemic effects of spaghetti (60 g) taken alone and with bolognese sauce (167 g). The study was carried out in both NIDDM (n = 6) and IDDM (n = 6) subjects. The latter had achieved normoglycaemia 120 min prior to the test meal by means of an artificial pancreas (Biostator) which provided constant insulinaemia during the observation period of 4 h. We found that the areas of blood glucose (above basal) were identical irrespective of whether spaghetti was taken alone or as part of a mixed meal in both NIDDM (484 +/- 154 mmol l-1 240 min-1 vs. 393 +/- 126 mmol l-1 240 min-1) and IDDM subjects (610 +/- 143 mmol l-1 240 min-1 vs. 770 +/- 135 mmol l-1 240 min-1). The insulin levels were identical in the IDDM diabetics. By contrast, the mixed meal caused a more marked insulinaemic response than spaghetti per se in the NIDDM subjects (3187 +/- 637 mU l-1 240 min-1 vs. 1940 +/- 235 mU l-1 240 min-1; P less than 0.05). In conclusion, the predictive capability of the glycaemic response to spaghetti was good in both IDDM and NIDDM diabetic subjects, at least under the conditions of the present study.",,"Blood Glucose; Diabetes Mellitus, Type 1; Diabetes Mellitus, Type 2; Dietary Carbohydrates; Female; Glycated Hemoglobin; Humans; Insulin; Male; Predictive Value of Tests","Journal Article; Research Support, Non-U.S. Gov't",non-insulin-dependent diabetes mellitus (NIDDM) (disease); insulin-dependent diabetes mellitus (IDDM) (disease); postprandial blood glucose (biomarker); spaghetti (chemical); mixed meal (chemical); the mixed meal (drug); insulin (protein); insulin levels (biomarker); glycaemic response (biomarker); insulinaemic response (clinical_outcome); insulinaemic response (biomarker); artificial pancreas (Biostator) (drug); normoglycaemia (biomarker); normoglycaemia (clinical_outcome),"(mixed meal, Positive_Correlation, insulinaemic response); (spaghetti, Association, glycaemic response); (NIDDM, Association, glycaemic response); (IDDM, Association, glycaemic response)"
2688138,https://pubmed.ncbi.nlm.nih.gov/2688138/,1989,"[Treatment of unstable diabetes mellitus in children and adolescents using insulin administered by a semi-automated syringe, NovoPen].",Srpski arhiv za celokupno lekarstvo,"An insulin device, NovoPen, incorporating human actrapid insulins was used in a group of 6 poor--controlled diabetic adolescents, aged 15 years (mean 8-18.7) with duration of diabetes 8.2 +/- 4.8 years (mean +/- S.D). The study was carried out in insulin-dependent diabetic young-people, to test the efficacy and acceptance of an intensified insulin therapy (an injection of short-acting insulin before each of the three meals using NovoPen plus an evening injection of human ultratard insulin from a conventional syringe) in the hope of achieving the improved control. All patients completed a 6-months NovoPen-therapy and preferred to continue with the multiple injection regimen in the long term. Metabolic control was improved, the values of haemoglobin A1c decreased from 16.8% to 13.4% (statistically significant) during the study. The use of the NovoPen injection device proved to be a safe and acceptable method of therapy; it offered the patients a marked freedom and liberalization of everyday life.",,"Adolescent; Child; Diabetes Mellitus, Type 1; Female; Humans; Injections, Subcutaneous; Insulin; Male",English Abstract; Journal Article,insulin-dependent diabetes (disease); NovoPen (drug); human actrapid insulin (protein); human actrapid insulins (drug); human ultratard insulin (protein); human ultratard insulin (drug); haemoglobin A1c (biomarker); metabolic control (clinical_outcome); insulin-dependent diabetic (disease); intensified insulin therapy (drug); short-acting insulin (drug),"(intensified insulin therapy, Positive_Correlation, metabolic control); (intensified insulin therapy, Negative_Correlation, haemoglobin A1c); (short-acting insulin, Cotreatment, human ultratard insulin)"
2789462,https://pubmed.ncbi.nlm.nih.gov/2789462/,1989,"Insulin binding substances, autoimmunity and type I diabetes in Kuwaiti patients and their kindred.",Acta diabetologica latina,"Insulin autoantibodies (IAAs) are associated with type I diabetes mellitus (DM) and have been suggested as predictive markers of the disease. Using an ELISA assay, we have studied the prevalence of binding to human insulin in sera from an Arab type I DM population and compared it with the prevalence in the family members (FMs) of the probands, in type II DM patients from the same population, and in Arab control subjects. Significant levels of binding occurred in 11/16 (69%) of type I DM patients and in 21/34 (62%) of their FMs, but in only 5/31 (16%) of type II DM patients and in 1/25 (4%) of control subjects. Within families, there was homogeneity with regard to the level of insulin binding and the mean family levels correlated with those of the proband (r = 0.68, df = 7, p = 0.05). HLA-DR3 or -DR4 antigens occurred in 55/63 (87%) of type I DM patients and in 95/118 (81%) of their FMs. This was significantly higher (p less than 0.001) than in either type II DM patients (39/75, 52%) or in control subjects (34/93, 37%). ICAs were present in significantly more (25/43, 58%) of type I DM patients than their FMs (3/82, 3%) (p less than 0.001). They did not occur in either type II DM patients or in the control group. In conclusion, insulin binding occurred in sera from both type I diabetic patients and their kindred, and hence did not appear to be specifically associated with the development of clinical diabetes.",,"Adolescent; Adult; Age Factors; Autoantibodies; C-Peptide; Diabetes Mellitus, Type 1; Diabetes Mellitus, Type 2; Enzyme-Linked Immunosorbent Assay; Family; Female; HLA-DR Antigens; HLA-DR3 Antigen; HLA-DR4 Antigen; Hemoglobin A; Humans; Insulin Antibodies; Kuwait; Male; Middle Aged","Journal Article; Research Support, Non-U.S. Gov't",insulin autoantibodies (IAAs) (biomarker); type I diabetes mellitus (disease); type II diabetes mellitus (disease); HLA-DR3 (gene); HLA-DR4 (gene); islet cell antibodies (ICAs) (biomarker); human insulin (protein); type II DM (disease); insulin binding (biological_process),"(insulin autoantibodies, Association, type I diabetes mellitus); (HLA-DR3, Positive_Correlation, type I diabetes mellitus); (HLA-DR4, Positive_Correlation, type I diabetes mellitus); (islet cell antibodies, Positive_Correlation, type I diabetes mellitus); (ICAs, Positive_Correlation, type I diabetes mellitus (DM)); (insulin binding, Association, type I diabetes mellitus (DM))"
2947878,https://pubmed.ncbi.nlm.nih.gov/2947878/,1986,"Down's syndrome, hypothyroidism and insulin-dependent diabetes mellitus.",Helvetica paediatrica acta,"We describe a child with Down's syndrome who developed an insulin-dependent diabetes mellitus at the age of 8 years and hypothyroidism at the age of 17 years. Because of the well known tendency to autoimmune diseases of patients with Down's syndrome, an autoantibody screening was undertaken. Only a low titre for gastric parietal cell antibodies was repeatedly found, but a gastric biopsy did not reveal chronic atrophic gastritis. Thyroid function should be checked periodically in patients with Down's syndrome since they might suffer from hypothyroidism which may not be recognized for a long time because of its latent onset.",,"Child; Diabetes Mellitus, Type 1; Down Syndrome; Humans; Hypothyroidism; Male; Thyroxine",Case Reports; Journal Article,Down's syndrome (disease); insulin-dependent diabetes mellitus (disease); hypothyroidism (disease); autoimmune diseases (disease); gastric parietal cell antibodies (biomarker); chronic atrophic gastritis (disease); thyroid function (biomarker),"(Down's syndrome, Positive_Correlation, autoimmune diseases); (Down's syndrome, Positive_Correlation, hypothyroidism); (Down's syndrome, Association, insulin-dependent diabetes mellitus)"
3272815,https://pubmed.ncbi.nlm.nih.gov/3272815/,1988,HLA-DR1 and HLA-DR3 phenotypes and insulin antibody production in diabetic Sicilian patients.,Experimental and clinical immunogenetics,"We have evaluated the role played by HLA antigens in the control of humoral response to exogenous insulin in a sample of Sicilian insulin-dependent diabetes mellitus patients. The results demonstrate that HLA-DR1-positive patients show the highest mean values of insulin antibody, whereas HLA-B18,DR3-positive patients show the lowest. Thus, present observations show that HLA-DR1- and HLA-DR3-linked genes do play opposite roles in the humoral immune response to an exogenous protein, i.e. injected insulin. These results might be consistent with the findings concerning the mechanisms involved in the resistance and/or susceptibility to immunological diseases. In this regard, the fact that no immunological spontaneous disorder has been shown to be associated with HLA-DR1, whereas several have been shown to be associated with HLA-DR3, is intriguing.",,"Adolescent; Adult; Child; Diabetes Mellitus, Type 1; Female; HLA-DR1 Antigen; HLA-DR3 Antigen; Humans; Insulin Antibodies; Male; Phenotype; Sicily",Journal Article,insulin-dependent diabetes mellitus (disease); immunological diseases (disease); HLA-DR1 (gene); HLA-B18 (gene); HLA-DR3 (gene); exogenous insulin (protein); exogenous insulin (drug); insulin antibody (protein); humoral immune response (biological_process); HLA antigens (gene); immunological spontaneous disorder (disease),"(HLA-DR1, Positive_Correlation, insulin antibody); (HLA-DR3, Negative_Correlation, insulin antibody); (HLA-DR1, Association, humoral immune response); (HLA-DR3, Association, humoral immune response); (exogenous insulin, Association, humoral immune response); (HLA-DR3, Positive_Correlation, immunological diseases)"
3669177,https://pubmed.ncbi.nlm.nih.gov/3669177/,1987,Penile necrosis secondary to an indwelling Foley catheter.,The Journal of urology,Penile necrosis is a rare entity but it may be brought about more readily if certain risk factors are present. Such factors are discussed in this paper and the reader is forewarned about this problem.,,"Catheterization; Catheters, Indwelling; Diabetes Mellitus, Type 1; Humans; Kidney Failure, Chronic; Male; Middle Aged; Necrosis; Penis; Risk Factors; Time Factors",Case Reports; Journal Article,Penile necrosis (disease),
3945267,https://pubmed.ncbi.nlm.nih.gov/3945267/,1986,Relation between complications of type I diabetes mellitus and collagen-linked fluorescence.,The New England journal of medicine,"Nonenzymatically glycosylated proteins gradually form fluorescent cross-linked protein adducts--a process termed ""browning."" The rate of this reaction increases with the glucose concentration. Assaying for the presence of browning products in long-lived proteins should therefore provide information on long-term metabolic control. We measured collagen-linked fluorescence typical for nonenzymatic browning in skin-biopsy specimens from 41 subjects with longstanding Type I diabetes and from 25 controls. Fluorescence correlated with age and (weakly) with the duration of diabetes. Mean age-adjusted fluorescence values were twice as high in diabetic subjects as in control subjects (P less than 0.0001) and increased with the severity of retinopathy, nephropathy, and arterial and joint stiffness. The correlation was significant for retinopathy (r = 0.42; P less than 0.01), arterial stiffness (r = 0.41; P less than 0.01), joint stiffness (r = 0.34; P less than 0.05), and the sum of all complications (r = 0.47; P less than 0.01). Fluorescence also correlated with systolic (r = 0.42; P less than 0.01) and diastolic (r = 0.36; P less than 0.05) blood pressures. If one can assume that the fluorescence results from a browning product of glucose, our data suggest that there is an overall correlation between the severity of diabetic complications and cumulative glycemia over many years.",,"Adult; Age Factors; Collagen; Diabetes Mellitus, Type 1; Diabetic Angiopathies; Diabetic Nephropathies; Diabetic Retinopathy; Female; Fluorescence; Glucose; Humans; Joint Diseases; Male; Middle Aged; Skin","Journal Article; Research Support, Non-U.S. Gov't; Research Support, U.S. Gov't, P.H.S.",Type I diabetes (disease); retinopathy (disease); nephropathy (disease); arterial stiffness (disease); joint stiffness (disease); diabetic complications (disease); collagen (protein); collagen-linked fluorescence (biological_process); nonenzymatically glycosylated proteins (protein); cross-linked protein adducts (protein); glucose (chemical); nonenzymatic protein browning (biological_process); collagen-linked fluorescence (biomarker); long-term metabolic control (clinical_outcome); duration of diabetes (clinical_outcome); systolic blood pressure (clinical_outcome); systolic blood pressure (biological_process); diastolic blood pressure (clinical_outcome); diastolic blood pressure (biological_process),"(nonenzymatically glycosylated proteins, Conversion, cross-linked protein adducts); (Type I diabetes, Positive_Correlation, collagen-linked fluorescence); (collagen-linked fluorescence, Positive_Correlation, retinopathy); (collagen-linked fluorescence, Positive_Correlation, nephropathy); (collagen-linked fluorescence, Positive_Correlation, arterial stiffness); (collagen-linked fluorescence, Positive_Correlation, joint stiffness); (collagen-linked fluorescence, Positive_Correlation, diabetic complications); (collagen-linked fluorescence, Positive_Correlation, systolic blood pressure); (collagen-linked fluorescence, Positive_Correlation, diastolic blood pressure); (glucose, Positive_Correlation, nonenzymatic protein browning); (collagen-linked fluorescence, Association, long-term metabolic control); (collagen-linked fluorescence, Positive_Correlation, duration of diabetes); (collagen-linked fluorescence, Association, browning)"
4060795,https://pubmed.ncbi.nlm.nih.gov/4060795/,1985,[Circadian behavior of hemostaseologic parameters in diabetic patients and metabolically healthy individuals].,Zeitschrift fur die gesamte innere Medizin und ihre Grenzgebiete,"In three groups of test persons [10 persons each with healthy metabolism under fasting (A) and intake of food (B); 10 insulin-dependent diabetics (C)] the determinations of the thromboplastin time, the partial thromboplastin time, the bleeding time, the spontaneous fibrinolytic activity, the number of thrombocytes and the aggregation of platelets were carried out on the day (A) and round the clock (B abd C), respectively. The values of the fasting persons with healthy metabolism distributed themselves on the day constantly in the area of width of errors. Under food intake persons with healthy metabolism showed circadian variations of the several tests. In diabetics the parameters of haemostasis revealed in the course of day a clear increase of the unstable behaviour compared with the control group B. There were no relations to the actual blood sugar value. In a tendency to more coagulation-active values in the late afternoon interindividually a general biorhythmical behaviour pattern could not be recognized. The proved increased circadian labilisation of the haemostasis potential in diabetics deserves more attention with regard to the connection between thrombophilia and atherogenesis.",,"Adolescent; Adult; Aged; Blood Coagulation Tests; Circadian Rhythm; Diabetes Mellitus, Type 1; Female; Fibrinogen; Humans; Male; Middle Aged",English Abstract; Journal Article,insulin-dependent diabetes (disease); thromboplastin time (biomarker); thromboplastin time (clinical_outcome); partial thromboplastin time (biomarker); partial thromboplastin time (clinical_outcome); bleeding time (biomarker); bleeding time (clinical_outcome); spontaneous fibrinolytic activity (biomarker); spontaneous fibrinolytic activity (biological_process); thrombocytes (cell_type); number of thrombocytes (clinical_outcome); platelet aggregation (biological_process); haemostasis (biological_process); blood sugar (biomarker); thrombophilia (disease); atherogenesis (biological_process); aggregation of platelets (biological_process); intake of food (biomarker); fasting (biomarker),"(thrombophilia, Association, atherogenesis); (insulin-dependent diabetes, Positive_Correlation, haemostasis labilisation)"
4143592,https://pubmed.ncbi.nlm.nih.gov/4143592/,1971,Abnormal insulin response in patients with small-vessel disease.,"Lancet (London, England)","The insulin response to a glucose load has been investigated in twenty-five patients with small-vessel disease (ischaemic lesions of toes or feet in the presence of foot pulses). The clinical presentation was similar to that of juvenile diabetic microangiopathy, but in small-vessel disease there was no glucose intolerance. Unexpectedly in the patients with small-vessel disease there was no striking insulin secretion response to the stimulus of a glucose load. Controls increased their circulating insulin levels on average sixfold over fasting levels after 50 g. oral glucose: all the small-vessel-disease patients had increases of less than three times their fasting levels, and nine of them had completely flat curves throughout the test. Tolbutamide also did not stimulate insulin secretion. The refractory state of these patients' responses to the normal stimulus of insulin output has similarities to the picture in juvenile diabetes mellitus and may be important in the aetiology of the small-vessel lesions.",,"Diabetic Angiopathies; Diagnosis, Differential; Female; Foot; Glucose Tolerance Test; Humans; Insulin; Insulin Secretion; Ischemia; Male; Middle Aged; Time Factors; Toes; Tolbutamide","Journal Article; Research Support, Non-U.S. Gov't",small-vessel disease (disease); juvenile diabetic microangiopathy (disease); glucose (chemical); insulin (protein); insulin secretion (biological_process); glucose intolerance (clinical_outcome); glucose intolerance (disease); Tolbutamide (drug); juvenile diabetes mellitus (disease); small-vessel lesions (disease); circulating insulin levels (biomarker); insulin output (biological_process),"(glucose, Positive_Correlation, insulin secretion); (small-vessel disease, Negative_Correlation, insulin secretion); (Tolbutamide, Negative_Correlation, insulin secretion); (small-vessel disease, Association, juvenile diabetes mellitus); (glucose, Positive_Correlation, circulating insulin levels); (small-vessel disease, Negative_Correlation, circulating insulin levels)"
4282831,https://pubmed.ncbi.nlm.nih.gov/4282831/,1974,Comparative study of growth in asthmatic children and other children with chronic disease to a control group.,Allergie und Immunologie,"This study analysed the pathological factors significant for causing retardation of growth in different kinds of chronic diseases: asthma and other pulmonary chronic illness, rheumatic disease, diffuse collagen diseases, congenital heart disease and diabetes mellitus. All children were divided in two categories: the several and the mild cases depending on the degree of impairement of the main illness. All children have been analysed clinically, biochemically, immunologically, hormonally, and functionally; they were tested antropometrically, skeletal maturit stated, by means of special perforated cards for every illness with 49 dates and all data registered in specific ""pass-port"" for each child. We have a special organization for the chronic patients to assure regular control and to prevent complications. In each case professional orientation is carried out.",,"Anthropometry; Asthma; Bronchiectasis; Child; Chronic Disease; Collagen Diseases; Diabetes Mellitus, Type 1; Growth Disorders; Heart Defects, Congenital; Humans; Punched-Card Systems; Respiratory Function Tests; Rheumatic Fever",Comparative Study; Journal Article,asthma (disease); pulmonary chronic illness (disease); rheumatic disease (disease); diffuse collagen diseases (disease); congenital heart disease (disease); diabetes mellitus (disease); retardation of growth (clinical_outcome); complications (clinical_outcome); rheumatic disease (disease),"(diabetes mellitus, Association, retardation of growth); (diabetes mellitus, Association, complications); (chronic diseases, Association, retardation of growth)"
4371445,https://pubmed.ncbi.nlm.nih.gov/4371445/,1974,"An ""outbreak"" of juvenile diabetes mellitus: consideration of a viral etiology.",American journal of epidemiology,"Huff. J. C., J. C. Hierholzer (Respiratory Virology Section, Center for Disease Control. Atlanta, Ga. 30333) and W. A. Farris. An “outbreak” of juvenile diabetes mellitus: consideration of a viral etiology. Am J Epidemiol 100:277–287. 1974.—Nine of twelve cases of juvenile diabetes mellitus, representing an unusual geographic and temporal cluster, were investigated for evidence that a specific viral infection might be etiologically related to their occurrence. Eight diabetics had experienced recent “viral-like” illnesses, predominantly repiratory, but these illnesses bore no uniform temporal relation to their onsets of diabetes. Diabetics demonstrated no serologic evidence of a recent viral illness common to all. Elevated titers to only one virus, coxsackie B-3, were more prevalent in diabetics than in controls (33% vs. 6%), but geometric mean titers of diabetics to a panel of 26 common viral antigens were similar to those of controls. These data neither support nor negate the hypothesis that infection with a specific virus precipitates juvenile diabetes mellitus.",,"Adolescent; Antibodies, Viral; Child; Child, Preschool; Complement Fixation Tests; Coronaviridae; Cytomegalovirus; Diabetes Mellitus, Type 1; Disease Outbreaks; Enterovirus; Female; Florida; Hemagglutination Inhibition Tests; Humans; Male; Neutralization Tests; Orthomyxoviridae; Pharynx; Rectum; Respiratory Tract Infections; Virus Diseases; Viruses",Journal Article,juvenile diabetes mellitus (disease); viral-like illnesses (disease); coxsackie B-3 (biomarker); coxsackie B-3 (disease); viral antigens (biomarker); viral infection (disease),"(juvenile diabetes mellitus, Positive_Correlation, coxsackie B-3); (coxsackie B-3, Positive_Correlation, juvenile diabetes mellitus)"
4729184,https://pubmed.ncbi.nlm.nih.gov/4729184/,1973,Monozygous twins with hypothyroidism and diabetes mellitus.,Postgraduate medical journal,"Monozygous twins with diabetes mellitus and autoimmune hypothyroidism are described. The onset of the hypothyroidism was simultaneous, but one twin had had insulin-dependent diabetes mellitus for 9 years while the other twin developed insulin-independent diabetes concurrently with the hypothyroidism. Two other siblings had diabetes mellitus and one of them had a goitre, possibly lymphadenoid. The aetiology of autoimmune hypothyroidism is discussed, and evidence is presented which supports suggestions that diabetes mellitus may be an autoimmune disease.",,Autoimmune Diseases; Diabetes Mellitus; Diseases in Twins; Female; Humans; Hypothyroidism; Middle Aged,Journal Article,diabetes mellitus (disease); autoimmune hypothyroidism (disease); insulin-dependent diabetes mellitus (disease); insulin-independent diabetes mellitus (disease); goitre (disease); autoimmune disease (disease); hypothyroidism (disease),"(insulin-dependent diabetes mellitus, Association, autoimmune hypothyroidism); (diabetes mellitus, Association, autoimmune hypothyroidism); (diabetes mellitus, Association, autoimmune disease); (insulin-independent diabetes mellitus, Association, autoimmune hypothyroidism)"
5083884,https://pubmed.ncbi.nlm.nih.gov/5083884/,1972,Glomerular filtration rate and renal plasma flow in long-term juvenile diabetics without proteinuria.,British medical journal,"Glomerular filtration rate and renal plasma flow were examined in 16 young male non-proteinuric diabetics (mean age 28.4 years) with a duration of diabetes of over 15 years (mean duration 21.5 years.) In this selected group of long-term diabetics the glomerular filtration rate was clearly increased, the mean being 136 ml/min (+/-S.D. 11.8) (normal value 114 ml/min (+/-14.1), being comparable to that found earlier in short-term diabetics. There was no change in renal plasma flow. It is concluded that kidney function is generally well preserved in long-term diabetics who have not developed proteinuria.",,"Adult; Blood Glucose; Chronic Disease; Diabetes Mellitus, Type 1; Glomerular Filtration Rate; Humans; Iodine Radioisotopes; Iodohippuric Acid; Iothalamic Acid; Kidney; Male; Proteinuria; Regional Blood Flow",Journal Article,glomerular filtration rate (biomarker); glomerular filtration rate (clinical_outcome); renal plasma flow (biomarker); renal plasma flow (clinical_outcome); diabetes mellitus (disease); proteinuria (biomarker); proteinuria (clinical_outcome); kidney function (clinical_outcome); long-term diabetics (disease),"(diabetes mellitus, Positive_Correlation, glomerular filtration rate); (proteinuria, Negative_Correlation, kidney function); (long-term diabetics, Positive_Correlation, glomerular filtration rate)"
5355346,https://pubmed.ncbi.nlm.nih.gov/5355346/,1969,Metabolic clearance and production rates of human growth hormone.,The Journal of clinical investigation,"The metabolic clearance rate (MCR) of human growth hormone (HGH) was determined by the constant infusion to equilibrium technique utilizing HGH-(125)I. 22 control subjects had a MCR of 229 +/-52 ml/min (mean +/-SD). No difference was evident between sexes, or between various age groups. Patients with acromegaly demonstrated normal MCR's. Moreover, acute elevations of plasma growth hormone concentrations in normal subjects did not alter the MCR of HGH. The MCR was relatively constant from day to day and within the day when subjects were evaluated in the supine position. In contrast, the assumption of the upright position was associated with a mean 24% decrease in the MCR. These results were contrasted with the MCR of HGH observed in a small number of patients with altered thyroid function or diabetes mellitus. In six patients with hypothyroidism the MCR (131 +/-36 ml/min) was significantly decreased (P < 0.001); whereas the MCR in eight patients with hyperthyroidism (240 +/-57 ml/min) did not differ from control subjects. The MCR in eight patients with insulin-independent diabetes mellitus (IID) (185 +/-41 ml/min) and in eight patients with insulin-dependent diabetes mellitus (IDD) (136 +/-31 ml/min) were significantly different from control subjects (P = < 0.05 and P = < 0.001, respectively). These data were interpreted to indicate that the plasma HGH-removing mechanism(s) is not saturated at physiologic plasma HGH levels, that plasma HGH levels alone may not permit distinction between variations in pituitary release of the hormone and its rate of clearance from the plasma, and that the estimation of the MCR of HGH may help clarify the mechanism of abnormal plasma HGH responses to various stimuli. Production rates of HGH (PR) in control subjects (347 +/-173 mmug/min) were contrasted with hyperthyroid patients (529 +/-242 mmug/min, P < 0.05), hypothyroid patients (160 +/-69 mmug/min, P < 0.02), IID (245 +/-100 mmug/min, NS), and IDD (363 +/-153 mmug/min, NS). Considerable variability in the determination of the concentrations of immunoprecipitable HGH-(125)I and endogenous plasma HGH concentrations was encountered at apparent equilibrium conditions. Since both factors are necessary for the PR calculations, the wide 95% confidence limits of the PR's did not permit a clear interpretation of the significance of these observations.",,Acromegaly; Adult; Aged; Diabetes Mellitus; Female; Growth Hormone; Humans; Hyperthyroidism; Hypothyroidism; Immunoassay; Iodine Isotopes; Male; Metabolic Clearance Rate; Middle Aged; Pituitary Gland,Journal Article,human growth hormone (HGH) (protein); HGH-(125)I (chemical); acromegaly (disease); hypothyroidism (disease); hyperthyroidism (disease); insulin-independent diabetes mellitus (IID) (disease); insulin-dependent diabetes mellitus (IDD) (disease); metabolic clearance rate of HGH (biomarker); metabolic clearance rate (MCR) (biological_process); production rate of HGH (biomarker); Production rates of HGH (PR) (biological_process); plasma growth hormone concentrations (biomarker); diabetes mellitus (disease),"(hypothyroidism, Negative_Correlation, metabolic clearance rate of HGH); (insulin-independent diabetes mellitus (IID), Negative_Correlation, metabolic clearance rate of HGH); (insulin-dependent diabetes mellitus (IDD), Negative_Correlation, metabolic clearance rate of HGH); (hypothyroidism, Negative_Correlation, production rate of HGH); (hyperthyroidism, Positive_Correlation, production rate of HGH)"
5431658,https://pubmed.ncbi.nlm.nih.gov/5431658/,1970,Abnormal serum growth hormone response to exercise in juvenile diabetics.,The Journal of clinical investigation,"Groups of male nonobese juvenile diabetics with recent onset, short term (1-8 yr), and long-term (12-30 yr) diabetes as well as comparable nondiabetic controls were studied during exercise experiments. The chosen exercise load, 450 kg/min for 20 min never induced changes in serum growth hormone in our nondiabetic control subjects. THE PRINCIPAL RESULTS OF THE STUDY WERE AS FOLLOWS: (a) an immediate high rise in serum growth hormone followed the commencement of exercise in all diabetics. The increase and pattern of serum growth hormone was not related to the duration of the diabetes. (b) The abnormal growth hormone response to exercise in diabetics was observed when the patients were in poor control as well as when they were in clinically excellent control (fasting blood glucose level between 100 and 140 mg/100 ml). (c) However, the abnormal serum growth hormone response was significantly diminished when exceedingly strict control was achieved (fasting blood glucose level between 60 and 100 mg/100 ml). In two of these experiments an entirely normal growth hormone pattern was obtained. (d) The change in serum growth hormone pattern during regulation was totally unrelated to the changes in serum free fatty acid patterns. A normal free fatty acid level and exercise pattern was obtained much earlier during the improved control. (e) Fasting serum growth hormone levels were also significantly raised in the juvenile diabetics irrespective of the diabetes duration. (f) Fasting serum growth hormone levels were also significantly decreased during regulation. Furthermore, a significant correlation between blood glucose and fasting serum growth hormone concentration was established. (g) In the juvenile diabetics a significant increase in serum insulin was observed at the point of time when exercise was concluded.",,"Adolescent; Adult; Blood Glucose; Body Height; Body Weight; Diabetes Mellitus, Type 1; Fatty Acids, Nonesterified; Glucose Tolerance Test; Growth Hormone; Humans; Insulin; Lactates; Male; Oxygen Consumption; Physical Exertion; Radioimmunoassay; Vascular Diseases",Journal Article,juvenile diabetes (disease); serum growth hormone (protein); serum growth hormone (biomarker); fasting blood glucose (biomarker); serum free fatty acid (biomarker); serum insulin (protein); serum insulin (biomarker); diabetes (disease); fasting serum growth hormone (biomarker); fasting blood glucose level (biomarker); exercise (biological_process),"(juvenile diabetes, Positive_Correlation, serum growth hormone); (fasting blood glucose, Positive_Correlation, serum growth hormone); (juvenile diabetics, Positive_Correlation, fasting serum growth hormone); (exercise, Positive_Correlation, serum growth hormone); (exercise, Positive_Correlation, serum insulin); (fasting blood glucose level, Positive_Correlation, serum growth hormone)"
5811682,https://pubmed.ncbi.nlm.nih.gov/5811682/,1969,Seasonal incidence of diabetes mellitus.,British medical journal,"A seasonal incidence in the onset of insulin-dependent diabetes in patients under 30 years of age has been suggested from the analysis of data derived from the clinic registers of two diabetic clinics. The increased incidence occurred in summer, autumn, and winter, with a peak in the autumn. A significant variation in annual totals of new cases of diabetes seen could not be demonstrated or excluded, but the pattern of the variation present showed significant positive correlation with the annual prevalence data for Coxsackie virus type B4, but not for other types of virus infection.",,"Adolescent; Adult; Age Factors; Aged; Analysis of Variance; Child; Child, Preschool; Coxsackievirus Infections; Diabetes Mellitus; Diabetes Mellitus, Type 1; Humans; Infant; Infant, Newborn; Insulin; London; Middle Aged; Seasons",Journal Article,insulin-dependent diabetes (disease); Coxsackie virus type B4 (biomarker); Coxsackie virus type B4 (disease); diabetes (disease); virus infection (disease),"(insulin-dependent diabetes incidence, Positive_Correlation, Coxsackie virus type B4); (Coxsackie virus type B4, Positive_Correlation, insulin-dependent diabetes)"
6205922,https://pubmed.ncbi.nlm.nih.gov/6205922/,1984,Plasma beta-thromboglobulin response to insulin-induced hypoglycemia in type I diabetic patients.,Diabetes,"The effect of an insulin-induced hypoglycemia was examined in 14 type I diabetic patients. After an overnight blood glucose normalization, each patient received an additional intravenous bolus of 3 U regular insulin at 0900 h (time 0). Blood glucose was continuously recorded up to 180 min. Plasma samples were assayed for beta-thromboglobulin (beta TG, ng/ml), pancreatic glucagon (pg/ml), cortisol (microgram/dl), and growth hormone (ng/ml) 30 min before the insulin stress, at time 0, at blood glucose nadir, and at 180 min. The blood glucose fell from a baseline level of 85.0 +/- 3.2 mg/dl to a nadir value of 39.2 +/- 1.9 mg/dl (P less than 0.001) reached at an average time of 41.4 +/- 4.9 min. Plasma beta TG increased significantly (P less than 0.05) during the insulin stress: 93.4 +/- 23.7 ng/ml at nadir versus 42.5 +/- 5.9 at time 0. Plasma cortisol and growth hormone were significantly increased (P less than 0.02 and P less than 0.01) at nadir compared with time 0 values. Plasma pancreatic glucagon was higher at nadir than at time 0, but the difference was not significant. The present results indicate that in vivo platelet activation can be triggered by hypoglycemic episodes in insulin-treated diabetic patients.",,"Adolescent; Adult; Beta-Globulins; Blood Glucose; Diabetes Mellitus, Type 1; Glucagon; Growth Hormone; Humans; Hydrocortisone; Hypoglycemia; Insulin; Middle Aged; beta-Thromboglobulin",Journal Article,type I diabetes (disease); insulin (protein); regular insulin (drug); hypoglycemia (disease); blood glucose (biomarker); beta-thromboglobulin (biomarker); pancreatic glucagon (protein); cortisol (protein); growth hormone (protein); platelet activation (biological_process); insulin (drug),"(hypoglycemia, Positive_Correlation, beta-thromboglobulin); (hypoglycemia, Positive_Correlation, cortisol); (hypoglycemia, Positive_Correlation, growth hormone); (hypoglycemia, Positive_Correlation, platelet activation); (insulin, Positive_Correlation, hypoglycemia); (insulin, Negative_Correlation, Blood glucose); (insulin, Positive_Correlation, beta-thromboglobulin); (platelet activation, Association, insulin)"
6308982,https://pubmed.ncbi.nlm.nih.gov/6308982/,1982,Serum metformin levels in Nigerians with non-insulin-dependent diabetes mellitus.,African journal of medicine and medical sciences,'Steady state' serum concentrations of metformin have been measured in sixteen Nigerians with non-insulin-dependent diabetes mellitus. There was a thirty-eight-fold variation in the serum levels (50-1886 ng/ml). The mean serum level of metformin was 512 +/- 485.2 ng/ml. This compared favourably with the mean levels (382.3 +/- 76.9 ng/ml) obtained in a similar study in Italians. The observed levels however fell far short of those expected in patients on 1-5 g metformin daily. The role of poor bioavailability vis-à-vis poor patient compliance deserves further detailed pharmacokinetic study.,,Adult; Aged; Diabetes Mellitus; Female; Humans; Male; Metformin; Middle Aged; Nigeria,Journal Article,non-insulin-dependent diabetes mellitus (disease); metformin (drug); serum concentrations of metformin (biomarker),"(metformin, Association, non-insulin-dependent diabetes mellitus)"
6357915,https://pubmed.ncbi.nlm.nih.gov/6357915/,1983,Glucose utilization in Type 1 (insulin-dependent) diabetes: Evidence for a defect not reversible by acute elevations of insulin.,Diabetologia,"It has long been assumed that replacement of insulin in insulin-deficient diabetic patients will normalise glucose utilization. In this study, glucose utilization was measured in nine long-standing, poorly controlled diabetic patients and five control subjects, matched for age (33 +/- 3 versus 33 +/- 2 years) and ponderal index (22.9 +/- 1.3 versus 21.7 +/- 1.0). Glucose uptake was measured during steady state insulinaemia in the diabetic patients and control subjects, at euglycaemia (5.5 +/- 0.5 versus 5.4 +/- 0.3 mmol/l, respectively) and moderate hyperglycaemia (11.8 +/- 0.9 versus 10.2 +/- 0.7 mmol/l, respectively). At euglycaemia with similar free insulin levels (50 +/- 19 versus 43 +/- 9 mU/l; p greater than 0.6), the diabetic patients utilized less glucose than the control subjects (27.8 +/- 4.2 versus 56.4 +/- 5.7 mumol.kg-1.min-1;.p less than 0.005). During hyperglycaemia, the diabetic patients utilized almost as much glucose as the control subjects did at euglycaemia (49.9 +/- 6.4 versus 56.4 +/- 5.7 mumol.kg-1.min-1, respectively). In the control subjects, a 1-mmol/l rise in glucose concentration (with insulin remaining constant) resulted in a 12.3 +/- 1.3 mumol.kg-1.min-1 rise in glucose utilization. In contrast, in the diabetic patients, a 1-mmol/l rise in blood glucose resulted in a rise in glucose utilization of only 3.8 +/- 0.8 mumol.kg-1.min-1 (p less than 0.001), in the presence of similar concentrations of plasma insulin. This defect of glucose utilization in Type1 diabetic patients could not be reversed by acutely raising insulin to 247 +/- 23 mU/l.(ABSTRACT TRUNCATED AT 250 WORDS)",,"Adult; Blood Glucose; C-Peptide; Diabetes Mellitus, Type 1; Female; Glucose; Humans; Insulin; Insulin Resistance; Male; Middle Aged","Journal Article; Research Support, Non-U.S. Gov't",insulin (protein); insulin (drug); glucose (chemical); glucose utilization (biological_process); glucose uptake (biological_process); Type 1 diabetes (disease); euglycaemia (biomarker); euglycaemia (clinical_outcome); hyperglycaemia (biomarker); hyperglycaemia (clinical_outcome); free insulin levels (biomarker); plasma insulin (biomarker); blood glucose (biomarker),"(Type 1 diabetes, Negative_Correlation, glucose utilization); (glucose, Positive_Correlation, glucose utilization)"
6634559,https://pubmed.ncbi.nlm.nih.gov/6634559/,1983,Unrecognised nocturnal hypoglycaemia masquerading as senile dementia.,Postgraduate medical journal,A 70-year-old woman with insulin dependent diabetes mellitus presented with symptoms suggestive of senile dementia. Outpatient assessment failed to reveal poor diabetic control with frequent nocturnal hypoglycaemia. Eventual appreciation of the poor control resulted in several failed attempts at improving therapy with various subcutaneous insulin regimes. Intramuscular and intravenous routes produced acceptable blood glucose levels with striking reversal of the patient's symptoms. The possible causes of nocturnal hypoglycaemia in this patient are discussed.,,"Dementia; Diagnosis, Differential; Female; Humans; Hypoglycemia; Middle Aged",Case Reports; Journal Article,insulin-dependent diabetes (disease); thromboplastin time (biomarker); partial thromboplastin time (biomarker); bleeding time (biomarker); spontaneous fibrinolytic activity (biomarker); thrombocytes (cell_type); platelet aggregation (biological_process); haemostasis (biological_process); blood sugar (biomarker); thrombophilia (disease); atherogenesis (biological_process); senile dementia (disease); nocturnal hypoglycaemia (disease); subcutaneous insulin (drug); blood glucose (biomarker); Intramuscular (drug); intravenous routes produced (drug),"(insulin-dependent diabetes, Positive_Correlation, haemostasis labilisation); (thrombophilia, Association, atherogenesis); (insulin dependent diabetes mellitus, Association, nocturnal hypoglycaemia); (nocturnal hypoglycaemia, Association, senile dementia); (Intramuscular, Cotreatment, intravenous routes produced)"
6751735,https://pubmed.ncbi.nlm.nih.gov/6751735/,1981,A prospective study of symptomatic hypoglycemia in young diabetic patients.,Diabetes care,"The frequency of symptomatic hypoglycemia was determined prospectively over an 18-mo period in 147 children and adolescents with diabetes mellitus. All patients were treated with two daily injections of insulin. The data were analyzed to determine the relationship between episodes of symptomatic hypoglycemia and blood glucose control as assessed by hemoglobin A1c measurements. There were 542 patient visits during the study period. During each clinic visit, patients were separated into one of four hypoglycemic categories based on the medical history since the preceding visit. These categories were: no reactions, mild to occasional reactions, mild to frequent reactions, and severe reactions. Reactions were considered severe if they were characterized by altered central nervous system function or prolonged sympathetic nervous system symptoms. Forty-seven percent of the patients reported at least one reaction during the 18-mo study period, but only 4% (i.e., 6 out of 147 patients) reported severe reactions. The mean hemoglobin A1c level was significantly lower in patients who reported reactions than in patients who did not report reactions [hemoglobin A1c values (x +/- SEM) = 7.78 +/- 0.1% vs. 9.48 +/- 0.1%, respectively; P less than 0.001]. The severity of hypoglycemia was inversely related to the degree of altered blood glucose control; episodes of frequent or severe symptomatic hypoglycemia occurred almost exclusively in patients with well-controlled diabetes as reflected in their near-normal hemoglobin A1c levels. There were no significant differences in mean insulin dose/kg, age, or duration of diabetes comparing patients in the four hypoglycemic categories. The results indicate that the hemoglobin A1c level can be a useful clinical guide to identify patients who are most likely to develop serious symptomatic hypoglycemia.",,"Adolescent; Child; Diabetes Mellitus, Type 1; Female; Glycated Hemoglobin; Humans; Hypoglycemia; Insulin; Male; Prospective Studies","Journal Article; Research Support, U.S. Gov't, P.H.S.",diabetes mellitus (disease); symptomatic hypoglycemia (disease); severe symptomatic hypoglycemia (disease); insulin (protein); insulin (drug); blood glucose (biomarker); blood glucose control (clinical_outcome); hemoglobin A1c (biomarker); insulin dose (clinical_outcome); duration of diabetes (clinical_outcome),"(hemoglobin A1c, Negative_Correlation, symptomatic hypoglycemia); (hemoglobin A1c, Negative_Correlation, severe symptomatic hypoglycemia); (diabetes mellitus, Association, symptomatic hypoglycemia); (hemoglobin A1c, Association, blood glucose control); (blood glucose control, Positive_Correlation, symptomatic hypoglycemia)"
7033091,https://pubmed.ncbi.nlm.nih.gov/7033091/,1981,Calcium-antagonistic effects on glucose response to glucagon in patients with non insulin-dependent diabetes mellitus and in normoglycemic subjects.,Hormone and metabolic research = Hormon- und Stoffwechselforschung = Hormones et metabolisme,"The current study was performed in order to investigate whether verapamil would affect the glucose response to glucagon differently in patients with non insulin-dependent diabetes mellitus (NIDDM) compared with age-matched normoglycemic controls. For that purpose glucagon was injected intravenously on a background infusion of verapamil, and for comparison also on a background infusion of saline in these two groups. Verapamil was found to blunt the glucose response to glucagon in the patients with NIDDM, whereas it augmented the glucose response to glucagon in the controls. This discrepancy could not be explained on the basis of verapamil-induced changes in the release of insulin, since verapamil did not effect the serum responses to glucagon. However, it could reflect the differences in hepatic handling of glucose, which has been shown to prevail in patients with NIDDM compared with healthy controls.",,Aged; Blood Glucose; Calcium; Diabetes Mellitus; Female; Glucagon; Humans; Insulin; Kinetics; Male; Verapamil,Journal Article,non insulin-dependent diabetes mellitus (NIDDM) (disease); verapamil (drug); glucagon (drug); saline (drug); insulin (protein); glucose (chemical); the glucose response in the patients with NIDDM (biological_process); hepatic glucose handling (biological_process); insulin release (biological_process); glucose response to glucagon (clinical_outcome); the glucose response in the controls (biological_process); serum insulin response to glucagon (clinical_outcome),"(verapamil, Negative_Correlation, glucose response to glucagon); (verapamil, Positive_Correlation, the glucose response in the controls); (glucagon, Positive_Correlation, glucose response to glucagon); (verapamil, Positive_Correlation, glucose response to glucagon); (glucagon, Positive_Correlation, insulin release); (non insulin-dependent diabetes mellitus, Association, hepatic glucose handling); (glucagon, Cotreatment, verapamil); (glucagon, Cotreatment, saline); (verapamil, Comparison, saline); (verapamil, Negative_Correlation, the glucose response in the patients with NIDDM); (glucagon, Association, the glucose response in the patients with NIDDM)"
7091092,https://pubmed.ncbi.nlm.nih.gov/7091092/,1982,Transient neonatal diabetes mellitus in half sisters. A sequel.,American journal of diseases of children (1960),"This is a sequel to a previous report of two half sisters with transient neonatal diabetes mellitus. In 1970, the same syndrome developed in a third half sibling, a boy, born of the same father by his third wife. It followed essentially the same neonatal clinical course as that of his two half sisters. The firstborn sibling, aged 19 years, is reported to be free of signs and symptoms of diabetes; the third born was clinically well with no glycosuria at 9 years 3 months of age, and was reported to be in good health at 11 years of age. In 1978, at age 15 years diabetic ketoacidosis and coma developed in the second-born sister and she has had insulin-dependent diabetes since that time. These cases present a unique genetic pattern and, to our knowledge, there have been no reports of cases of transient neonatal diabetes becoming full-blown type I insulin-dependent diabetes mellitus later in life.",,"Adolescent; Diabetes Mellitus; Female; Humans; Infant, Newborn; Infant, Newborn, Diseases; Male",Case Reports; Journal Article,transient neonatal diabetes mellitus (disease); diabetic ketoacidosis (disease); type I insulin-dependent diabetes mellitus (disease); diabetic coma (disease); insulin (protein); insulin-dependent diabetes (disease); glycosuria (biomarker); glycosuria (disease); type I insulin-dependent diabetes mellitus (disease),"(transient neonatal diabetes mellitus, Conversion, type I insulin-dependent diabetes mellitus); (diabetic ketoacidosis, Positive_Correlation, diabetic coma); (type I insulin-dependent diabetes mellitus, Association, insulin)"
7418963,https://pubmed.ncbi.nlm.nih.gov/7418963/,1980,HLA and insulin-dependent diabetes in South African negroes.,Diabetologia,"The HLA antigens of 57 South African negroes with juvenile-onset, insulin-dependent diabetes were determined. The frequency of B8 was increased (29.8% VS 13.9%) as was the frequency of B14 (17.5% vs 6.1%). The frequency of patients with either one of these cross-reactive antigens was significantly increased after correction for the number of antigens tested (45.6% VS 19.2%, P (corrected) < 0.005).",,"Adult; Black People; Cross Reactions; Diabetes Mellitus, Type 1; HLA Antigens; Humans; South Africa","Journal Article; Research Support, Non-U.S. Gov't",juvenile-onset insulin-dependent diabetes (disease); HLA B8 (gene); HLA B14 (gene); HLA antigens (gene),"(HLA B8, Positive_Correlation, juvenile-onset insulin-dependent diabetes); (HLA B14, Positive_Correlation, juvenile-onset insulin-dependent diabetes); (HLA antigens, Association, insulin-dependent diabetes)"
7566857,https://pubmed.ncbi.nlm.nih.gov/7566857/,1995,Use of the TDx-FLM assay in evaluating fetal lung maturity in an insulin-dependent diabetic population. The Diabetes and Fetal Maturity Study Group.,Obstetrics and gynecology,"OBJECTIVE: To assess the usefulness of the recently introduced TDx-FLM assay in managing pregnant women with diabetes. METHODS: Participating institutions were recruited from the 1993 and 1994 Society of Perinatal Obstetricians Diabetes Special Interest Group meetings. Study patients consisted of insulin-dependent diabetic women who had undergone transabdominal amniocentesis with assay of the fluid by the TDx-FLM method. Pertinent data were requested concerning pregnancy and respiratory outcomes of the corresponding neonates. RESULTS: Data from 261 pregnancies at 13 institutions were collected. Eight of the 182 infants born within 4 days of amniocentesis developed respiratory distress syndrome (RDS); five of the eight infants with RDS required intubation, and all five had TDx-FLM values less than 70 mg of surfactant per gram of albumin. Three of the eight infants with RDS required hood oxygen only; two of these infants had TDx-FLM values at least 70 mg/g. Thirteen of 144 (9%) subjects who delivered within 4 days of amniocentesis and for whom a TDx-FLM assay and phosphatidylglycerol level were both reported had a TDx-FLM level of at least 70 mg/g and a negative phosphatidylglycerol result. No infant with this combination of results developed RDS. Fifteen of the 40 patients who delivered more than 4 days after amniocentesis, with both tests available, had TDx-FLM values at least 70 mg/g and were phosphatidylglycerol negative. CONCLUSION: In infants of diabetic mothers, TDx-FLM values at least 70 mg/g were not associated with RDS requiring intubation. The TDx-FLM assay may be useful in determining the best time of delivery for pregnant patients with diabetes, especially in a situation in which the TDx-FLM assay is mature and the phosphatidylglycerol result is immature.",,"Adolescent; Adult; Albumins; Amniocentesis; Amniotic Fluid; Diabetes Mellitus, Type 1; Female; Fetal Organ Maturity; Fluorescence Polarization; Humans; Infant, Newborn; Lung; Phosphatidylglycerols; Predictive Value of Tests; Pregnancy; Pregnancy in Diabetics; Pulmonary Surfactants; Respiratory Distress Syndrome, Newborn; Sensitivity and Specificity",Journal Article; Multicenter Study,insulin-dependent diabetes (disease); respiratory distress syndrome (RDS) (disease); TDx-FLM assay (biological_process); TDx-FLM (biomarker); transabdominal amniocentesis (biological_process); transabdominal amniocentesis (drug); surfactant (chemical); albumin (protein); phosphatidylglycerol (biomarker); insulin-dependent diabetic (disease),"(TDx-FLM level ≥70 mg/g, Negative_Correlation, RDS requiring intubation); (TDx-FLM assay, Association, delivery timing optimization in diabetic pregnancy); (TDx-FLM, Cotreatment, transabdominal amniocentesis)"
8012161,https://pubmed.ncbi.nlm.nih.gov/8012161/,1994,Differential diagnosis of neuropathic lesions in diabetic and alcoholic patients.,The Clinical investigator,"Cardiovascular reflex tests are used extensively to screen diabetic patients for autonomic cardiac neuropathy. Since alcohol abuse must often be considered the cause of nerve damage in internally ill patients, we examined 66 nonalcoholic type 1 (insulin-dependent) diabetics and 63 nondiabetic alcoholics matched for age, weight, and duration of disease to determine whether specific patterns of complaints, symptoms, signs, and results of the cardiovascular reflex tests can differentiate between alcoholic and diabetic nerve damages. In these carefully selected diabetic and alcoholic patients the medical history, clinical neurological assessment, and reflex test results all showed significant differences, resulting in different patterns which allow the correct allocation of nerve damage to either diabetic or alcoholic origin with easily available clinical means.",,"Adolescent; Adult; Autonomic Nervous System; Blood Pressure; Cardiomyopathy, Alcoholic; Diabetes Mellitus, Type 1; Diabetic Neuropathies; Diagnosis, Differential; Female; Heart Rate; Humans; Male; Middle Aged; Posture; Reflex, Abnormal; Valsalva Maneuver",Journal Article,type 1 diabetes mellitus (disease); autonomic cardiac neuropathy (disease); alcoholic nerve damage (disease); cardiovascular reflex tests (biological_process); type 1 (insulin-dependent) diabetics (disease); alcohol abuse (disease),"(alcoholism, Association, alcoholic nerve damage); (type 1 diabetes mellitus, Association, autonomic cardiac neuropathy); (cardiovascular reflex tests, Association, neuropathy differential diagnosis); (type 1 (insulin-dependent) diabetics, Association, nerve damage)"
8405757,https://pubmed.ncbi.nlm.nih.gov/8405757/,1993,Cell membrane fatty acid composition in type 1 (insulin-dependent) diabetic patients: relationship with sodium transport abnormalities and metabolic control.,Diabetologia,"We have studied the fatty acid composition of erythrocyte membrane phospholipids in nine Type 1 (insulin-dependent) diabetic patients and nine healthy control subjects. Cell membranes from the diabetic patients showed a marked decrease in the total amount of polyunsaturated fatty acids (19.0% +/- 2.2 vs 24.6% +/- 1.4, p < 0.0001) mainly at the expense of docosahexaenoic acid C22:6(n3) (2.9% +/- 1.1 vs 5.3% +/- 1.3, p < 0.001), and arachidonic acid C20:4n6 (12.0% +/- 1.6 vs 15.1% +/- 0.6, p < 0.0005). Conversely, the total amount of saturated fatty acids was significantly increased (p < 0.05) and the polyunsaturated/saturated ratio was decreased in the Type 1 diabetic patients (p < 0.00 005). Neither the time from diagnosis, nor C-peptide levels, correlated with parameters indicating a poor metabolic control of Type 1 diabetes. However, C22:6(n-3) and total n-3 content significantly correlated with HbA1c (r = -0.79 and r = -0.88, respectively, p < 0.01), fructosamine (r = -0.71 and r = -0.74, respectively, p < 0.05), and Na+-K+ ATPase activity (maximal rate/Km quotient) (r = 0.78 and r = 0.71, respectively, p < 0.05). In conclusion we have found marked alterations of cell membrane lipid composition in Type 1 diabetic patients. These cell membrane abnormalities in lipid content were related to sodium transport systems and to poor metabolic control. Either diet, or the diabetic state, might be responsible for the observed cell membrane abnormalities. A dietary intervention study might differentiate the role of diet and diabetes in the reported cell membrane alterations.",,"Adult; Biological Transport; Cholesterol; Diabetes Mellitus, Type 1; Erythrocyte Membrane; Fatty Acids; Fatty Acids, Unsaturated; Female; Humans; Lipoproteins, HDL; Lipoproteins, LDL; Male; Membrane Lipids; Phospholipids; Reference Values; Sodium; Sodium-Potassium-Exchanging ATPase",Journal Article,Type 1 diabetes mellitus (disease); polyunsaturated fatty acids (chemical); saturated fatty acids (chemical); docosahexaenoic acid (DHA) (chemical); arachidonic acid (chemical); HbA1c (biomarker); Na+-K+ ATPase (protein); Na+-K+ ATPase activity (biological_process); metabolic control (clinical_outcome); Type 1 (insulin-dependent) diabetic (disease); erythrocyte membrane phospholipids (chemical); C22:6(n-3) (chemical); total n-3 content (chemical); C-peptide (biomarker); fructosamine (biomarker); sodium transport systems (biological_process); cell membrane abnormalities (disease),"(Type 1 diabetes mellitus, Negative_Correlation, polyunsaturated fatty acids); (Type 1 diabetes mellitus, Positive_Correlation, saturated fatty acids); (n-3 polyunsaturated fatty acids, Negative_Correlation, HbA1c); (n-3 polyunsaturated fatty acids, Positive_Correlation, Na+-K+ ATPase activity); (Type 1 (insulin-dependent) diabetic, Negative_Correlation, polyunsaturated fatty acids); (Type 1 (insulin-dependent) diabetic, Negative_Correlation, docosahexaenoic acid C22:6(n3)); (Type 1 (insulin-dependent) diabetic, Negative_Correlation, arachidonic acid C20:4n6); (Type 1 (insulin-dependent) diabetic, Positive_Correlation, saturated fatty acids); (C22:6(n-3), Negative_Correlation, HbA1c); (C22:6(n-3), Negative_Correlation, fructosamine); (C22:6(n-3), Positive_Correlation, Na+-K+ ATPase activity); (total n-3 content, Negative_Correlation, HbA1c); (total n-3 content, Negative_Correlation, fructosamine); (total n-3 content, Positive_Correlation, Na+-K+ ATPase activity); (cell membrane abnormalities, Association, sodium transport systems); (cell membrane abnormalities, Association, metabolic control)"
8731565,https://pubmed.ncbi.nlm.nih.gov/8731565/,1996,Non-insulin-dependent diabetes mellitus: dietary monounsaturated fatty acids and low-density lipoprotein composition and function.,QJM : monthly journal of the Association of Physicians,"Alterations in low-density lipoprotein (LDL) composition in diabetes affect its function with respect to control of de novo cholesterol synthesis. We examined the effect of 4 weeks of an oleic-acid-rich diet on LDL composition and function in eight Type 2 diabetic and eight non-diabetic control subjects. LDL (density 1.019-1.063 g/l) was isolated by sequential ultracentrifugation. LDL composition was measured and LDL fatty acids were determined by gas liquid chromatography. Cholesterol synthesis was measured by [14C]-acetate incorporation into the freshly isolated mononuclear leucocytes. Fasting blood glucose fell from 9.3 +/- 2.0 to 8.2 +/- 1.2 mmol/l (p < 0.05) and fasting serum insulin increased from 8.3 +/- 2.8 to 10.4 +/- 5.0 mIU/l (p > 0.05) in the diabetic patients. LDL oleic acid increased in the diabetic patients from 18.8 +/- 1.8% to 22.5 +/- 1.9% (p < 0.01) and in the non-diabetic subjects from 19.9 +/- 1.8% to 23.3 +/- 2.8% (p < 0.01). The LDL-esterified to free cholesterol ratios of 3.0 +/- 0.6 and 2.7 +/- 0.2 for the diabetic and non-diabetic patients were similar, and decreased significantly (p < 0.01) to 2.4 +/- 0.5 and 2.2 +/- 0.4, respectively. Baseline [14C]-acetate incorporation was similar in the two groups, and decreased after diet from 437 +/- 239 to 249 +/- 144 ng/g cell protein (p < 0.05) in the diabetic patients. There was a negative correlation between the LDL-esterified to free cholesterol ratio and the ratio of oleic to linoleic acid in the LDL (r = -0.39, p < 0.05) and a negative correlation between fasting blood glucose and LDL oleic acid in the diabetic patients (r = -0.51, p < 0.05). Enrichment of LDL with oleic acid appears to improve its ability to regulate endogenous cholesterol synthesis in both control and diabetic subjects. In the diabetic population, the diet had a favourable effect on glycaemic control.",,"Acetates; Adult; Arachidonic Acid; Arteriosclerosis; Blood Glucose; Cholesterol; Diabetes Mellitus, Type 2; Fasting; Female; Humans; Linoleic Acid; Linoleic Acids; Lipoproteins, LDL; Male; Middle Aged; Oleic Acid; Oleic Acids",Journal Article,Type 2 diabetes (disease); low-density lipoprotein (LDL) (protein); low-density lipoprotein (LDL) (chemical); oleic acid (chemical); cholesterol (chemical); cholesterol synthesis (biological_process); cholesterol synthesis (biological_process); fasting blood glucose (biomarker); fasting serum insulin (biomarker); linoleic acid (chemical); Type 2 diabetic (disease); oleic-acid-rich diet (drug); LDL oleic acid (chemical); mononuclear leucocytes (cell_type); glycaemic control (clinical_outcome),"(oleic acid-rich diet, Positive_Correlation, LDL oleic acid content); (oleic acid-rich diet, Negative_Correlation, fasting blood glucose); (fasting blood glucose, Negative_Correlation, LDL oleic acid level); (LDL oleic acid enrichment, Positive_Correlation, endogenous cholesterol synthesis regulation); (oleic-acid-rich diet, Negative_Correlation, cholesterol synthesis); (Type 2 diabetes, Association, LDL composition alteration); (oleic-acid-rich diet, Positive_Correlation, glycaemic control); (low-density lipoprotein (LDL), Association, cholesterol synthesis)"
8781962,https://pubmed.ncbi.nlm.nih.gov/8781962/,1996,Determination of anti-AGE antibodies in human serum.,Glycoconjugate journal,"The aim of this study was to develop an immunoenzyme method for the determination of anti-AGE antibodies in human serum. Human aortic elastin glycated in vitro (AGE-elastin) was used as an antigen, expressing AGE-epitopes, common to all glycated proteins. Polyclonal serum from guinea-pig against AGE-Hemocyanin was obtained according to Nakayama et al. [(1989) Biochem Biophys Res Commun 162: 740-45] and its specificity was tested via direct and competitive ELISA. Sera of 20 type 1 diabetic patients and 20 healthy subjects were tested using the method described. Seventeen patients had elevated levels of competing factors that may be anti-AGE antibodies, compared with the healthy group. The method could be used for investigation of different clinical groups of type 1 diabetic patients. Such a study would help in understanding the pathogenic role of autoantibodies against advanced glycation end products of proteins for the development of long-term diabetic complications.",,"Animals; Antibodies; Antibody Specificity; Autoantibodies; Diabetes Mellitus, Type 1; Elastin; Enzyme-Linked Immunosorbent Assay; Epitopes; Glycation End Products, Advanced; Guinea Pigs; Hemocyanins; Humans; Reference Values",Comparative Study; Journal Article,type 1 diabetes (disease); anti-AGE antibodies (biomarker); advanced glycation end products (AGEs) (chemical); AGE-elastin (biomarker); AGE-elastin (protein); long-term diabetic complications (disease); long-term diabetic complications (clinical_outcome); immunoenzyme assay (biological_process); AGE-Hemocyanin (protein); glycated proteins (protein); autoantibodies (biomarker),"(type 1 diabetes, Positive_Correlation, anti-AGE antibodies); (anti-AGE antibodies, Association, long-term diabetic complications pathogenesis); (immunoenzyme assay, Association, anti-AGE antibodies detection)"
9300243,https://pubmed.ncbi.nlm.nih.gov/9300243/,1997,Muscular atrophy in diabetic neuropathy: a stereological magnetic resonance imaging study.,Diabetologia,"Diabetic patients with polyneuropathy develop motor dysfunction. To establish whether motor dysfunction is associated with muscular atrophy the ankle dorsal and plantar flexors of the non-dominant leg were evaluated with magnetic resonance imaging in 8 patients with symptomatic neuropathy, in 8 non-neuropathic patients and in 16 individually matched control subjects. In the neuropathic patients the muscle strength of the ankle dorsal and plantar flexors was reduced by 41% as compared to the non-neuropathic patients (p < 0.005). Volume of the ankle dorsal and plantar flexors was estimated with stereological techniques from consecutive cross-sectional images of the lower leg. The neuropathic patients had a 32% reduction in volume as compared with the non-neuropathic patients (p < 0.005). To determine the regional distribution of atrophy cross-sectional magnetic resonance images were performed at predetermined levels of the lower leg in relation to bone landmarks. In the neuropathic patients there was an insignificant increase of 3% of muscle area at the proximal lower leg level, whereas the atrophy was 43% (p < 0.002) at the mid lower leg level and 65% (p < 0.002) distally. Analysis of individual muscles confirmed that the atrophy predominated distally. We conclude that muscular atrophy underlies motor weakness at the ankle in diabetic patients with polyneuropathy and that the atrophy is most pronounced in distal muscles of the lower leg indicating that a length dependent neuropathic process explains the motor dysfunction.",,"Adult; Ankle Joint; Diabetes Mellitus, Type 1; Diabetic Neuropathies; Female; Humans; Knee; Leg; Magnetic Resonance Imaging; Male; Middle Aged; Muscles; Muscular Atrophy; Pain; Radionuclide Imaging",Comparative Study; Journal Article,diabetic polyneuropathy (disease); motor dysfunction (clinical_outcome); muscular atrophy (clinical_outcome); muscle strength (biomarker); muscle strength (clinical_outcome); muscle volume (biomarker); magnetic resonance imaging (biological_process); symptomatic neuropathy (disease); Volume of the ankle dorsal and plantar flexors (clinical_outcome); motor weakness (clinical_outcome),"(diabetic polyneuropathy, Negative_Correlation, muscle strength); (diabetic polyneuropathy, Positive_Correlation, motor dysfunction); (diabetic polyneuropathy, Positive_Correlation, muscular atrophy); (diabetic polyneuropathy, Negative_Correlation, muscle volume); (muscular atrophy, Positive_Correlation, motor dysfunction); (symptomatic neuropathy, Negative_Correlation, Volume of the ankle dorsal and plantar flexors); (muscular atrophy, Association, motor weakness)"
9533990,https://pubmed.ncbi.nlm.nih.gov/9533990/,1998,The role of the primary care physician in caring for patients with type-1 diabetes.,Comprehensive therapy,"The management of type-1 diabetic patients is a challenge. Given the natural frequency of this medical problem, most primary care providers will have such patients in their office-based practice. The push for tighter control in order to lessen long-term complications is a sensible move, but it does not inherently require that you absent yourself from the loop. Most of the hoopla from the DCCT study has been used to justify the role of the endocrine sub-specialty team in the ""primary care"" management of all diabetic patients so that third-party payers will continue to fund such care as routine. While such team management has clear benefits, it should not preclude your active involvement in day-to-day management for fear that you do not have the proper credentials. Hopefully, this overview will give you the confidence to jump back in the ring.",,"Adolescent; Adult; Blood Glucose; Diabetes Mellitus, Type 1; Female; Humans; Male; Patient Compliance; Physician's Role; Physician-Patient Relations; Primary Health Care",Case Reports; Journal Article; Review,type-1 diabetes mellitus (disease); long-term diabetic complications (disease); long-term complications (clinical_outcome); glycemic control (biomarker); tighter control (clinical_outcome); primary care management (biological_process); endocrine specialty care (biological_process),"(tighter glycemic control, Negative_Correlation, long-term diabetic complications); (type-1 diabetes mellitus, Association, long-term diabetic complications)"
10706327,https://pubmed.ncbi.nlm.nih.gov/10706327/,1999,Isolated systolic hypertension in the elderly: lessons from clinical trials and future directions.,Journal of hypertension. Supplement : official journal of the International Society of Hypertension,"Systolic blood pressure (SBP) is a more reliable predictor of cardiovascular disease (CVD) events than is diastolic blood pressure (DBP). Perhaps the reduction of SBP should be more of the imperative of treatment than the reduction of DBP. Although two recent guidelines (WHO/ISH and JNC-VI) have recommended treating SBP to goal, there seems to be a reluctance in the medical community to embrace this paradigm shift and revise treatment plans. The deleterious effects of ignoring these findings are especially damaging to those with isolated systolic hypertension (ISH), which affects approximately two-thirds of hypertensive patients between the ages of 65 and 89 years. Two large clinical trials, the Systolic Hypertension in the Elderly Program (SHEP) and the Systolic Hypertension in Europe (Syst-EUR) trial have confirmed that reducing SBP in the elderly with stages 2 and 3 ISH (SBP > or = 160 mmHg with DBP < 90 mmHg in SHEP and SBP > 160 mmHg with DBP < 95 mmHg in Syst-EUR) reduced morbidity and mortality. Two SHEP sub-studies found that lowering SBP in subjects with non-insulin-dependent diabetes mellitus (NIDDM) and those with a history of myocardial infarction (MI) reduced the incidence of stroke and heart failure, as well as several other endpoints. The beneficial effects were corroborated in Syst-EUR where stroke (fatal and nonfatal), CVD endpoints and mortality were all significantly reduced when SBP was lowered 20 mmHg in subjects > 60 years of age. Despite these findings, however, recent analysis suggests that most hypertension treatment decisions continue to be based on DBP measurements instead of SBP. To combat this treatment gap, we must disseminate this information and motivate physicians and other providers to include reduction of SBP in their treatment plans. We must also encourage the development of antihypertensive drugs that lower SBP more effectively than those that are currently available.",,"Aged; Aged, 80 and over; Antihypertensive Agents; Blood Pressure; Clinical Trials as Topic; Diuretics; Drug Therapy, Combination; Humans; Hypertension; Myocardial Contraction; Prognosis",Journal Article; Review,systolic blood pressure (SBP) (biomarker); Systolic blood pressure (SBP) (clinical_outcome); diastolic blood pressure (DBP) (biomarker); diastolic blood pressure (DBP) (clinical_outcome); cardiovascular disease (CVD) (disease); isolated systolic hypertension (ISH) (disease); non-insulin-dependent diabetes mellitus (NIDDM) (disease); myocardial infarction (MI) (disease); stroke (disease); heart failure (disease); hypertension (disease); morbidity (clinical_outcome); mortality (clinical_outcome); antihypertensive drugs (drug),"(SBP, Positive_Correlation, cardiovascular disease events); (SBP reduction, Negative_Correlation, stroke); (SBP reduction, Negative_Correlation, heart failure); (SBP reduction, Negative_Correlation, cardiovascular disease mortality); (NIDDM, Association, hypertension); (Systolic blood pressure (SBP), Comparison, diastolic blood pressure (DBP)); (Systolic blood pressure (SBP), Positive_Correlation, morbidity); (Systolic blood pressure (SBP), Positive_Correlation, mortality); (Systolic blood pressure (SBP), Positive_Correlation, stroke); (Systolic blood pressure (SBP), Positive_Correlation, heart failure); (antihypertensive drugs, Negative_Correlation, Systolic blood pressure (SBP))"
10829521,https://pubmed.ncbi.nlm.nih.gov/10829521/,2000,Medical treatment of chronic pancreatitis.,Annali italiani di chirurgia,"The medical treatment has an important role in patients with chronic pancreatitis. Pain is the most frequent symptom, at least in the initial phases of the disease. In about 60% of patients it can be successfully treated by medical therapy; in the remaining 40% it requires surgery. Malabsorption of fat and protein and diabetes usually appear in the advanced stages of the disease. The treatment of these complications is based on the administration of pancreatic extracts and insulin. There are several types of pancreatic extracts; the most useful are those with high lipase content and high lipase-protease ratio. Moreover, they should be protected against gastric acid and should have a gastric emptying simultaneously with chyme, with a rapid liberation of enzymes into the duodenum. The treatment of diabetes usually requires low-moderate doses of insulin. Diabetic ketoacidosis is rare, while microvascular changes have the same frequency as in type 1 diabetes.",,Chronic Disease; Diabetes Mellitus; Humans; Pain; Pain Management; Pancreatitis,Journal Article; Review,chronic pancreatitis (disease); pain (clinical_outcome); fat malabsorption (clinical_outcome); protein malabsorption (clinical_outcome); diabetes (disease); pancreatic extracts (drug); insulin (protein); insulin (drug); diabetic ketoacidosis (disease); microvascular changes (clinical_outcome); type 1 diabetes (disease); medical therapy (drug); Malabsorption of fat and protein (clinical_outcome); lipase (protein); gastric acid (chemical),"(chronic pancreatitis, Positive_Correlation, pain); (advanced chronic pancreatitis, Positive_Correlation, diabetes); (advanced chronic pancreatitis, Positive_Correlation, fat malabsorption); (advanced chronic pancreatitis, Positive_Correlation, protein malabsorption); (pancreatic extracts, Association, malabsorption treatment); (insulin, Association, diabetes treatment); (chronic pancreatitis-related diabetes, Negative_Correlation, diabetic ketoacidosis incidence); (medical therapy, Negative_Correlation, Pain); (chronic pancreatitis, Association, Malabsorption of fat and protein); (pancreatic extracts, Cotreatment, insulin)"
10905497,https://pubmed.ncbi.nlm.nih.gov/10905497/,2000,Nitric oxide synthesis and isoprostane production in subjects with type 1 diabetes and normal urinary albumin excretion.,Diabetes,"The role of nitric oxide (NO) and free radicals in the development of microvascular disease in type 1 diabetes remains unclear. We have measured NO and isoprostane (a stable marker of in vivo lipid peroxidation) production in 13 type 1 diabetic subjects with normal urinary albumin excretion and 13 healthy volunteers. Whole-body NO synthesis was quantified by measuring the urinary excretion of 15N-nitrate after the intravenous administration of L-[15N]2-arginine. The urinary excretion of the major urinary metabolite of 15-F2t-isoprostane (8-iso-prostaglandin-F2alpha), 2,3-dinor-5,6-dihydro-F2t-IsoP, was quantified as a marker of in vivo lipid peroxidation. Whole-body NO synthesis was significantly higher in diabetic subjects compared with control subjects (342 vs. 216 nmol 15N-nitrate/mmol creatinine [95% CI of the difference 45-207], P = 0.005). This increase was not explained by a difference in renal function between the 2 groups. There was no difference in 2,3-dinor-5,6-dihydro-F2t-IsoP excretion between diabetic subjects and control subjects (44.8+/-7.8 vs. 41.4+/-10.0 ng/mmol creatinine, mean +/- 95% CI). However, there was an inverse correlation between NO synthesis and free radical activity in subjects with diabetes (r = -0.62, P = 0.012) that was not observed in control subjects (r = 0.37, P = 0.107). We conclude that whole-body NO synthesis is higher in type 1 diabetic subjects with normal urinary albumin excretion than in control subjects. The inverse correlation between isoprostane production and NO synthesis in diabetic subjects is consistent with the hypothesis that NO is being inactivated by reactive oxygen species.",,"Adult; Albuminuria; Creatinine; Diabetes Mellitus, Type 1; Dinoprost; Female; Humans; Male; Middle Aged; Nitrates; Nitric Oxide; Reactive Oxygen Species; Reference Values; Sex Characteristics",Journal Article,"type 1 diabetes (disease); nitric oxide (NO) (chemical); free radicals (chemical); free radical activity (biological_process); microvascular disease (disease); isoprostane (biomarker); lipid peroxidation (biological_process); urinary albumin excretion (biomarker); reactive oxygen species (chemical); 15N-nitrate (chemical); L-[15N]2-arginine (chemical); 2,3-dinor-5,6-dihydro-F2t-IsoP (biomarker); NO synthesis (biological_process)","(nitric oxide synthesis, Negative_Correlation, free radical activity); (type 1 diabetes, Positive_Correlation, whole-body nitric oxide synthesis); (type 1 diabetes, Association, microvascular disease); (isoprostane, Positive_Correlation, lipid peroxidation); (reactive oxygen species, Negative_Correlation, nitric oxide activity); (type 1 diabetes, Positive_Correlation, NO synthesis)"
11323502,https://pubmed.ncbi.nlm.nih.gov/11323502/,2001,Pancreatic transplantation and subsequent graft surveillance by pancreatic portal-enteric anastomosis and temporary venting jejunostomy.,Annals of surgery,"OBJECTIVE: To evaluate portal-enteric (PE) pancreas and kidney transplantation with venting jejunostomy (VJ) for its efficacy, safety, and reproducibility. SUMMARY BACKGROUND DATA: Simultaneous pancreas and kidney transplantation for patients with long-standing insulin-dependent diabetes mellitus that progresses to renal failure has revolutionized their treatment and quality of life. A current clinical focus is to refine the technical aspects of this procedure. Simultaneous pancreas and kidney transplantation with PE anastomosis with VJ appears to offer several advantages over bladder drainage. VJ allows initial decompression of the enteric anastomosis, monitoring of pancreatic function by ostomy amylase, and simple access for endoscopic evaluation and biopsy of the allograft. METHODS: Simultaneous pancreas and kidney transplantation with VJ was performed in 21 patients from December 1996 to October 2000 at Willis Knighton/LSU Regional Transplant Center. All patients had long-standing insulin-dependent diabetes mellitus and subsequent renal failure. They were evaluated at the time of surgery by a multidisciplinary transplant team and monitored for numerous factors, including length of hospital stay, immunosuppressive regimen, and ischemia times. All patients had intermittent visual and biochemical evaluation of pancreatic secretions monitored by means of the VJ. RESULTS: Of the 21 patients, 10 were women and 11 were men. Four patients were black and 17 were white. The mean age at transplantation was 38 years; average human leukocyte antigen (HLA) match was one; and average cold ischemia time was 12 hours. The median hospital stay was 16 days. Four episodes of postoperative bleeding requiring exploration occurred in four patients. Postoperative wound infections developed in four patients. There were 12 episodes of rejection in nine patients. All patients with suspected acute pancreatic rejection underwent endoscopy by means of the VJ and duodenal biopsy for evaluation. Two patients lost pancreatic function subsequent to kidney failure, one secondary to noncompliance and the other as a result of hemolytic-uremic syndrome. Patient, kidney, and pancreatic survival rates were 100%, 90%, and 90%, respectively. The mean follow-up period was 25 (range 2-48) months. CONCLUSION: The authors believe that PE pancreatic drainage with VJ is a more physiologic method to perform pancreatic transplantation than bladder drainage. PE drainage allows rapid diagnosis of acute rejection and anastomotic leak and provides a simple way to monitor ostomy amylase and transplant duodenal bleeding. This technique is safe and has minimal associated complications.",,"Adult; Aged; Anastomosis, Surgical; Drainage; Female; Gastrointestinal Hemorrhage; Graft Rejection; Humans; Jejunostomy; Kidney Transplantation; Male; Middle Aged; Pancreas Transplantation; Postoperative Complications",Journal Article,insulin-dependent diabetes mellitus (disease); renal failure (disease); acute rejection (disease); rejection (clinical_outcome); hemolytic-uremic syndrome (disease); postoperative bleeding (disease); postoperative bleeding (clinical_outcome); wound infection (disease); Postoperative wound infections (clinical_outcome); anastomotic leak (disease); anastomotic leak (clinical_outcome); duodenal bleeding (disease); HLA (gene); amylase (protein); ostomy amylase (biomarker); ostomy amylase (biomarker); pancreatic function (biological_process); pancreatic graft survival (clinical_outcome); kidney graft survival (clinical_outcome); patient graft survival (clinical_outcome); hospital stay (clinical_outcome); cold ischemia time (clinical_outcome); portal-enteric (PE) pancreas and kidney transplantation (drug); Simultaneous pancreas and kidney transplantation (drug); venting jejunostomy (VJ) (drug); bladder drainage (drug),"(insulin-dependent diabetes mellitus, Positive_Correlation, renal failure); (hemolytic-uremic syndrome, Positive_Correlation, renal failure); (renal failure, Negative_Correlation, pancreatic function); (ostomy amylase, Association, pancreatic function); (Simultaneous pancreas and kidney transplantation, Cotreatment, venting jejunostomy (VJ)); (portal-enteric (PE) pancreas and kidney transplantation, Comparison, bladder drainage)"
11978663,https://pubmed.ncbi.nlm.nih.gov/11978663/,2002,Contribution of known and unknown susceptibility genes to early-onset diabetes in scandinavia: evidence for heterogeneity.,Diabetes,"In an attempt to identify novel susceptibility genes predisposing to early-onset diabetes (EOD), we performed a genome-wide scan using 433 markers in 222 individuals (119 with diabetes) from 29 Scandinavian families with > or =2 members with onset of diabetes < or =45 years. The highest nonparametric linkage (NPL) score, 2.7 (P < 0.01), was observed on chromosome 1p (D1S473/D1S438). Six other regions on chromosomes 3p, 7q, 11q, 18q, 20q, and 21q showed a nominal P value <0.05. Of the EOD subjects in these 29 families, 20% were GAD antibody positive and 68% displayed type 1 diabetes HLA risk alleles (DQB*02 or 0302). Mutations in maturity-onset diabetes of the young (MODY) 1-5 genes and the A3243G mitochondrial DNA mutation were detected by single-strand conformation polymorphism and direct sequencing. To increase homogeneity, we analyzed a subsample of five families with autosomal dominant inheritance of EOD (greater than or equal to two members with age at diagnosis < or =35 years). The highest NPL scores were found on chromosome 1p (D1S438-D1S1665; NPL 3.0; P < 0.01) and 16q (D16S419; NPL 2.9; P < 0.01). After exclusion of three families with MODY1, MODY3, and mitochondrial mutations, the highest NPL scores were observed on chromosomes 1p (D1S438; NPL 2.6; P < 0.01), 3p (D3S1620; NPL 2.2; P < 0.03), 5q (D5S1465; NPL 2.1; P < 0.03), 7q (D7S820; NPL 2.0; P < 0.03), 18q (D18S535; NPL 1.9; P < 0.04), 20q (D20S195; NPL 2.5; P < 0.02), and 21q (D21S1446; NPL 2.2; P < 0.03). We conclude that considerable heterogeneity exists in Scandinavian subjects with EOD; 24% had MODY or maternally inherited diabetes and deafness, and approximately 60% were GAD antibody positive or had type 1 diabetes-associated HLA genotypes. Our data also point at putative chromosomal regions, which could harbor novel genes that contribute to EOD.",,"Adult; Age of Onset; Aged; Autoantibodies; Biomarkers; Diabetes Mellitus, Type 1; Family Health; Female; Genetic Heterogeneity; Genetic Markers; Genetic Predisposition to Disease; Genetic Testing; Genome, Human; Genotype; HLA-DQ Antigens; HLA-DQ beta-Chains; Humans; Male; Middle Aged; Mutation; Pedigree; Scandinavian and Nordic Countries","Journal Article; Research Support, Non-U.S. Gov't",early-onset diabetes (EOD) (disease); GAD antibody (biomarker); type 1 diabetes HLA risk alleles (gene); type 1 diabetes (disease); maturity-onset diabetes of the young (MODY) (disease); maturity-onset diabetes of the young (MODY) 1-5 genes (gene); A3243G mitochondrial DNA mutation (gene); chromosome 1p locus (gene); chromosome 3p locus (gene); chromosome 7q locus (gene); chromosome 11q locus (gene); chromosome 18q locus (gene); chromosome 20q locus (gene); chromosome 21q locus (gene); chromosome 16q locus (gene); chromosome 5q locus (gene); maternally inherited diabetes and deafness (disease); D1S438 (gene); D16S419 (gene); MODY1 (gene); MODY3 (gene); HLA risk alleles (gene),"(early-onset diabetes, Association, GAD antibody); (early-onset diabetes, Association, type 1 diabetes HLA risk alleles); (early-onset diabetes, Association, MODY gene mutations); (early-onset diabetes, Association, A3243G mitochondrial DNA mutation); (early-onset diabetes, Positive_Correlation, chromosome 1p locus); (early-onset diabetes, Positive_Correlation, chromosome 3p locus); (early-onset diabetes, Positive_Correlation, chromosome 7q locus); (early-onset diabetes, Positive_Correlation, chromosome 11q locus); (early-onset diabetes, Positive_Correlation, chromosome 18q locus); (early-onset diabetes, Positive_Correlation, chromosome 20q locus); (early-onset diabetes, Positive_Correlation, chromosome 21q locus); (early-onset diabetes, Positive_Correlation, chromosome 16q locus); (early-onset diabetes, Positive_Correlation, chromosome 5q locus); (chromosome 1p, Association, early-onset diabetes (EOD)); (D1S438, Association, early-onset diabetes (EOD)); (D16S419, Association, early-onset diabetes (EOD)); (HLA risk alleles, Association, early-onset diabetes (EOD)); (GAD antibody, Association, early-onset diabetes (EOD))"
12401723,https://pubmed.ncbi.nlm.nih.gov/12401723/,2002,Decreased myocardial perfusion reserve in diabetic autonomic neuropathy.,Diabetes,"The pathophysiological mechanisms responsible for increased cardiovascular mortality in diabetic autonomic neuropathy are unknown. To investigate the effect of autonomic neuropathy on myocardial function, we performed dynamic contrast-enhanced magnetic resonance perfusion imaging during baseline conditions and after Dipyridamole-induced vasodilatation in nine type 1 diabetic patients with autonomic neuropathy (AN+), defined by cardiovascular tests, as well as in 10 type 1 diabetic patients without autonomic neuropathy (AN-) and 10 healthy control subjects. Baseline myocardial perfusion index (K(i)) was similar in the three groups (AN+ 88.6 +/- 8.7 ml. 100 g(-1). min(-1), AN- 82.6 +/- 7.2, control subjects 93.7 +/- 9.0) (means +/- SE). K(i) during Dipyridamole vasodilatation was significantly lower in the patients with autonomic neuropathy (P < 0.001) than in the other groups (AN+ 131.1 +/- 13.0 ml. 100 g(-1). min(-1), AN- 177.3 +/- 8.6, control subjects 197.2 +/- 8.9). Mean blood pressure was unchanged during Dipyridamole infusion in AN- and control subjects, whereas a significant blood pressure decrease was found in AN+ (15.6 +/- 2.6 mmHg, P < 0.025). There was a significant correlation between blood pressure response to Dipyridamole and myocardial perfusion reserve index. We conclude that type 1 diabetic patients with autonomic neuropathy have a decreased myocardial perfusion reserve capacity when challenged with a vasodilatator, a finding that may in part be the pathophysiological substrate for the increase in mortality in these patients. The underlying mechanism may be defective myocardial sympathetic vasodilatation, a lack of ability to maintain blood pressure during vasodilatation, or both.",,Adult; Age of Onset; Albuminuria; Blood Pressure; Diabetic Neuropathies; Diabetic Retinopathy; Dipyridamole; Heart; Heart Rate; Humans; Middle Aged; Posture; Reference Values; Valsalva Maneuver; Vasodilator Agents; Vibration,"Comparative Study; Journal Article; Research Support, Non-U.S. Gov't",type 1 diabetes (disease); diabetic autonomic neuropathy (disease); cardiovascular mortality (clinical_outcome); myocardial perfusion index (biomarker); myocardial perfusion index (K(i)) (clinical_outcome); myocardial perfusion reserve capacity (biomarker); myocardial perfusion reserve (clinical_outcome); Dipyridamole (drug); vasodilatation (biological_process); blood pressure (biomarker); blood pressure (clinical_outcome); myocardial sympathetic vasodilatation (biological_process); autonomic neuropathy (disease),"(diabetic autonomic neuropathy, Positive_Correlation, cardiovascular mortality); (diabetic autonomic neuropathy, Negative_Correlation, myocardial perfusion reserve capacity); (Dipyridamole, Positive_Correlation, vasodilatation); (type 1 diabetes, Association, autonomic neuropathy); (diabetic autonomic neuropathy, Negative_Correlation, blood pressure response to vasodilatation); (Dipyridamole, Negative_Correlation, blood pressure); (blood pressure, Association, myocardial perfusion reserve)"
12820687,https://pubmed.ncbi.nlm.nih.gov/12820687/,2003,Assessment of beta cell mass and oxidative peritoneal exudate cells in murine type 1 diabetes using adoptive transfer system.,Autoimmunity,"Because it is controversial how the beta cell mass is reduced during the disease process in type 1 diabetes, we transferred splenocytes from Non-obese diabetic (NOD) to NOD-scid mice and evaluated the relation between the status of the pancreas in donors and the time taken to transfer diabetes to the recipients. We also evaluated the usefulness of assessment of the proportion of oxidative peritoneal exudate cells (PEC) as a novel marker of disease activity in this system. We examined the proportion of oxidative PEC, pancreatic insulin content and pancreatic histology in 16-18-week-old female NOD mice (donors), and transferred their splenocytes into 5-week-old female NOD-scid mice (recipients). After the onset of diabetes in NOD-scid recipients, we assessed the relation between insulin content (or severity of insulitis) of NOD donors and the time taken to transfer diabetes to NOD-scid recipients. The insulin content of ""diabetes-prone"" donors whose disease status was considered to be just before the onset of diabetes (""malignant"" donors) was the same as that of diabetic mice, whereas the insulin content of ""diabetes-prone"" donors excluding ""malignant"" donors (""benign"" donors) was the same as that of ""non-diabetes-prone"" donors. Because its proportion of oxidative PEC was inversely correlated with the severity of insulitis, we then evaluated the relation between the proportion of oxidative PEC and the time taken to transfer diabetes. ""Malignant"" donors had less proportion of oxidative PEC (< 10%), as compared to ""benign"" and ""non-diabetes-prone"" donors. These results suggest that a marked reduction of beta cell mass occurs at the very late prediabetic stage, and assessment of the proportion of oxidative PEC is useful to evaluate disease activity in type 1 diabetes.",,"Adoptive Transfer; Animals; Ascitic Fluid; Diabetes Mellitus, Type 1; Female; Insulin; Islets of Langerhans; Mice; Mice, Inbred NOD; Mice, SCID; Organ Size; Oxidation-Reduction; Prediabetic State; Time Factors","Journal Article; Research Support, Non-U.S. Gov't",type 1 diabetes (disease); beta cell mass (biomarker); beta cell mass (biological_process); splenocytes (cell_type); oxidative peritoneal exudate cells (PEC) (biomarker); oxidative peritoneal exudate cells (PEC) (cell_type); pancreatic insulin content (biomarker); insulitis (disease); prediabetic stage (clinical_outcome); diabetes (disease),"(type 1 diabetes, Negative_Correlation, beta cell mass); (oxidative PEC proportion, Negative_Correlation, insulitis severity); (oxidative PEC proportion, Association, type 1 diabetes disease activity); (beta cell mass reduction, Association, late prediabetic stage); (oxidative peritoneal exudate cells (PEC), Negative_Correlation, insulitis)"
13958208,https://pubmed.ncbi.nlm.nih.gov/13958208/,1963,Physiologic monitoring of blood glucose.,California medicine,"The technique of continuous chemical analysis in vivo gives promise of real value in medicine. Applied to physiologic monitoring of blood glucose, it provides an invaluable tool for the study of labile diabetes and metabolic problems. Its use during surgical procedures and in post-operative management of such patients and in teaching is to be encouraged.",BLOOD SUGAR,"Appointments and Schedules; Blood Glucose; Blood Glucose Self-Monitoring; Diabetes Mellitus, Type 1; Disease Management; Humans; Medicine; Monitoring, Physiologic; Postoperative Period",Journal Article,blood glucose (biomarker); labile diabetes (disease); metabolic problems (disease),
14139995,https://pubmed.ncbi.nlm.nih.gov/14139995/,1964,"OBSERVATIONS ON THE ETIOLOGY AND THERAPY OF ""BRITTLE"" DIABETES.",Canadian Medical Association journal,"Salient aspects of prolonged metabolic studies on seven excessively labile diabetic patients and a review of the literature concerning causation and therapy of brittle diabetes are presented. Brittleness is redefined as ""a syndrome of excessive insulin-sensitivity and ketosis-proneness manifested by extreme and unexplainable short-term and long-term fluctuations in the parameters of the disease"". Evidence on the causation of hyperlability points to dysfunction of plasma-protein transport and of hepatic and peripheral tissue metabolism of insulin. No objectively demonstrable complete and lasting stabilization was possible by means of any antidiabetic or adjunctive therapeutic measures. However, achievement of quantitative improvement in the accuracy of regulation of diabetes and moderation in deviations from the acceptable range of parameters were feasible. To this end, therapy recommended for everyday use incorporates the following principles found to be most helpful in following the oscillations of the disease on the research ward: flexibility in the plan of therapy; accuracy, especially in timing of therapeutic events; and employment of an insulin program best suited to the patient's needs and comfort.","ACIDOSIS, DIABETIC; ANTIDIABETICS; BLOOD PROTEINS; DIABETES MELLITUS; INSULIN; PREGNANCY; PREGNANCY IN DIABETES","Acidosis; Blood Proteins; Diabetes Mellitus; Diabetes Mellitus, Type 1; Diabetic Ketoacidosis; Female; Humans; Hypoglycemic Agents; Insulin; Pregnancy; Pregnancy in Diabetics",Journal Article,brittle diabetes (disease); insulin (protein); excessive insulin-sensitivity (biological_process); plasma-protein transport (biological_process); hepatic tissue metabolism of insulin (biological_process); peripheral tissue metabolism of insulin (biological_process); insulin (drug); insulin-sensitivity (biomarker); ketosis-proneness (clinical_outcome); hyperlability (clinical_outcome),"(brittle diabetes, Positive_Correlation, insulin-sensitivity); (brittle diabetes, Positive_Correlation, ketosis-proneness); (plasma-protein transport, Association, hyperlability); (hepatic tissue metabolism of insulin, Association, hyperlability); (peripheral tissue metabolism of insulin, Association, hyperlability); (dysfunction of plasma-protein transport, Association, brittle diabetes); (hepatic and peripheral tissue metabolism of insulin, Association, brittle diabetes)"
14247704,https://pubmed.ncbi.nlm.nih.gov/14247704/,1965,EXUDATIVE LESIONS IN DIABETES MELLITUS.,Journal of clinical pathology,"Exudative lesions and capsular drops have been examined in a renal biopsy series of 25 diabetics and a post-mortem series of 100 consecutive diabetics. Electron microscopy of a capsular drop and an exudative lesion is described. Exudative lesions were found in 48% of the biopsies and 47% of the necropsy material. Capsular drops were found in 60% of the biopsies and 29% of the necropsy material. No correlation with age, proteinuria, hypertension, or uraemia was noted. The incidence of both types of lesion increased with the known duration of the diabetes.","ADOLESCENCE; BIOPSY; CHILD; DIABETES MELLITUS; DIABETES MELLITUS, JUVENILE; DIABETIC NEPHROPATHIES; EXUDATES AND TRANSUDATES; GERIATRICS; KIDNEY GLOMERULUS; MICROSCOPY, ELECTRON; PATHOLOGY; STAINS AND STAINING; UREMIA","Adolescent; Biopsy; Child; Coloring Agents; Diabetes Mellitus; Diabetes Mellitus, Type 1; Diabetic Nephropathies; Electrons; Exudates and Transudates; Geriatrics; Humans; Hypertension; Kidney Glomerulus; Microscopy; Microscopy, Electron; Pathology; Staining and Labeling; Uremia",Journal Article,Exudative lesions (disease); capsular drops (disease); diabetes (disease); proteinuria (biomarker); proteinuria (clinical_outcome); hypertension (disease); uraemia (disease); duration of the diabetes (clinical_outcome),"(diabetes, Positive_Correlation, Exudative lesions); (diabetes, Positive_Correlation, capsular drops)"
15013454,https://pubmed.ncbi.nlm.nih.gov/15013454/,2004,Timely initiation of basal insulin.,The American journal of medicine,"Recognition of the basal and postprandial components of hyperglycemia, in tandem with the development of new insulins and other clinical research, has led to a reassessment of type 2 diabetes mellitus treatment. In the future, insulin will be used earlier, treatment will intensify as the disease progresses, and combination therapy will be routine. Hyperglycemia can be controlled initially with sulfonylureas and metformin, agents that mainly improve control of fasting and preprandial glucose. When glycemic control can no longer be achieved with these and other oral agents alone, insulin treatment can be started as a single injection of a long-acting insulin. This method of supplementing basal insulin is safe, simple, and less likely to cause weight gain than multiple daily injections with shorter-acting insulins. Continuing oral agents during basal insulin therapy can provide a smoother transition to insulin and reduce the risk of loss of glycemic control. Of currently available insulins, glargine has the activity profile best suited to basal insulin therapy, with no prominent activity peak and a long duration of action, allowing a single daily injection in most cases. Although the traditional approach has been to introduce insulin therapy only after very high glucose values have persisted, despite prolonged use of oral agents alone, a more desirable strategy would be to prevent patients from ever experiencing the loss of glycemic control associated with hemoglobin A(1c) (HbA(1c)) elevations >7%. This goal could be achieved by diagnosing type 2 diabetes earlier in its course and by adding basal insulin to oral therapy much earlier. To maintain the recommended <7% HbA(1c) target level of control, treatments that target postprandial hyperglycemia will have to be added to basal insulin later on, as endogenous insulin continues to decline.",,"Diabetes Mellitus, Type 1; Diabetes Mellitus, Type 2; Disease Progression; Drug Therapy, Combination; Glyburide; Glycated Hemoglobin; Humans; Hyperglycemia; Hypoglycemic Agents; Insulin; Insulin, Long-Acting; Postprandial Period; Sulfonylurea Compounds",Journal Article; Review,type 2 diabetes mellitus (disease); hyperglycemia (biomarker); hyperglycemia (disease); basal hyperglycemia (biomarker); postprandial hyperglycemia (disease); postprandial hyperglycemia (biomarker); sulfonylureas (drug); metformin (drug); basal insulin therapy (biological_process); insulin (drug); insulin glargine (protein); glargine (drug); hemoglobin A1c (HbA1c) (biomarker); endogenous insulin (protein); long-acting insulin (drug); basal insulin (drug); shorter-acting insulins (drug); oral agents (drug); glucose (chemical); glycemic control (clinical_outcome); weight gain (clinical_outcome),"(type 2 diabetes mellitus, Positive_Correlation, hyperglycemia); (sulfonylureas, Positive_Correlation, fasting glucose control); (metformin, Positive_Correlation, fasting glucose control); (basal insulin therapy, Positive_Correlation, glycemic control); (insulin glargine, Association, basal insulin therapy); (HbA1c elevation, Positive_Correlation, glycemic control loss); (endogenous insulin decline, Positive_Correlation, postprandial hyperglycemia); (sulfonylureas, Cotreatment, metformin); (sulfonylureas, Negative_Correlation, hyperglycemia); (metformin, Negative_Correlation, hyperglycemia); (basal insulin, Cotreatment, oral agents); (basal insulin, Comparison, shorter-acting insulins); (basal insulin, Negative_Correlation, weight gain)"
15114267,https://pubmed.ncbi.nlm.nih.gov/15114267/,2004,Type 1 diabetes mellitus in Catalonia: chronic complications and metabolic control ten years after onset.,Medical science monitor : international medical journal of experimental and clinical research,"BACKGROUND: The purpose of this article is to describe the prevalence of microvascular (retinopathy, nephropathy and neuropathy) and acute diabetic complications, and the metabolic control status, in Catalonian patients with type 1 diabetes mellitus ten years after diagnosis. MATERIAL/METHODS: We performed a cross-sectional population study evaluating 427 Type 1 diabetic patients diagnosed between 1987 and 1988 in 15 hospitals in Catalonia. 278 subjects were located, and all the study parameters were collected from their hospital medical records. Mean age at onset was 13.8+/-6.9 years, and 56.5% were male. The mean age of the patients was 24.8+/-6.7 years. Albumin excretion rate (AER), plasma creatinine, lipid profile, glycosilated hemoglobin (HbA1c), blood pressure, presence of retinopathy and clinical polyneuropathy, and diabetes control were evaluated. RESULTS: The mean HbA1c was 7.8+/-1.7%. HbA1c was <7.5% in 48% of patients and >10% in 11.5%. The prevalence of retinopathy was 7.6%. An AER higher than 20 Kg/min was found in 10.4%. Neuropathy was present in 4.3%. A significant association between microvascular complications as a whole (retinopathy and/or microalbuminuria and/or clinical polyneuropathy) and HbA1c (p=0.04) and hypertension (p=0.04) was observed. There were no differences in diabetic complications regarding sex or age at presentation. CONCLUSIONS: This is one of the first studies in which the prevalence of diabetic microvascular complications is reported in a South European cohort of subjects registered in EURODIAB. This population-based study confirms that complications are already present ten years after diabetes onset in a non-negligible percentage of patients.",,"Adult; Age of Onset; Albumins; Albuminuria; Diabetes Mellitus, Type 1; Diabetic Nephropathies; Diabetic Neuropathies; Diabetic Retinopathy; Female; Glycated Hemoglobin; Humans; Kidney; Male; Microcirculation; Neurons; Retina; Risk Factors; Spain; Time Factors","Journal Article; Research Support, Non-U.S. Gov't",type 1 diabetes mellitus (disease); microvascular complications (disease); microvascular complications (clinical_outcome); diabetic retinopathy (disease); diabetic nephropathy (disease); diabetic polyneuropathy (disease); acute diabetic complications (disease); hemoglobin A1c (HbA1c) (biomarker); hypertension (disease); albumin excretion rate (AER) (biomarker); clinical polyneuropathy (disease); microalbuminuria (clinical_outcome); plasma creatinine (biomarker); blood pressure (clinical_outcome),"(type 1 diabetes mellitus, Positive_Correlation, microvascular complications); (type 1 diabetes mellitus, Association, acute diabetic complications); (HbA1c, Positive_Correlation, microvascular complications); (hypertension, Positive_Correlation, microvascular complications); (microvascular complications, Association, HbA1c); (microvascular complications, Association, hypertension)"
16005542,https://pubmed.ncbi.nlm.nih.gov/16005542/,2005,Proinsulin C-peptide activates vagus efferent output in rats.,Peptides,"The aim of this study was to examine the effect of proinsulin C-peptide on the autonomic nervous systems in rats. Intravenous administration of C-peptide gradually increased electrophysiological activity of the vagus nerves into the stomach and pancreas for at least 90 min. It also slightly increased gastric acid secretion that was suppressed by the treatment with atropine. Intraperitoneal injection of C-peptide did not affect the basal and stress-induced norepinephrine (NE) turnover rate, a biochemical index of sympathetic nerve activity. These results indicate that C-peptide increases parasympathetic nerve activity without affecting sympathetic nerve activity. This could explain, at least in part, the ameliorating effects of C-peptide on impaired cardiac autonomic nerve functions in patients with type 1 diabetes.",,"Animals; C-Peptide; Diabetes Mellitus, Type 1; Female; Gastric Acid; Gastric Mucosa; Heart; Humans; Injections, Intravenous; Myocardium; Rats; Rats, Wistar; Stomach; Sympathetic Nervous System; Vagus Nerve","Journal Article; Research Support, Non-U.S. Gov't",proinsulin C-peptide (protein); autonomic nervous system (cell_type); parasympathetic nerve activity (biological_process); sympathetic nerve activity (biological_process); type 1 diabetes (disease); cardiac autonomic nerve function (clinical_outcome); cardiac autonomic nerve functions (biological_process); vagus nerve activity (biomarker); gastric acid secretion (biological_process); norepinephrine (NE) (chemical); norepinephrine (NE) turnover rate (biological_process); atropine (drug); electrophysiological activity of the vagus nerves (biological_process),"(C-peptide, Positive_Correlation, parasympathetic nerve activity); (C-peptide, Positive_Correlation, gastric acid secretion); (C-peptide, Negative_Correlation, sympathetic nerve activity); (C-peptide, Positive_Correlation, vagus nerve activity); (C-peptide, Association, cardiac autonomic nerve function improvement in type 1 diabetes); (C-peptide, Positive_Correlation, electrophysiological activity of the vagus nerves); (atropine, Negative_Correlation, gastric acid secretion)"
17060846,https://pubmed.ncbi.nlm.nih.gov/17060846/,2006,The long-term management of pancreas transplantation.,Transplantation,"Diabetes mellitus (DM) is a major health problem worldwide, which affects 18.2 million individuals (6.3% of the population) in the United States. Currently, the prevalence of Type 1 DM in the United States is estimated to be 1,000,000 individuals, and 30,000 new cases are diagnosed each year. In addition to end-stage renal disease (ESRD), DM is associated with blindness, accelerated atherosclerosis, dyslipidemia, cardio- and cerebrovascular disease, amputation, poor quality of life, and overall lifespan reduction. It accounts for more than 160,000 deaths per year in the United States alone. In 2002, the annual national direct and indirect costs of Types 1 and 2 DM exceeded $130 billion, which included hospital and physician care, laboratory tests, pharmaceutical products, and patient workdays lost because of disability or premature death. Hyperglycemia alone or in concert with hypertension is the primary factor influencing the development of major diabetic complications. From 1990 to 2001, the number of existing ESRD cases to DM increased by more than 300%, while the rate per million populations increased from 167% to 491%. The number is expected to grow 10-fold by 2030 to 1.3 million accounting for 60% of ESRD population. To date, DM is the leading indication for transplantation and is the cause of ESRD in more than 40% of all transplant recipients each year.",,"Diabetes Complications; Diabetes Mellitus, Type 1; Diabetes Mellitus, Type 2; Diabetic Neuropathies; Humans; Kidney Failure, Chronic; Pancreas Transplantation; Quality of Life; Registries; Treatment Outcome",Journal Article; Review,diabetes mellitus (disease); type 1 diabetes mellitus (disease); type 2 diabetes mellitus (disease); end-stage renal disease (disease); blindness (disease); blindness (clinical_outcome); atherosclerosis (disease); dyslipidemia (disease); cardio-cerebrovascular disease (disease); hypertension (disease); diabetic complications (disease); major diabetic complications (clinical_outcome); hyperglycemia (biological_process); Hyperglycemia (disease); quality of life (clinical_outcome); lifespan (clinical_outcome); mortality (clinical_outcome); amputation (clinical_outcome); Type 1 DM (disease),"(diabetes mellitus, Positive_Correlation, end-stage renal disease); (diabetes mellitus, Association, blindness); (diabetes mellitus, Association, atherosclerosis); (diabetes mellitus, Association, dyslipidemia); (diabetes mellitus, Association, cardio-cerebrovascular disease); (diabetes mellitus, Association, amputation); (hyperglycemia, Positive_Correlation, diabetic complications); (hypertension, Positive_Correlation, diabetic complications); (diabetes mellitus, Negative_Correlation, quality of life); (diabetes mellitus, Negative_Correlation, lifespan)"
17121768,https://pubmed.ncbi.nlm.nih.gov/17121768/,2006,Elevated serum alanine transaminase in patients with type 1 or type 2 diabetes mellitus.,QJM : monthly journal of the Association of Physicians,"BACKGROUND: The risk of chronic liver disease is higher in diabetics, and serum alanine transaminase (ALT) is a sensitive predictor of mortality from liver disease. AIM: To estimate the prevalence of elevated ALT in type 1 and type 2 diabetes, and identify possible risk factors. METHODS: We identified all patients (n = 2077) attending review between September 2002 and August 2003. We excluded those with no ALT measurement (n = 73); those whose alcohol consumption was >14 units/week (women) (n = 276) or >21 units/week (men) (n = 324); and those with a diagnosis of Maturity Onset Diabetes of the Young, secondary diabetes, gestational diabetes or uncertain type of diabetes (n = 51). We calculated the prevalences of elevated ALT in both type 1 and type 2 diabetes patients, and compared the demographic, microvascular risk factors and current drug use between each group using multivariate logistic regression. RESULTS: Of 1353 patients included, 836 (61.9%) had type 2 diabetes. Elevated ALT was found in 9.5% (95%CI 7.1-12.3%) of patients with type 1 diabetes, and 12.1% (95%CI 9.9-14.5%) of those with type 2 diabetes. The risk of elevated ALT in patients with type 2 diabetes increased with increasing body mass index (p(trend) = 0.04), and was lower in those taking insulin (OR 0.38, 95%CI 0.22-0.65). DISCUSSION: The prevalence of elevated ALT is 3-4 times higher in patients with either type 1 or type 2 diabetes than in the general population. Further studies investigating the aetiology and mechanisms of this elevation may suggest appropriate early interventions.",,"Adolescent; Adult; Aged; Alanine Transaminase; Biomarkers; Diabetes Mellitus, Type 1; Diabetes Mellitus, Type 2; Early Diagnosis; Female; Humans; Male; Middle Aged; Prevalence; Risk Factors",Journal Article,type 1 diabetes (disease); type 2 diabetes (disease); chronic liver disease (disease); serum alanine transaminase (ALT) (biomarker); elevated ALT (clinical_outcome); body mass index (BMI) (biomarker); body mass index (clinical_outcome); insulin (protein); insulin (drug); diabetics (disease); Maturity Onset Diabetes of the Young (disease); secondary diabetes (disease); gestational diabetes (disease); mortality from liver disease (clinical_outcome),"(diabetes, Positive_Correlation, chronic liver disease); (type 1 diabetes, Positive_Correlation, elevated ALT); (type 2 diabetes, Positive_Correlation, elevated ALT); (body mass index, Positive_Correlation, elevated ALT in type 2 diabetes); (insulin, Negative_Correlation, elevated ALT in type 2 diabetes); (serum alanine transaminase (ALT), Association, mortality from liver disease); (type 1 diabetes, Positive_Correlation, serum alanine transaminase (ALT)); (type 2 diabetes, Positive_Correlation, serum alanine transaminase (ALT)); (body mass index, Positive_Correlation, serum alanine transaminase (ALT)); (insulin, Negative_Correlation, serum alanine transaminase (ALT))"
17340801,https://pubmed.ncbi.nlm.nih.gov/17340801/,1968,[Medical and social problems raised by infantile diabetes].,Archivio per le scienze mediche,"Recent clinical and statistical data are referred to in an account of the medical and social problems raised by diabetes in infancy and attention is placed on modern methods employed in the management of this disease. An examination is also undertaken of problems facing young patients with respect to their family, scholastic and later professional life.",,"Child; Child, Preschool; Diabetes Mellitus, Type 1; Diet, Diabetic; Humans; Hypoglycemic Agents; Incidence; Insulin; Italy; Risk Factors; Social Adjustment; Survival Analysis",English Abstract; Journal Article; Review,diabetes in infancy (disease),
17365945,https://pubmed.ncbi.nlm.nih.gov/17365945/,2007,Occult donor malignancy in pancreas transplantation.,Renal failure,"Tumor of the pancreas allograft is extremely rare. We report a case of an occult donor malignant undifferentiated tumor arising in a pancreas allograft. A 42-year-old female with Type 1 diabetes received a macroscopically normal pancreas allograft. The donor was a 22-year-old male who died of spontaneous intracerebral hemorrhage. She underwent transplant pancreatectomy, the histology of the pancreas allograft demonstrated a tumor measuring 5 mm in diameter, and a diagnosis of malignant undifferentiated tumor was made. In a different transplant center, the recipient of the left kidney transplant from the same donor had a nephrectomy, and the recipient of the liver transplant died of metastatic disease. Microscopic examination of the liver and kidney allografts subsequently revealed histological features identical to the pancreas tumor. Tumor transmission in transplantation may occur from an organ that contains metastatic cells or, less commonly, from the transmission of an unrecognized or occult primary tumor. A report from the United Network for Organs Sharing transplant data 1997-2002 is illustrated and discussed. This case illustrates the difficulties associated with identifying donors with occult primary tumor or metastases.",,"Adult; Diabetes Mellitus, Type 1; Eye Neoplasms; Female; Humans; Neoplasms; Pancreas Transplantation; Postoperative Complications; Retrospective Studies; Tissue Donors; Transplantation, Homologous","Case Reports; Journal Article; Research Support, U.S. Gov't, P.H.S.",Type 1 diabetes (disease); pancreas allograft (cell_type); pancreas allograft (drug); occult donor malignant undifferentiated tumor (disease); metastatic disease (disease); tumor transmission (biological_process); organ transplantation (biological_process); spontaneous intracerebral hemorrhage (disease); occult primary tumor (disease); transplant pancreatectomy (drug); nephrectomy (drug),"(Type 1 diabetes, Association, pancreas transplantation); (pancreas allograft, Association, occult donor malignant tumor); (organ transplantation, Positive_Correlation, tumor transmission); (occult primary tumor, Positive_Correlation, tumor transmission); (tumor transmission, Positive_Correlation, metastatic disease); (pancreas allograft, Association, malignant undifferentiated tumor)"
17510698,https://pubmed.ncbi.nlm.nih.gov/17510698/,2007,"Responses to acute exercise in type 2 diabetes, with an emphasis on metabolism and interaction with oral hypoglycemic agents and food intake.","Applied physiology, nutrition, and metabolism = Physiologie appliquee, nutrition et metabolisme","In people with type 1 diabetes mellitis (DM), insulin administration, food intake, and exercise have to be carefully matched to avoid either hypo- or hyperglycemia. People with type 2 DM have some insulin secretion, which changes with needs. Accordingly, during exercise, these people do not run the same metabolic risks as people with type 1 DM. However, a contraction-mediated increase in glucose clearance in muscle is intact in type 2 DM. Therefore, in the postabsorptive state in diet-treated type 2 DM, a marked reduction in hyperglycemia can occur during prolonged moderate exercise. Sulfonylurea drugs augment the rate of decline in plasma glucose, because stimulation of insulin secretion reduces hepatic glucose production. After abstention from sulfonylurea for 5 days, the rate of decrease in plasma glucose with exercise is also enhanced, but from a higher glucose level. In the postabsorptive state, brief vigourous exercise elicits an increase in plasma glucose concentration, reflecting an exaggerated counterregulatory hormone response and glucose production. Moreover, insulin sensitivity is reduced in the early postexercise period. In the postprandial state, both prolonged moderate exercise and intermittent high-intensity exercise markedly decrease meal-induced increases in glucose, insulin, and C-peptide concentrations, whereas glucose appearance in plasma is unchanged. When exercise bouts are isocaloric, responses are identical, indicating that overall energy expenditure, and not peak exercise intensity, is the major determinant of exercise-induced changes in overall glucose homeostasis and insulin secretion in type 2 DM. Neither prolonged moderate nor intermittent high-intensity exercise performed in the postprandial state influences glucose or insulin responses to a subsequent meal. Finally, in people with type 2 DM, after a high-fat meal, prolonged moderate exercise reduces the exaggerated increases in plasma concentrations of triglycerides contained in chylomicrons and very low-density lipoproteins.",,"Blood Glucose; Diabetes Mellitus, Type 2; Diet; Dietary Fats; Energy Intake; Energy Metabolism; Exercise; Food; Humans; Hypoglycemic Agents; Lipid Metabolism; Physical Endurance",Journal Article; Review,type 1 diabetes mellitus (disease); type 2 diabetes mellitus (disease); hypoglycemia (disease); hyperglycemia (disease); insulin (protein); insulin (drug); glucose clearance (biological_process); sulfonylurea drugs (drug); hepatic glucose production (biological_process); counterregulatory hormone response (biological_process); insulin sensitivity (biomarker); insulin secretion (biological_process); glucose homeostasis (biological_process); C-peptide (protein); C-peptide (biomarker); triglycerides (chemical); chylomicrons (biomarker); chylomicrons (chemical); very low-density lipoproteins (VLDL) (biomarker); very low-density lipoproteins (chemical); type 2 DM (disease); plasma glucose (biomarker); insulin sensitivity (biological_process); exercise (biological_process); prolonged moderate exercise (biological_process); brief vigourous exercise (biological_process); intermittent high-intensity exercise (biological_process); glucose production (biological_process); glucose (chemical),"(prolonged moderate exercise, Negative_Correlation, hyperglycemia); (postexercise state, Negative_Correlation, insulin sensitivity); (prolonged moderate exercise, Negative_Correlation, postprandial C-peptide elevation); (exercise, Positive_Correlation, muscle glucose clearance); (prolonged moderate exercise, Negative_Correlation, glucose); (sulfonylurea drugs, Positive_Correlation, plasma glucose decline rate); (brief vigorous exercise, Positive_Correlation, plasma glucose); (type 1 diabetes mellitus, Association, hypo/hyperglycemia risk); (type 2 diabetes mellitus, Association, lower exercise metabolic risk); (sulfonylurea drugs, Negative_Correlation, hepatic glucose production); (prolonged moderate exercise, Negative_Correlation, postprandial glucose elevation); (prolonged moderate exercise, Negative_Correlation, postprandial insulin elevation); (prolonged moderate exercise, Negative_Correlation, postprandial triglyceride elevation); (total energy expenditure, Positive_Correlation, exercise-induced glucose homeostasis changes); (Sulfonylurea drugs, Positive_Correlation, insulin secretion); (insulin secretion, Negative_Correlation, hepatic glucose production); (brief vigourous exercise, Positive_Correlation, plasma glucose); (brief vigourous exercise, Positive_Correlation, counterregulatory hormone response); (brief vigourous exercise, Positive_Correlation, glucose production); (intermittent high-intensity exercise, Negative_Correlation, glucose); (intermittent high-intensity exercise, Negative_Correlation, C-peptide); (prolonged moderate exercise, Negative_Correlation, triglycerides)"
18064633,https://pubmed.ncbi.nlm.nih.gov/18064633/,2008,Macrophage migration inhibitory factor (MIF) is necessary for progression of autoimmune diabetes mellitus.,Journal of cellular physiology,"Macrophage migration inhibitory factor (MIF) is a proinflammatory cytokine of the innate immune system that plays a major role in the induction of immunoinflammatory responses. To examine the role of endogenous MIF in the pathogenesis of type 1 diabetes (TID) we evaluated the effects of administration of neutralizing anti-MIF antibodies to NOD mice with accelerated forms of diabetes induced by injection of cyclophosphamide or by transfer of diabetogenic spleen cells. Both accelerated forms of diabetes were markedly reduced by anti-MIF antibody. Furthermore, MIF-deficient (MIF(-/-)) mice were less susceptible to the induction of immunoinflammatory diabetes, insulitis and apoptosis within the endocrine pancreas by multiple low doses of streptozotocin (MLD-STZ) than genetically matched wild type (WT) mice. MIF deficiency resulted in lower proliferation and lymphocyte adhesion, as well as reduced production from the spleens and peritoneal cells of a variety of inflammatory mediators typically associated with development of the disease including IL-12, IL-23, TNF-alpha, and IL-1beta. Furthermore, MIF deletion affected the production of IL-18, TNF-alpha, IL-1beta, and iNOS in the islets of Langerhans. These data, along with the higher expression of IL-4 and TGF-beta observed in the periphery and in the pancreas of MLD-STZ-challenged MIF(-/-) mice as compared to WT controls suggest that MIF deficiency has induced an immune deviation towards protective type 2/3 response. These results suggest that MIF participates in T1D by controlling the functional activity of monocytes/macrophages and T cells and modulating their secretory capacity of pro- and anti-inflammatory molecules.",,"Adoptive Transfer; Animals; Antibodies, Monoclonal; Cell Adhesion; Cell Proliferation; Cells, Cultured; Cyclophosphamide; Cytokines; Diabetes Mellitus, Experimental; Diabetes Mellitus, Type 1; Disease Progression; Female; Gene Expression Regulation; Intramolecular Oxidoreductases; Islets of Langerhans; Leukocytes, Mononuclear; Macrophage Migration-Inhibitory Factors; Mice; Mice, Inbred NOD; Nitric Oxide; Nitric Oxide Synthase Type II; RNA, Messenger; Spleen; Streptozocin; Tyrosine","Journal Article; Research Support, Non-U.S. Gov't",type 1 diabetes (T1D) (disease); immunoinflammatory diabetes (disease); immunoinflammatory responses (biological_process); insulitis (disease); pancreatic endocrine apoptosis (disease); apoptosis (biological_process); accelerated diabetes (disease); macrophage migration inhibitory factor (MIF) (protein); IL-12 (protein); IL-23 (protein); TNF-alpha (protein); IL-1beta (protein); IL-18 (protein); iNOS (protein); IL-4 (protein); TGF-beta (protein); macrophages (cell_type); monocytes (cell_type); T cells (cell_type); lymphocytes (cell_type); lymphocyte adhesion (biological_process); spleen cells (cell_type); peritoneal cells (cell_type); innate immune cells (cell_type); anti-MIF antibody (drug); cyclophosphamide (chemical); cyclophosphamide (drug); diabetogenic spleen cell transfer (biological_process); MIF deficiency (protein); MIF deficiency (biological_process); streptozotocin (chemical); streptozotocin (drug); immunoinflammatory response (biological_process); immunoinflammatory diabetes (disease); immune deviation (biological_process); lymphocyte proliferation (biological_process); lymphocyte adhesion (biological_process); inflammatory mediator production (biological_process),"(MIF, Positive_Correlation, insulitis); (MIF, Positive_Correlation, pancreatic endocrine apoptosis); (MIF, Positive_Correlation, lymphocyte proliferation); (MIF, Positive_Correlation, lymphocyte adhesion); (MIF, Positive_Correlation, IL-12); (MIF, Positive_Correlation, IL-23); (MIF, Positive_Correlation, TNF-alpha); (MIF, Positive_Correlation, IL-1beta); (MIF, Negative_Correlation, IL-4); (MIF, Negative_Correlation, TGF-beta); (anti-MIF antibody, Negative_Correlation, accelerated diabetes); (MIF deficiency, Negative_Correlation, immunoinflammatory diabetes); (cyclophosphamide, Positive_Correlation, accelerated diabetes); (diabetogenic spleen cells, Positive_Correlation, accelerated diabetes); (streptozotocin, Positive_Correlation, immunoinflammatory diabetes); (streptozotocin, Positive_Correlation, insulitis); (streptozotocin, Positive_Correlation, apoptosis); (MIF, Positive_Correlation, IL-18); (MIF, Positive_Correlation, iNOS); (MIF, Positive_Correlation, type 1 diabetes progression); (MIF deficiency, Negative_Correlation, insulitis); (MIF deficiency, Positive_Correlation, protective type 2/3 immune deviation); (MIF deficiency, Negative_Correlation, immunoinflammatory diabetes); (IL-12, Association, immunoinflammatory diabetes); (IL-23, Association, immunoinflammatory diabetes)"
18221426,https://pubmed.ncbi.nlm.nih.gov/18221426/,2008,"Trends of type 1 diabetes in Karachi, Pakistan.",Pediatric diabetes,"OBJECTIVE: Our study aims to assess the presentation, prevalence, and associations of acute and chronic complications in subjects with type 1 diabetes mellitus (T1DM) at their first visit to outpatient departments. STUDY DESIGN AND SETTING: Study was carried out at two centers, Diabetic Association of Pakistan and WHO Collaborating Centre and Baqai Institute of Diabetology and Endocrinology, Karachi. Records of 591 T1DM subjects divided into two groups were studied. Group 1 (62.1%, n = 367) includes patients with known T1DM and group 2 (n = 224, 37.9%), newly diagnosed T1DM. Clinical features [polyuria, polydipsia, polyphagia, history of weight loss, and history of diabetic ketoacidosis (DKA)] were recorded. Biochemical parameters including fasting plasma glucose, 2-h postprandial plasma glucose, hemoglobin A1c, urinary ketones, and proteinuria were recorded. Arterial blood gases was done in suspected cases of DKA. RESULTS: In group 1, male predominance was seen (57.8 vs. 42.2%). Mean age at presentation was 19.1 +/- 10 yr. Mean duration of diabetes was 16 +/- 9 yr. Two percent subjects presented with DKA, while 21% had a history of DKA. Among the subjects with >10 yr of diabetes, 20.1% had hypertension, 5.5% had nephropathy, 2.9% had neuropathy, and 7.7% had retinopathy. In group 2, 224 T1DM subjects were identified, with mean age of 17 +/- 11 yr. Equal number of males (50.9%) and females (49.1%) were diagnosed at their first presentation. Most subjects (40.8%, n = 91) diagnosed between 11 and 20 yr of age presented with polyuria (81.3%), polydipsia (77.2%), polyphagia (56.7%), and weight loss (79.5%). Ketonuria was positive in 4.9%, while 5.8% presented with DKA. CONCLUSIONS: This is the first study in Pakistan to assess the mode of presentation and prevalence of acute and chronic complications in T1DM. Larger scale prospective studies are needed to have more detailed informative data.",,"Acute Disease; Adolescent; Blood Glucose; Child; Child, Preschool; Chronic Disease; Diabetes Complications; Diabetes Mellitus, Type 1; Female; Glycated Hemoglobin; Humans; Incidence; Infant; Male; Pakistan; Prevalence; Young Adult",Comparative Study; Journal Article,type 1 diabetes mellitus (T1DM) (disease); diabetic ketoacidosis (DKA) (disease); polyuria (clinical_outcome); polydipsia (clinical_outcome); polyphagia (clinical_outcome); weight loss (clinical_outcome); fasting plasma glucose (biomarker); postprandial plasma glucose (biomarker); hemoglobin A1c (biomarker); urinary ketones (biomarker); proteinuria (biomarker); proteinuria (clinical_outcome); hypertension (disease); diabetic nephropathy (disease); diabetic neuropathy (disease); diabetic retinopathy (disease); arterial blood gases (biomarker); Ketonuria (clinical_outcome),"(type 1 diabetes mellitus, Positive_Correlation, diabetic ketoacidosis); (type 1 diabetes mellitus, Positive_Correlation, polyuria); (type 1 diabetes mellitus, Positive_Correlation, polydipsia); (type 1 diabetes mellitus, Positive_Correlation, polyphagia); (type 1 diabetes mellitus, Positive_Correlation, weight loss); (long‑duration type 1 diabetes mellitus, Positive_Correlation, hypertension); (long‑duration type 1 diabetes mellitus, Positive_Correlation, diabetic nephropathy); (long‑duration type 1 diabetes mellitus, Positive_Correlation, diabetic neuropathy); (long‑duration type 1 diabetes mellitus, Positive_Correlation, diabetic retinopathy)"
20086468,https://pubmed.ncbi.nlm.nih.gov/20086468/,2003,Exercise and diabetes mellitus: optimizing performance in patients who have type 1 diabetes.,The Physician and sportsmedicine,"Those who have type 1 diabetes mellitus should include regular sports or recreational activities in their overall healthcare programs. Essential responsibilities of physicians who treat these patients include preparticipation clearance, education about blood glucose self-monitoring, exercise prescription, aggressive dietary and insulin management plans, identification of risk factors and potential complications, and ongoing education. Exercise has risks and benefits that must be understood so that participation yields a safe, enjoyable outcome that meshes with the patient's culture, activity goals, and lifestyle.",,,Journal Article,type 1 diabetes mellitus (disease); exercise (biological_process); exercise (drug); blood glucose self-monitoring (biological_process); blood glucose (biomarker); dietary management (biological_process); insulin management (biological_process); insulin (drug); diabetic complications (disease),"(exercise, Association, type 1 diabetes mellitus management); (exercise, Association, diabetic complication risk modulation)"
28615632,https://pubmed.ncbi.nlm.nih.gov/28615632/,2017,Genome-wide analysis suggests a differential microRNA signature associated with normal and diabetic human corneal limbus.,Scientific reports,"Small non-coding RNAs, in particular microRNAs (miRNAs), regulate fine-tuning of gene expression and can impact a wide range of biological processes. However, their roles in normal and diseased limbal epithelial stem cells (LESC) remain unknown. Using deep sequencing analysis, we investigated miRNA expression profiles in central and limbal regions of normal and diabetic human corneas. We identified differentially expressed miRNAs in limbus vs. central cornea in normal and diabetic (DM) corneas including both type 1 (T1DM/IDDM) and type 2 (T2DM/NIDDM) diabetes. Some miRNAs such as miR-10b that was upregulated in limbus vs. central cornea and in diabetic vs. normal limbus also showed significant increase in T1DM vs. T2DM limbus. Overexpression of miR-10b increased Ki-67 staining in human organ-cultured corneas and proliferation rate in cultured corneal epithelial cells. MiR-10b transfected human organ-cultured corneas showed downregulation of PAX6 and DKK1 and upregulation of keratin 17 protein expression levels. In summary, we report for the first time differential miRNA signatures of T1DM and T2DM corneal limbus harboring LESC and show that miR-10b could be involved in the LESC maintenance and/or their early differentiation. Furthermore, miR-10b upregulation may be an important mechanism of corneal diabetic alterations especially in the T1DM patients.",,"Adult; Aged; Aged, 80 and over; Biomarkers; Cells, Cultured; Computational Biology; Diabetes Mellitus; Diabetes Mellitus, Type 1; Diabetes Mellitus, Type 2; Female; Gene Expression Profiling; Gene Expression Regulation; Gene Ontology; Genome-Wide Association Study; High-Throughput Screening Assays; Humans; Limbus Corneae; Male; MicroRNAs; Middle Aged; Organ Culture Techniques; RNA Interference; Reproducibility of Results; Transcriptome","Journal Article; Research Support, N.I.H., Extramural; Research Support, Non-U.S. Gov't",type 1 diabetes mellitus (T1DM/IDDM) (disease); type 2 diabetes mellitus (T2DM/NIDDM) (disease); diabetic corneal alterations (disease); microRNAs (miRNAs) (gene); microRNAs (miRNAs) (gene); miR-10b (gene); miR-10b (gene); Ki-67 (protein); PAX6 (protein); PAX6 (gene); DKK1 (protein); DKK1 (gene); keratin 17 (protein); limbal epithelial stem cells (LESC) (cell_type); corneal epithelial cells (cell_type); corneal epithelial cell proliferation (biological_process); central cornea (cell_type); limbus (cell_type); human corneas (cell_type); corneal epithelial cells (cell_type); gene expression regulation (biological_process); cell proliferation (biological_process); stem cell maintenance (biological_process); stem cell differentiation (biological_process); protein expression regulation (biological_process); small non-coding RNAs (gene); miRNA expression profiles (biological_process); type 2 diabetes mellitus (T2DM/NIDDM) (disease); differential miRNA signatures (biological_process),"(miR-10b, Positive_Correlation, corneal epithelial cell proliferation); (miR-10b, Negative_Correlation, PAX6 expression); (miR-10b, Negative_Correlation, DKK1 expression); (miR-10b, Positive_Correlation, keratin 17 expression); (miR-10b, Positive_Correlation, diabetic corneal alterations); (miR-10b, Positive_Correlation, limbal epithelial stem cell maintenance); (type 1 diabetes, Positive_Correlation, miR-10b upregulation in limbus); (microRNAs (miRNAs), Association, gene expression); (diabetes mellitus, Positive_Correlation, miR-10b); (type 1 diabetes mellitus (T1DM/IDDM), Comparison, type 2 diabetes mellitus (T2DM/NIDDM)); (miR-10b, Positive_Correlation, Ki-67); (small non-coding RNAs, Association, gene expression); (type 1 diabetes mellitus (T1DM/IDDM), Association, differential miRNA signatures)"
34128835,https://pubmed.ncbi.nlm.nih.gov/34128835/,2021,12-Lipoxygenase governs the innate immune pathogenesis of islet inflammation and autoimmune diabetes.,JCI insight,"Macrophages and related myeloid cells are innate immune cells that participate in the early islet inflammation of type 1 diabetes (T1D). The enzyme 12-lipoxygenase (12-LOX) catalyzes the formation of proinflammatory eicosanoids, but its role and mechanisms in myeloid cells in the pathogenesis of islet inflammation have not been elucidated. Leveraging a model of islet inflammation in zebrafish, we show here that macrophages contribute significantly to the loss of β cells and the subsequent development of hyperglycemia. The depletion or inhibition of 12-LOX in this model resulted in reduced macrophage infiltration into islets and the preservation of β cell mass. In NOD mice, the deletion of the gene encoding 12-LOX in the myeloid lineage resulted in reduced insulitis with reductions in proinflammatory macrophages, a suppressed T cell response, preserved β cell mass, and almost complete protection from the development of T1D. 12-LOX depletion caused a defect in myeloid cell migration, a function required for immune surveillance and tissue injury responses. This effect on migration resulted from the loss of the chemokine receptor CXCR3. Transgenic expression of the gene encoding CXCR3 rescued the migratory defect in zebrafish 12-LOX morphants. Taken together, our results reveal a formative role for innate immune cells in the early pathogenesis of T1D and identify 12-LOX as an enzyme required to promote their prodiabetogenic phenotype in the context of autoimmunity.",Autoimmunity; Diabetes; Endocrinology; Islet cells; Macrophages,"Animals; Animals, Genetically Modified; Arachidonate 12-Lipoxygenase; Arachidonate 15-Lipoxygenase; Diabetes Mellitus, Type 1; Disease Models, Animal; Female; Humans; Immunity, Innate; Insulin-Secreting Cells; Male; Mice; Primary Cell Culture; Receptors, CXCR3; Zebrafish; Zebrafish Proteins","Journal Article; Research Support, N.I.H., Extramural; Research Support, Non-U.S. Gov't",type 1 diabetes (T1D) (disease); islet inflammation (disease); early islet inflammation (biological_process); hyperglycemia (disease); insulitis (disease); autoimmunity (disease); autoimmunity (biological_process); 12-lipoxygenase (12-LOX) (protein); proinflammatory eicosanoids (protein); formation of proinflammatory eicosanoids (biological_process); CXCR3 chemokine receptor (protein); Alox15 (protein); macrophages (cell_type); myeloid cells (cell_type); innate immune cells (cell_type); beta cells (cell_type); T cells (cell_type); β cell mass (biological_process); pancreatic islets (cell_type); depletion or inhibition of 12-LOX (biological_process); gene encoding 12-LOX (gene); loss of CXCR3 (biological_process); myeloid cell migration (biological_process); macrophage infiltration (biological_process); beta cell loss (biological_process); immune surveillance (biological_process); tissue injury response (biological_process); loss of β cells (biological_process); proinflammatory macrophages (cell_type); transgenic expression of the gene encoding CXCR3 (biological_process); prodiabetogenic phenotype (biological_process); early pathogenesis of T1D (biological_process); gene encoding CXCR3 (gene),"(12-LOX, Positive_Correlation, type 1 diabetes development); (12-LOX, Positive_Correlation, macrophage infiltration); (12-LOX, Positive_Correlation, myeloid cell migration); (CXCR3, Positive_Correlation, myeloid cell migration); (12-LOX, Positive_Correlation, beta cell loss); (depletion or inhibition of 12-LOX, Positive_Correlation, β cell mass); (12-LOX, Positive_Correlation, islet inflammation); (macrophages, Association, early islet inflammation); (12-lipoxygenase (12-LOX), Positive_Correlation, formation of proinflammatory eicosanoids); (macrophages, Positive_Correlation, loss of β cells); (loss of β cells, Association, hyperglycemia); (depletion or inhibition of 12-LOX, Negative_Correlation, proinflammatory macrophages); (depletion or inhibition of 12-LOX, Negative_Correlation, T cell response); (myeloid cell migration, Association, immune surveillance); (myeloid cell migration, Association, tissue injury responses); (transgenic expression of the gene encoding CXCR3, Positive_Correlation, myeloid cell migration); (12-lipoxygenase (12-LOX), Positive_Correlation, prodiabetogenic phenotype)"
