pmid,pubmed_url,year,title,abstract,journal,keywords,mesh_terms,publication_types
13958208,https://pubmed.ncbi.nlm.nih.gov/13958208/,1963,Physiologic monitoring of blood glucose.,"The technique of continuous chemical analysis in vivo gives promise of real value in medicine. Applied to physiologic monitoring of blood glucose, it provides an invaluable tool for the study of labile diabetes and metabolic problems. Its use during surgical procedures and in post-operative management of such patients and in teaching is to be encouraged.",California medicine,BLOOD SUGAR,"Appointments and Schedules; Blood Glucose; Blood Glucose Self-Monitoring; Diabetes Mellitus, Type 1; Disease Management; Humans; Medicine; Monitoring, Physiologic; Postoperative Period",Journal Article
14139995,https://pubmed.ncbi.nlm.nih.gov/14139995/,1964,"OBSERVATIONS ON THE ETIOLOGY AND THERAPY OF ""BRITTLE"" DIABETES.","Salient aspects of prolonged metabolic studies on seven excessively labile diabetic patients and a review of the literature concerning causation and therapy of brittle diabetes are presented. Brittleness is redefined as ""a syndrome of excessive insulin-sensitivity and ketosis-proneness manifested by extreme and unexplainable short-term and long-term fluctuations in the parameters of the disease"". Evidence on the causation of hyperlability points to dysfunction of plasma-protein transport and of hepatic and peripheral tissue metabolism of insulin. No objectively demonstrable complete and lasting stabilization was possible by means of any antidiabetic or adjunctive therapeutic measures. However, achievement of quantitative improvement in the accuracy of regulation of diabetes and moderation in deviations from the acceptable range of parameters were feasible. To this end, therapy recommended for everyday use incorporates the following principles found to be most helpful in following the oscillations of the disease on the research ward: flexibility in the plan of therapy; accuracy, especially in timing of therapeutic events; and employment of an insulin program best suited to the patient's needs and comfort.",Canadian Medical Association journal,"ACIDOSIS, DIABETIC; ANTIDIABETICS; BLOOD PROTEINS; DIABETES MELLITUS; INSULIN; PREGNANCY; PREGNANCY IN DIABETES","Acidosis; Blood Proteins; Diabetes Mellitus; Diabetes Mellitus, Type 1; Diabetic Ketoacidosis; Female; Humans; Hypoglycemic Agents; Insulin; Pregnancy; Pregnancy in Diabetics",Journal Article
14247704,https://pubmed.ncbi.nlm.nih.gov/14247704/,1965,EXUDATIVE LESIONS IN DIABETES MELLITUS.,"Exudative lesions and capsular drops have been examined in a renal biopsy series of 25 diabetics and a post-mortem series of 100 consecutive diabetics. Electron microscopy of a capsular drop and an exudative lesion is described. Exudative lesions were found in 48% of the biopsies and 47% of the necropsy material. Capsular drops were found in 60% of the biopsies and 29% of the necropsy material. No correlation with age, proteinuria, hypertension, or uraemia was noted. The incidence of both types of lesion increased with the known duration of the diabetes.",Journal of clinical pathology,"ADOLESCENCE; BIOPSY; CHILD; DIABETES MELLITUS; DIABETES MELLITUS, JUVENILE; DIABETIC NEPHROPATHIES; EXUDATES AND TRANSUDATES; GERIATRICS; KIDNEY GLOMERULUS; MICROSCOPY, ELECTRON; PATHOLOGY; STAINS AND STAINING; UREMIA","Adolescent; Biopsy; Child; Coloring Agents; Diabetes Mellitus; Diabetes Mellitus, Type 1; Diabetic Nephropathies; Electrons; Exudates and Transudates; Geriatrics; Humans; Hypertension; Kidney Glomerulus; Microscopy; Microscopy, Electron; Pathology; Staining and Labeling; Uremia",Journal Article
17340801,https://pubmed.ncbi.nlm.nih.gov/17340801/,1968,[Medical and social problems raised by infantile diabetes].,"Recent clinical and statistical data are referred to in an account of the medical and social problems raised by diabetes in infancy and attention is placed on modern methods employed in the management of this disease. An examination is also undertaken of problems facing young patients with respect to their family, scholastic and later professional life.",Archivio per le scienze mediche,,"Child; Child, Preschool; Diabetes Mellitus, Type 1; Diet, Diabetic; Humans; Hypoglycemic Agents; Incidence; Insulin; Italy; Risk Factors; Social Adjustment; Survival Analysis",English Abstract; Journal Article; Review
5355346,https://pubmed.ncbi.nlm.nih.gov/5355346/,1969,Metabolic clearance and production rates of human growth hormone.,"The metabolic clearance rate (MCR) of human growth hormone (HGH) was determined by the constant infusion to equilibrium technique utilizing HGH-(125)I. 22 control subjects had a MCR of 229 +/-52 ml/min (mean +/-SD). No difference was evident between sexes, or between various age groups. Patients with acromegaly demonstrated normal MCR's. Moreover, acute elevations of plasma growth hormone concentrations in normal subjects did not alter the MCR of HGH. The MCR was relatively constant from day to day and within the day when subjects were evaluated in the supine position. In contrast, the assumption of the upright position was associated with a mean 24% decrease in the MCR. These results were contrasted with the MCR of HGH observed in a small number of patients with altered thyroid function or diabetes mellitus. In six patients with hypothyroidism the MCR (131 +/-36 ml/min) was significantly decreased (P < 0.001); whereas the MCR in eight patients with hyperthyroidism (240 +/-57 ml/min) did not differ from control subjects. The MCR in eight patients with insulin-independent diabetes mellitus (IID) (185 +/-41 ml/min) and in eight patients with insulin-dependent diabetes mellitus (IDD) (136 +/-31 ml/min) were significantly different from control subjects (P = < 0.05 and P = < 0.001, respectively). These data were interpreted to indicate that the plasma HGH-removing mechanism(s) is not saturated at physiologic plasma HGH levels, that plasma HGH levels alone may not permit distinction between variations in pituitary release of the hormone and its rate of clearance from the plasma, and that the estimation of the MCR of HGH may help clarify the mechanism of abnormal plasma HGH responses to various stimuli. Production rates of HGH (PR) in control subjects (347 +/-173 mmug/min) were contrasted with hyperthyroid patients (529 +/-242 mmug/min, P < 0.05), hypothyroid patients (160 +/-69 mmug/min, P < 0.02), IID (245 +/-100 mmug/min, NS), and IDD (363 +/-153 mmug/min, NS). Considerable variability in the determination of the concentrations of immunoprecipitable HGH-(125)I and endogenous plasma HGH concentrations was encountered at apparent equilibrium conditions. Since both factors are necessary for the PR calculations, the wide 95% confidence limits of the PR's did not permit a clear interpretation of the significance of these observations.",The Journal of clinical investigation,,Acromegaly; Adult; Aged; Diabetes Mellitus; Female; Growth Hormone; Humans; Hyperthyroidism; Hypothyroidism; Immunoassay; Iodine Isotopes; Male; Metabolic Clearance Rate; Middle Aged; Pituitary Gland,Journal Article
5811682,https://pubmed.ncbi.nlm.nih.gov/5811682/,1969,Seasonal incidence of diabetes mellitus.,"A seasonal incidence in the onset of insulin-dependent diabetes in patients under 30 years of age has been suggested from the analysis of data derived from the clinic registers of two diabetic clinics. The increased incidence occurred in summer, autumn, and winter, with a peak in the autumn. A significant variation in annual totals of new cases of diabetes seen could not be demonstrated or excluded, but the pattern of the variation present showed significant positive correlation with the annual prevalence data for Coxsackie virus type B4, but not for other types of virus infection.",British medical journal,,"Adolescent; Adult; Age Factors; Aged; Analysis of Variance; Child; Child, Preschool; Coxsackievirus Infections; Diabetes Mellitus; Diabetes Mellitus, Type 1; Humans; Infant; Infant, Newborn; Insulin; London; Middle Aged; Seasons",Journal Article
5431658,https://pubmed.ncbi.nlm.nih.gov/5431658/,1970,Abnormal serum growth hormone response to exercise in juvenile diabetics.,"Groups of male nonobese juvenile diabetics with recent onset, short term (1-8 yr), and long-term (12-30 yr) diabetes as well as comparable nondiabetic controls were studied during exercise experiments. The chosen exercise load, 450 kg/min for 20 min never induced changes in serum growth hormone in our nondiabetic control subjects. THE PRINCIPAL RESULTS OF THE STUDY WERE AS FOLLOWS: (a) an immediate high rise in serum growth hormone followed the commencement of exercise in all diabetics. The increase and pattern of serum growth hormone was not related to the duration of the diabetes. (b) The abnormal growth hormone response to exercise in diabetics was observed when the patients were in poor control as well as when they were in clinically excellent control (fasting blood glucose level between 100 and 140 mg/100 ml). (c) However, the abnormal serum growth hormone response was significantly diminished when exceedingly strict control was achieved (fasting blood glucose level between 60 and 100 mg/100 ml). In two of these experiments an entirely normal growth hormone pattern was obtained. (d) The change in serum growth hormone pattern during regulation was totally unrelated to the changes in serum free fatty acid patterns. A normal free fatty acid level and exercise pattern was obtained much earlier during the improved control. (e) Fasting serum growth hormone levels were also significantly raised in the juvenile diabetics irrespective of the diabetes duration. (f) Fasting serum growth hormone levels were also significantly decreased during regulation. Furthermore, a significant correlation between blood glucose and fasting serum growth hormone concentration was established. (g) In the juvenile diabetics a significant increase in serum insulin was observed at the point of time when exercise was concluded.",The Journal of clinical investigation,,"Adolescent; Adult; Blood Glucose; Body Height; Body Weight; Diabetes Mellitus, Type 1; Fatty Acids, Nonesterified; Glucose Tolerance Test; Growth Hormone; Humans; Insulin; Lactates; Male; Oxygen Consumption; Physical Exertion; Radioimmunoassay; Vascular Diseases",Journal Article
4143592,https://pubmed.ncbi.nlm.nih.gov/4143592/,1971,Abnormal insulin response in patients with small-vessel disease.,"The insulin response to a glucose load has been investigated in twenty-five patients with small-vessel disease (ischaemic lesions of toes or feet in the presence of foot pulses). The clinical presentation was similar to that of juvenile diabetic microangiopathy, but in small-vessel disease there was no glucose intolerance. Unexpectedly in the patients with small-vessel disease there was no striking insulin secretion response to the stimulus of a glucose load. Controls increased their circulating insulin levels on average sixfold over fasting levels after 50 g. oral glucose: all the small-vessel-disease patients had increases of less than three times their fasting levels, and nine of them had completely flat curves throughout the test. Tolbutamide also did not stimulate insulin secretion. The refractory state of these patients' responses to the normal stimulus of insulin output has similarities to the picture in juvenile diabetes mellitus and may be important in the aetiology of the small-vessel lesions.","Lancet (London, England)",,"Diabetic Angiopathies; Diagnosis, Differential; Female; Foot; Glucose Tolerance Test; Humans; Insulin; Insulin Secretion; Ischemia; Male; Middle Aged; Time Factors; Toes; Tolbutamide","Journal Article; Research Support, Non-U.S. Gov't"
5083884,https://pubmed.ncbi.nlm.nih.gov/5083884/,1972,Glomerular filtration rate and renal plasma flow in long-term juvenile diabetics without proteinuria.,"Glomerular filtration rate and renal plasma flow were examined in 16 young male non-proteinuric diabetics (mean age 28.4 years) with a duration of diabetes of over 15 years (mean duration 21.5 years.) In this selected group of long-term diabetics the glomerular filtration rate was clearly increased, the mean being 136 ml/min (+/-S.D. 11.8) (normal value 114 ml/min (+/-14.1), being comparable to that found earlier in short-term diabetics. There was no change in renal plasma flow. It is concluded that kidney function is generally well preserved in long-term diabetics who have not developed proteinuria.",British medical journal,,"Adult; Blood Glucose; Chronic Disease; Diabetes Mellitus, Type 1; Glomerular Filtration Rate; Humans; Iodine Radioisotopes; Iodohippuric Acid; Iothalamic Acid; Kidney; Male; Proteinuria; Regional Blood Flow",Journal Article
4729184,https://pubmed.ncbi.nlm.nih.gov/4729184/,1973,Monozygous twins with hypothyroidism and diabetes mellitus.,"Monozygous twins with diabetes mellitus and autoimmune hypothyroidism are described. The onset of the hypothyroidism was simultaneous, but one twin had had insulin-dependent diabetes mellitus for 9 years while the other twin developed insulin-independent diabetes concurrently with the hypothyroidism. Two other siblings had diabetes mellitus and one of them had a goitre, possibly lymphadenoid. The aetiology of autoimmune hypothyroidism is discussed, and evidence is presented which supports suggestions that diabetes mellitus may be an autoimmune disease.",Postgraduate medical journal,,Autoimmune Diseases; Diabetes Mellitus; Diseases in Twins; Female; Humans; Hypothyroidism; Middle Aged,Journal Article
4282831,https://pubmed.ncbi.nlm.nih.gov/4282831/,1974,Comparative study of growth in asthmatic children and other children with chronic disease to a control group.,"This study analysed the pathological factors significant for causing retardation of growth in different kinds of chronic diseases: asthma and other pulmonary chronic illness, rheumatic disease, diffuse collagen diseases, congenital heart disease and diabetes mellitus. All children were divided in two categories: the several and the mild cases depending on the degree of impairement of the main illness. All children have been analysed clinically, biochemically, immunologically, hormonally, and functionally; they were tested antropometrically, skeletal maturit stated, by means of special perforated cards for every illness with 49 dates and all data registered in specific ""pass-port"" for each child. We have a special organization for the chronic patients to assure regular control and to prevent complications. In each case professional orientation is carried out.",Allergie und Immunologie,,"Anthropometry; Asthma; Bronchiectasis; Child; Chronic Disease; Collagen Diseases; Diabetes Mellitus, Type 1; Growth Disorders; Heart Defects, Congenital; Humans; Punched-Card Systems; Respiratory Function Tests; Rheumatic Fever",Comparative Study; Journal Article
4371445,https://pubmed.ncbi.nlm.nih.gov/4371445/,1974,"An ""outbreak"" of juvenile diabetes mellitus: consideration of a viral etiology.","Huff. J. C., J. C. Hierholzer (Respiratory Virology Section, Center for Disease Control. Atlanta, Ga. 30333) and W. A. Farris. An “outbreak” of juvenile diabetes mellitus: consideration of a viral etiology. Am J Epidemiol 100:277–287. 1974.—Nine of twelve cases of juvenile diabetes mellitus, representing an unusual geographic and temporal cluster, were investigated for evidence that a specific viral infection might be etiologically related to their occurrence. Eight diabetics had experienced recent “viral-like” illnesses, predominantly repiratory, but these illnesses bore no uniform temporal relation to their onsets of diabetes. Diabetics demonstrated no serologic evidence of a recent viral illness common to all. Elevated titers to only one virus, coxsackie B-3, were more prevalent in diabetics than in controls (33% vs. 6%), but geometric mean titers of diabetics to a panel of 26 common viral antigens were similar to those of controls. These data neither support nor negate the hypothesis that infection with a specific virus precipitates juvenile diabetes mellitus.",American journal of epidemiology,,"Adolescent; Antibodies, Viral; Child; Child, Preschool; Complement Fixation Tests; Coronaviridae; Cytomegalovirus; Diabetes Mellitus, Type 1; Disease Outbreaks; Enterovirus; Female; Florida; Hemagglutination Inhibition Tests; Humans; Male; Neutralization Tests; Orthomyxoviridae; Pharynx; Rectum; Respiratory Tract Infections; Virus Diseases; Viruses",Journal Article
1158036,https://pubmed.ncbi.nlm.nih.gov/1158036/,1975,Renal substrate exchange in human diabetes mellitus.,"Renal substrate exchange was examined in five male patients with insulin-dependent diabetes mellitus of several years' duration. Insulin was withheld for twenty-four hours prior to the study. A renal vein was catheterized from the femoral vein, and PHA-clearance was employed for the determination of effective renal blood flow. None of the patients was in ketoacidosis, but all were moderately hyperglycemic in the fasting states (16.8 +/- 1.5 mmol/L.) (225-384 mg./100 ml.). Nevertheless, no net release of glucose from the kidney was detectable. Instead, there was a significant net renal uptake of glucose (320 +/- 80 mumol/min.). In addition, there was a significant net uptake of glycerol and a net release of pyruvate. Renal amino acid exchange was similar to that reported for healthy subjects: glutamine, glycine, proline, and citrulline were taken up and serine, alanine, cystine, tyrosine, and threonine were released by the kidney. It is concluded that (a) in nonketoacidotic diabetics there is no net production of glucose by the kidney; (b) renal amino acid exchange in diabetics is similar to that of healthy individuals; and (c) the kidney is not an important gluconeogenic organ in human diabetes.",Diabetes,,"Adult; Amino Acids; Blood Glucose; Diabetes Mellitus; Fatty Acids, Nonesterified; Gluconeogenesis; Glycerol; Humans; Hyperglycemia; Ketone Bodies; Kidney; Lactates; Male; Pyruvates; Regional Blood Flow","Journal Article; Research Support, U.S. Gov't, P.H.S."
1166797,https://pubmed.ncbi.nlm.nih.gov/1166797/,1975,Systemic allergic reaction to initial insulin therapy in a juvenile diabetic. Enhanced blast transformation to insulin.,"A 14-year-old girl with recent onset of diabetes developed a severe systemic allergic reaction to beef-pork insulin on the third day of insulin therapy. The same reaction developed following the injection of pork insulin and monocomponent insulin. The patient was induced to tolerate pork insulin by systemic desensitization to this insulin over an interval of 6 days. Peripheral blood lymphocytes from the patient cultured in the presence of insulin responded by increased blast cell transformation, as compared with controls, who either had previously presented local allergic reactions to insulin or never had manifested insulin allergy.",Acta paediatrica Scandinavica,,"Adolescent; Desensitization, Immunologic; Diabetes Mellitus, Type 1; Drug Hypersensitivity; Female; Humans; Insulin; Lymphocyte Activation; Lymphocytes",Case Reports; Journal Article
54584,https://pubmed.ncbi.nlm.nih.gov/54584/,1976,Acute diabetic abdomen in childhood.,"Three children presented as acute surgical emergencies due to undiagnosed diabetes mellitus. Where diabetic ketoacidosis mimicks the acute abdomen three clinical features are important in reaching the right diagnosis-namely, a history of polydipsia, polyuria, and anorexia preceding the abdominal pain, the deep sighing and rapid respirations, and severe dehydration.","Lancet (London, England)",,"Abdomen, Acute; Amylases; Appendicitis; Blood Glucose; Carbon Dioxide; Child; Child, Preschool; Diabetes Mellitus, Type 1; Diabetic Ketoacidosis; Diagnosis, Differential; Diagnostic Errors; Hemoglobins; Humans; Hydrogen-Ion Concentration; Leukocyte Count; Male; Oxygen; Potassium; Sodium; Urea",Case Reports; Journal Article
331372,https://pubmed.ncbi.nlm.nih.gov/331372/,1977,The surgical treatment of necrobiosis lipoidica diabeticorum.,"We review the literature on the surgical treatment of necrobiosis lipoidica diabeticorum, and we describe 7 cases treated at Stanford University Medical Center. Experiences with them prompt us to recommend surgical excision of the lesions down to the deep fascia, ligation of the associated perforating blood vessels, and the use of split-skin grafts to cover the defects. There were no recurrences when we did all these things.",Plastic and reconstructive surgery,,"Adolescent; Adult; Aged; Child; Child, Preschool; Diabetes Complications; Diabetes Mellitus, Type 1; Female; Follow-Up Studies; Humans; Infant; Infant, Newborn; Leg Dermatoses; Male; Middle Aged; Necrobiosis Lipoidica; Recurrence; Skin; Skin Transplantation",Case Reports; Journal Article
334498,https://pubmed.ncbi.nlm.nih.gov/334498/,1977,[Islet-cell antibodies in juvenile diabetes mellitus (author's transl)].,"Islet-cell antibodies were detected in 11 of the 67 patients with juvenile diabetes mellitus. These antibodies reacted with all endocrine-islet cells, although higher serum dilutions and different staining intensity of the various islet cells were noted. Antibody formation to islet antigens was found to be closely associated with HLA B8 (P = 0.03). However, there was no relationship between islet-cell antibody production and insulin antibody formation. The demonstration of pancreatic islet-cell antibodies, particularly in HLA B8-positive juvenile diabetics, constitutes further circumstantial evidence of a genetically determined auto-immune pathogenesis in some patients with juvenile diabetes mellitus.",Deutsche medizinische Wochenschrift (1946),,"Adolescent; Adult; Autoantibodies; Child; Child, Preschool; Diabetes Mellitus, Type 1; Histocompatibility Antigens; Humans; Immunoglobulin G; Insulin Antibodies; Islets of Langerhans",English Abstract; Journal Article
353557,https://pubmed.ncbi.nlm.nih.gov/353557/,1978,Islet-cell-surface antibodies in juvenile diabetes mellitus.,"Using an indirect immunofluorescence test on suspensions of viable, insulin-producing islet cells from rats, we found that 32 per cent (28/88) of insulin-treated patients with juvenile diabetes have islet-cell-surface antibodies in their circulation. These antibodies also occurred in four of nine children with glucose intolerance, in one of 24 healthy children and in nondiabetic children with thyroid disorders. In the diabetic children, the immunofluorescent reaction was inhibited by preadsorption of serum to islet cells but was little affected by preadsorption to rat hepatocytes or erythrocytes or to acetone powders of various rat tissues, including pancreas. These results show that organ-specific, nonspecies-specific antibodies reactive with the cell surface of the islet cells can be present in serum from diabetic children, and provide an approach to investigation of immunopathological aspects of diabetes mellitus.",The New England journal of medicine,,"Adolescent; Animals; Autoantibodies; Cell Membrane; Child; Child, Preschool; Diabetes Mellitus, Type 1; Fluorescent Antibody Technique; Humans; Infant; Insulin; Islets of Langerhans; Male; Microscopy, Electron, Scanning; Rats","Journal Article; Research Support, U.S. Gov't, P.H.S."
676730,https://pubmed.ncbi.nlm.nih.gov/676730/,1978,"Growth, body weight and insulin requirement in diabetic children.","The weight and height development of 51 boys and 48 girls who had developed diabetes prior to the age of 15 years was followed for a minimum of 3 years, mean 8.3 years, up to the age of 18 for the girls and 20 for the boys. In addition, the insulin requirements were recorded. Weight and height proved to be within the normal range, and height at onset of diabetes was normal. After a long duration of diabetes, however, there occurred a reduction of height increment of obout 1/2cm/year. This reduction was greater in children who rarely attended as compared with those who frequently attended a sub-specialized clinic. The daily dose of insulin increased with age, the greatest increase coinciding with the growth spurt. During the first 4 years of diabetes the 24-hour dose/kg body weight increased, indicating a decreasing endogenous insulin production. Later it was constant at around 0.9 i.u./kg. Modern management of diabetic children leads to normal adult stature.",Acta paediatrica Scandinavica,,"Adolescent; Body Height; Body Weight; Child; Child, Preschool; Diabetes Mellitus, Type 1; Female; Growth; Humans; Infant; Insulin; Male",Journal Article
395097,https://pubmed.ncbi.nlm.nih.gov/395097/,1979,"The effect of three days of blood glucose normalization by means of an ""artificial endocrine pancreas"" on the concentrations of growth hormone, glucagon, and cortisol in juvenile diabetics.","Glucagon, growth hormone, and cortisol secretion was studied in seven male insulin-dependent diabetics under conventional subcutaneous insulin therapy and after three days of blood glucose normalization attained by the artificial endocrine pancreas (Biostator-GCIIS). The diurnal hormonal profiles under the two types of therapy were compared. Six healthy male students served as control group. A three-day period of blood glucose normalization in insulin-dependent diabetic can restore glucagon secretion to normal. Growth hormone secretion is decreased but not completely normalised. Cortisol secretion is slightly decreased. It is concluded that prolonged normoglycemia achieved by means of an artificial endocrine pancreas may completely control endocrine abnormalities in insulin-dependent diabetics.",Hormone and metabolic research. Supplement series,,"Adult; Artificial Organs; Blood Glucose; Circadian Rhythm; Diabetes Mellitus, Type 1; Feedback; Glucagon; Growth Hormone; Humans; Hydrocortisone; Infusions, Parenteral; Insulin; Islets of Langerhans; Middle Aged",Journal Article
535578,https://pubmed.ncbi.nlm.nih.gov/535578/,1979,[The diabetic polyneuropathy. I. Relation between impaired function in peripheral nerves and clinical findings].,"789 patients with diabetes mellitus were studied by clinical and electroneurographical investigation. Motor and sensory conduction velocities of the median nerve and motor conduction velocity of the tibial nerve were determined. 86.1% of the patients suffered from juvenile diabetes, and 13.9% from maturity onset diabetes. Average duration of the disease was 9.5 years, average age of the patients was 26.7 years. Clinical signs of polyneuropathy were found in 19.1%. In 40.9% of the patients at least one of 3 conduction velocities was found to be delayed. Patients with clinical signs of polyneuropathy exhibited delayed nerve conduction velocities and delayed distal latencies. Diagnosis of polyneuropathy almost with certainty is possible by determining the three nerve conduction velocities and the three corresponding distal latencies. 22% of patients without clinical signs of polyneuropathy exhibited electroneurographical signs of impaired peripheral nerve function. Heredity, body weight, lipid metabolism, actual metabolic balance, and treatment were found to be without any significant influence on nerve conduction velocity.",Endokrinologie,,"Adult; Diabetes Mellitus; Diabetes Mellitus, Type 1; Diabetic Neuropathies; Humans; Median Nerve; Neural Conduction; Tibial Nerve; Time Factors",English Abstract; Journal Article
7418963,https://pubmed.ncbi.nlm.nih.gov/7418963/,1980,HLA and insulin-dependent diabetes in South African negroes.,"The HLA antigens of 57 South African negroes with juvenile-onset, insulin-dependent diabetes were determined. The frequency of B8 was increased (29.8% VS 13.9%) as was the frequency of B14 (17.5% vs 6.1%). The frequency of patients with either one of these cross-reactive antigens was significantly increased after correction for the number of antigens tested (45.6% VS 19.2%, P (corrected) < 0.005).",Diabetologia,,"Adult; Black People; Cross Reactions; Diabetes Mellitus, Type 1; HLA Antigens; Humans; South Africa","Journal Article; Research Support, Non-U.S. Gov't"
6751735,https://pubmed.ncbi.nlm.nih.gov/6751735/,1981,A prospective study of symptomatic hypoglycemia in young diabetic patients.,"The frequency of symptomatic hypoglycemia was determined prospectively over an 18-mo period in 147 children and adolescents with diabetes mellitus. All patients were treated with two daily injections of insulin. The data were analyzed to determine the relationship between episodes of symptomatic hypoglycemia and blood glucose control as assessed by hemoglobin A1c measurements. There were 542 patient visits during the study period. During each clinic visit, patients were separated into one of four hypoglycemic categories based on the medical history since the preceding visit. These categories were: no reactions, mild to occasional reactions, mild to frequent reactions, and severe reactions. Reactions were considered severe if they were characterized by altered central nervous system function or prolonged sympathetic nervous system symptoms. Forty-seven percent of the patients reported at least one reaction during the 18-mo study period, but only 4% (i.e., 6 out of 147 patients) reported severe reactions. The mean hemoglobin A1c level was significantly lower in patients who reported reactions than in patients who did not report reactions [hemoglobin A1c values (x +/- SEM) = 7.78 +/- 0.1% vs. 9.48 +/- 0.1%, respectively; P less than 0.001]. The severity of hypoglycemia was inversely related to the degree of altered blood glucose control; episodes of frequent or severe symptomatic hypoglycemia occurred almost exclusively in patients with well-controlled diabetes as reflected in their near-normal hemoglobin A1c levels. There were no significant differences in mean insulin dose/kg, age, or duration of diabetes comparing patients in the four hypoglycemic categories. The results indicate that the hemoglobin A1c level can be a useful clinical guide to identify patients who are most likely to develop serious symptomatic hypoglycemia.",Diabetes care,,"Adolescent; Child; Diabetes Mellitus, Type 1; Female; Glycated Hemoglobin; Humans; Hypoglycemia; Insulin; Male; Prospective Studies","Journal Article; Research Support, U.S. Gov't, P.H.S."
7033091,https://pubmed.ncbi.nlm.nih.gov/7033091/,1981,Calcium-antagonistic effects on glucose response to glucagon in patients with non insulin-dependent diabetes mellitus and in normoglycemic subjects.,"The current study was performed in order to investigate whether verapamil would affect the glucose response to glucagon differently in patients with non insulin-dependent diabetes mellitus (NIDDM) compared with age-matched normoglycemic controls. For that purpose glucagon was injected intravenously on a background infusion of verapamil, and for comparison also on a background infusion of saline in these two groups. Verapamil was found to blunt the glucose response to glucagon in the patients with NIDDM, whereas it augmented the glucose response to glucagon in the controls. This discrepancy could not be explained on the basis of verapamil-induced changes in the release of insulin, since verapamil did not effect the serum responses to glucagon. However, it could reflect the differences in hepatic handling of glucose, which has been shown to prevail in patients with NIDDM compared with healthy controls.",Hormone and metabolic research = Hormon- und Stoffwechselforschung = Hormones et metabolisme,,Aged; Blood Glucose; Calcium; Diabetes Mellitus; Female; Glucagon; Humans; Insulin; Kinetics; Male; Verapamil,Journal Article
6308982,https://pubmed.ncbi.nlm.nih.gov/6308982/,1982,Serum metformin levels in Nigerians with non-insulin-dependent diabetes mellitus.,'Steady state' serum concentrations of metformin have been measured in sixteen Nigerians with non-insulin-dependent diabetes mellitus. There was a thirty-eight-fold variation in the serum levels (50-1886 ng/ml). The mean serum level of metformin was 512 +/- 485.2 ng/ml. This compared favourably with the mean levels (382.3 +/- 76.9 ng/ml) obtained in a similar study in Italians. The observed levels however fell far short of those expected in patients on 1-5 g metformin daily. The role of poor bioavailability vis-à-vis poor patient compliance deserves further detailed pharmacokinetic study.,African journal of medicine and medical sciences,,Adult; Aged; Diabetes Mellitus; Female; Humans; Male; Metformin; Middle Aged; Nigeria,Journal Article
7091092,https://pubmed.ncbi.nlm.nih.gov/7091092/,1982,Transient neonatal diabetes mellitus in half sisters. A sequel.,"This is a sequel to a previous report of two half sisters with transient neonatal diabetes mellitus. In 1970, the same syndrome developed in a third half sibling, a boy, born of the same father by his third wife. It followed essentially the same neonatal clinical course as that of his two half sisters. The firstborn sibling, aged 19 years, is reported to be free of signs and symptoms of diabetes; the third born was clinically well with no glycosuria at 9 years 3 months of age, and was reported to be in good health at 11 years of age. In 1978, at age 15 years diabetic ketoacidosis and coma developed in the second-born sister and she has had insulin-dependent diabetes since that time. These cases present a unique genetic pattern and, to our knowledge, there have been no reports of cases of transient neonatal diabetes becoming full-blown type I insulin-dependent diabetes mellitus later in life.",American journal of diseases of children (1960),,"Adolescent; Diabetes Mellitus; Female; Humans; Infant, Newborn; Infant, Newborn, Diseases; Male",Case Reports; Journal Article
6357915,https://pubmed.ncbi.nlm.nih.gov/6357915/,1983,Glucose utilization in Type 1 (insulin-dependent) diabetes: Evidence for a defect not reversible by acute elevations of insulin.,"It has long been assumed that replacement of insulin in insulin-deficient diabetic patients will normalise glucose utilization. In this study, glucose utilization was measured in nine long-standing, poorly controlled diabetic patients and five control subjects, matched for age (33 +/- 3 versus 33 +/- 2 years) and ponderal index (22.9 +/- 1.3 versus 21.7 +/- 1.0). Glucose uptake was measured during steady state insulinaemia in the diabetic patients and control subjects, at euglycaemia (5.5 +/- 0.5 versus 5.4 +/- 0.3 mmol/l, respectively) and moderate hyperglycaemia (11.8 +/- 0.9 versus 10.2 +/- 0.7 mmol/l, respectively). At euglycaemia with similar free insulin levels (50 +/- 19 versus 43 +/- 9 mU/l; p greater than 0.6), the diabetic patients utilized less glucose than the control subjects (27.8 +/- 4.2 versus 56.4 +/- 5.7 mumol.kg-1.min-1;.p less than 0.005). During hyperglycaemia, the diabetic patients utilized almost as much glucose as the control subjects did at euglycaemia (49.9 +/- 6.4 versus 56.4 +/- 5.7 mumol.kg-1.min-1, respectively). In the control subjects, a 1-mmol/l rise in glucose concentration (with insulin remaining constant) resulted in a 12.3 +/- 1.3 mumol.kg-1.min-1 rise in glucose utilization. In contrast, in the diabetic patients, a 1-mmol/l rise in blood glucose resulted in a rise in glucose utilization of only 3.8 +/- 0.8 mumol.kg-1.min-1 (p less than 0.001), in the presence of similar concentrations of plasma insulin. This defect of glucose utilization in Type1 diabetic patients could not be reversed by acutely raising insulin to 247 +/- 23 mU/l.(ABSTRACT TRUNCATED AT 250 WORDS)",Diabetologia,,"Adult; Blood Glucose; C-Peptide; Diabetes Mellitus, Type 1; Female; Glucose; Humans; Insulin; Insulin Resistance; Male; Middle Aged","Journal Article; Research Support, Non-U.S. Gov't"
6634559,https://pubmed.ncbi.nlm.nih.gov/6634559/,1983,Unrecognised nocturnal hypoglycaemia masquerading as senile dementia.,A 70-year-old woman with insulin dependent diabetes mellitus presented with symptoms suggestive of senile dementia. Outpatient assessment failed to reveal poor diabetic control with frequent nocturnal hypoglycaemia. Eventual appreciation of the poor control resulted in several failed attempts at improving therapy with various subcutaneous insulin regimes. Intramuscular and intravenous routes produced acceptable blood glucose levels with striking reversal of the patient's symptoms. The possible causes of nocturnal hypoglycaemia in this patient are discussed.,Postgraduate medical journal,,"Dementia; Diagnosis, Differential; Female; Humans; Hypoglycemia; Middle Aged",Case Reports; Journal Article
6205922,https://pubmed.ncbi.nlm.nih.gov/6205922/,1984,Plasma beta-thromboglobulin response to insulin-induced hypoglycemia in type I diabetic patients.,"The effect of an insulin-induced hypoglycemia was examined in 14 type I diabetic patients. After an overnight blood glucose normalization, each patient received an additional intravenous bolus of 3 U regular insulin at 0900 h (time 0). Blood glucose was continuously recorded up to 180 min. Plasma samples were assayed for beta-thromboglobulin (beta TG, ng/ml), pancreatic glucagon (pg/ml), cortisol (microgram/dl), and growth hormone (ng/ml) 30 min before the insulin stress, at time 0, at blood glucose nadir, and at 180 min. The blood glucose fell from a baseline level of 85.0 +/- 3.2 mg/dl to a nadir value of 39.2 +/- 1.9 mg/dl (P less than 0.001) reached at an average time of 41.4 +/- 4.9 min. Plasma beta TG increased significantly (P less than 0.05) during the insulin stress: 93.4 +/- 23.7 ng/ml at nadir versus 42.5 +/- 5.9 at time 0. Plasma cortisol and growth hormone were significantly increased (P less than 0.02 and P less than 0.01) at nadir compared with time 0 values. Plasma pancreatic glucagon was higher at nadir than at time 0, but the difference was not significant. The present results indicate that in vivo platelet activation can be triggered by hypoglycemic episodes in insulin-treated diabetic patients.",Diabetes,,"Adolescent; Adult; Beta-Globulins; Blood Glucose; Diabetes Mellitus, Type 1; Glucagon; Growth Hormone; Humans; Hydrocortisone; Hypoglycemia; Insulin; Middle Aged; beta-Thromboglobulin",Journal Article
4060795,https://pubmed.ncbi.nlm.nih.gov/4060795/,1985,[Circadian behavior of hemostaseologic parameters in diabetic patients and metabolically healthy individuals].,"In three groups of test persons [10 persons each with healthy metabolism under fasting (A) and intake of food (B); 10 insulin-dependent diabetics (C)] the determinations of the thromboplastin time, the partial thromboplastin time, the bleeding time, the spontaneous fibrinolytic activity, the number of thrombocytes and the aggregation of platelets were carried out on the day (A) and round the clock (B abd C), respectively. The values of the fasting persons with healthy metabolism distributed themselves on the day constantly in the area of width of errors. Under food intake persons with healthy metabolism showed circadian variations of the several tests. In diabetics the parameters of haemostasis revealed in the course of day a clear increase of the unstable behaviour compared with the control group B. There were no relations to the actual blood sugar value. In a tendency to more coagulation-active values in the late afternoon interindividually a general biorhythmical behaviour pattern could not be recognized. The proved increased circadian labilisation of the haemostasis potential in diabetics deserves more attention with regard to the connection between thrombophilia and atherogenesis.",Zeitschrift fur die gesamte innere Medizin und ihre Grenzgebiete,,"Adolescent; Adult; Aged; Blood Coagulation Tests; Circadian Rhythm; Diabetes Mellitus, Type 1; Female; Fibrinogen; Humans; Male; Middle Aged",English Abstract; Journal Article
2947878,https://pubmed.ncbi.nlm.nih.gov/2947878/,1986,"Down's syndrome, hypothyroidism and insulin-dependent diabetes mellitus.","We describe a child with Down's syndrome who developed an insulin-dependent diabetes mellitus at the age of 8 years and hypothyroidism at the age of 17 years. Because of the well known tendency to autoimmune diseases of patients with Down's syndrome, an autoantibody screening was undertaken. Only a low titre for gastric parietal cell antibodies was repeatedly found, but a gastric biopsy did not reveal chronic atrophic gastritis. Thyroid function should be checked periodically in patients with Down's syndrome since they might suffer from hypothyroidism which may not be recognized for a long time because of its latent onset.",Helvetica paediatrica acta,,"Child; Diabetes Mellitus, Type 1; Down Syndrome; Humans; Hypothyroidism; Male; Thyroxine",Case Reports; Journal Article
3945267,https://pubmed.ncbi.nlm.nih.gov/3945267/,1986,Relation between complications of type I diabetes mellitus and collagen-linked fluorescence.,"Nonenzymatically glycosylated proteins gradually form fluorescent cross-linked protein adducts--a process termed ""browning."" The rate of this reaction increases with the glucose concentration. Assaying for the presence of browning products in long-lived proteins should therefore provide information on long-term metabolic control. We measured collagen-linked fluorescence typical for nonenzymatic browning in skin-biopsy specimens from 41 subjects with longstanding Type I diabetes and from 25 controls. Fluorescence correlated with age and (weakly) with the duration of diabetes. Mean age-adjusted fluorescence values were twice as high in diabetic subjects as in control subjects (P less than 0.0001) and increased with the severity of retinopathy, nephropathy, and arterial and joint stiffness. The correlation was significant for retinopathy (r = 0.42; P less than 0.01), arterial stiffness (r = 0.41; P less than 0.01), joint stiffness (r = 0.34; P less than 0.05), and the sum of all complications (r = 0.47; P less than 0.01). Fluorescence also correlated with systolic (r = 0.42; P less than 0.01) and diastolic (r = 0.36; P less than 0.05) blood pressures. If one can assume that the fluorescence results from a browning product of glucose, our data suggest that there is an overall correlation between the severity of diabetic complications and cumulative glycemia over many years.",The New England journal of medicine,,"Adult; Age Factors; Collagen; Diabetes Mellitus, Type 1; Diabetic Angiopathies; Diabetic Nephropathies; Diabetic Retinopathy; Female; Fluorescence; Glucose; Humans; Joint Diseases; Male; Middle Aged; Skin","Journal Article; Research Support, Non-U.S. Gov't; Research Support, U.S. Gov't, P.H.S."
3669177,https://pubmed.ncbi.nlm.nih.gov/3669177/,1987,Penile necrosis secondary to an indwelling Foley catheter.,Penile necrosis is a rare entity but it may be brought about more readily if certain risk factors are present. Such factors are discussed in this paper and the reader is forewarned about this problem.,The Journal of urology,,"Catheterization; Catheters, Indwelling; Diabetes Mellitus, Type 1; Humans; Kidney Failure, Chronic; Male; Middle Aged; Necrosis; Penis; Risk Factors; Time Factors",Case Reports; Journal Article
3272815,https://pubmed.ncbi.nlm.nih.gov/3272815/,1988,HLA-DR1 and HLA-DR3 phenotypes and insulin antibody production in diabetic Sicilian patients.,"We have evaluated the role played by HLA antigens in the control of humoral response to exogenous insulin in a sample of Sicilian insulin-dependent diabetes mellitus patients. The results demonstrate that HLA-DR1-positive patients show the highest mean values of insulin antibody, whereas HLA-B18,DR3-positive patients show the lowest. Thus, present observations show that HLA-DR1- and HLA-DR3-linked genes do play opposite roles in the humoral immune response to an exogenous protein, i.e. injected insulin. These results might be consistent with the findings concerning the mechanisms involved in the resistance and/or susceptibility to immunological diseases. In this regard, the fact that no immunological spontaneous disorder has been shown to be associated with HLA-DR1, whereas several have been shown to be associated with HLA-DR3, is intriguing.",Experimental and clinical immunogenetics,,"Adolescent; Adult; Child; Diabetes Mellitus, Type 1; Female; HLA-DR1 Antigen; HLA-DR3 Antigen; Humans; Insulin Antibodies; Male; Phenotype; Sicily",Journal Article
2688138,https://pubmed.ncbi.nlm.nih.gov/2688138/,1989,"[Treatment of unstable diabetes mellitus in children and adolescents using insulin administered by a semi-automated syringe, NovoPen].","An insulin device, NovoPen, incorporating human actrapid insulins was used in a group of 6 poor--controlled diabetic adolescents, aged 15 years (mean 8-18.7) with duration of diabetes 8.2 +/- 4.8 years (mean +/- S.D). The study was carried out in insulin-dependent diabetic young-people, to test the efficacy and acceptance of an intensified insulin therapy (an injection of short-acting insulin before each of the three meals using NovoPen plus an evening injection of human ultratard insulin from a conventional syringe) in the hope of achieving the improved control. All patients completed a 6-months NovoPen-therapy and preferred to continue with the multiple injection regimen in the long term. Metabolic control was improved, the values of haemoglobin A1c decreased from 16.8% to 13.4% (statistically significant) during the study. The use of the NovoPen injection device proved to be a safe and acceptable method of therapy; it offered the patients a marked freedom and liberalization of everyday life.",Srpski arhiv za celokupno lekarstvo,,"Adolescent; Child; Diabetes Mellitus, Type 1; Female; Humans; Injections, Subcutaneous; Insulin; Male",English Abstract; Journal Article
2789462,https://pubmed.ncbi.nlm.nih.gov/2789462/,1989,"Insulin binding substances, autoimmunity and type I diabetes in Kuwaiti patients and their kindred.","Insulin autoantibodies (IAAs) are associated with type I diabetes mellitus (DM) and have been suggested as predictive markers of the disease. Using an ELISA assay, we have studied the prevalence of binding to human insulin in sera from an Arab type I DM population and compared it with the prevalence in the family members (FMs) of the probands, in type II DM patients from the same population, and in Arab control subjects. Significant levels of binding occurred in 11/16 (69%) of type I DM patients and in 21/34 (62%) of their FMs, but in only 5/31 (16%) of type II DM patients and in 1/25 (4%) of control subjects. Within families, there was homogeneity with regard to the level of insulin binding and the mean family levels correlated with those of the proband (r = 0.68, df = 7, p = 0.05). HLA-DR3 or -DR4 antigens occurred in 55/63 (87%) of type I DM patients and in 95/118 (81%) of their FMs. This was significantly higher (p less than 0.001) than in either type II DM patients (39/75, 52%) or in control subjects (34/93, 37%). ICAs were present in significantly more (25/43, 58%) of type I DM patients than their FMs (3/82, 3%) (p less than 0.001). They did not occur in either type II DM patients or in the control group. In conclusion, insulin binding occurred in sera from both type I diabetic patients and their kindred, and hence did not appear to be specifically associated with the development of clinical diabetes.",Acta diabetologica latina,,"Adolescent; Adult; Age Factors; Autoantibodies; C-Peptide; Diabetes Mellitus, Type 1; Diabetes Mellitus, Type 2; Enzyme-Linked Immunosorbent Assay; Family; Female; HLA-DR Antigens; HLA-DR3 Antigen; HLA-DR4 Antigen; Hemoglobin A; Humans; Insulin Antibodies; Kuwait; Male; Middle Aged","Journal Article; Research Support, Non-U.S. Gov't"
2124448,https://pubmed.ncbi.nlm.nih.gov/2124448/,1990,[Ambulatory blood pressure in hypertension with dysautonomia].,"The purpose of the study was to evaluate the interest of ambulatory blood pressure (BP) recording (ABPR) in the management of arterial hypertension (AH) with dysautonomia. The study concerned 8 hypertensive patients (pts), 5 men, 3 females 52 +/- 10 years old, with orthostatic hypotension (OH): BP was 162 +/- 19/87 +/- 16 mmHg and 129 +/- 15/76 +/- 8 mmHg in lying and standing position respectively. In two cases AH was associated with a central degenerative disorder whereas the six other pts had a diabetic dysautonomia: bad metabolic control (HBA1c 14.4 +/- 2.7%), and incipient or over nephropathy (4 pts). ABPR was performed in all pts during 24 hours (space-labs system). In these hypertensive pts with OH, the mean 24 hour-BP was surprisingly normal at 128 +/- 11/76 +/- 6 mmHg. ABPR demonstrated the loss of nocturnal decline in BP: diurnal and nocturnal BP were respectively 125 +/- 13/74 +/- 6 mmHg and 133 +/- 16/78 +/- 10 mmHg (NS). 6 of 8 pts had an increase in BP at night resulting for the population (n = 8) in a nocturnal increase (%) of + 5.6%, this pattern widely differs from controls--13%. The decrease in heart rate during sleep was blunted but significant from 89 +/- 9 b/min to 81 +/- 9 b/min (p 0.01). Diurnal and nocturnal BP variability (V), assessed by variation coefficient were not significantly different: SBP-V was 10.3 +/- 6.4% day and 12.3 +/- 4.2% night, DBP-V 7.5 +/- 6.3% day and 12.5 +/- 3.1% night.(ABSTRACT TRUNCATED AT 250 WORDS)",Archives des maladies du coeur et des vaisseaux,,"Adult; Ambulatory Care; Autonomic Nervous System Diseases; Blood Pressure; Blood Pressure Monitors; Circadian Rhythm; Diabetes Mellitus, Type 1; Female; Heart Rate; Humans; Hypertension; Hypotension, Orthostatic; Male; Middle Aged",English Abstract; Journal Article
2203875,https://pubmed.ncbi.nlm.nih.gov/2203875/,1990,The predictive capability of the glycaemic response to spaghetti in non-insulin dependent (NIDDM) and insulin dependent (IDDM) diabetic subjects.,"To evaluate the predictive capability of the postprandial blood glucose response after consumption of a starch-rich meal, we compared the glycaemic effects of spaghetti (60 g) taken alone and with bolognese sauce (167 g). The study was carried out in both NIDDM (n = 6) and IDDM (n = 6) subjects. The latter had achieved normoglycaemia 120 min prior to the test meal by means of an artificial pancreas (Biostator) which provided constant insulinaemia during the observation period of 4 h. We found that the areas of blood glucose (above basal) were identical irrespective of whether spaghetti was taken alone or as part of a mixed meal in both NIDDM (484 +/- 154 mmol l-1 240 min-1 vs. 393 +/- 126 mmol l-1 240 min-1) and IDDM subjects (610 +/- 143 mmol l-1 240 min-1 vs. 770 +/- 135 mmol l-1 240 min-1). The insulin levels were identical in the IDDM diabetics. By contrast, the mixed meal caused a more marked insulinaemic response than spaghetti per se in the NIDDM subjects (3187 +/- 637 mU l-1 240 min-1 vs. 1940 +/- 235 mU l-1 240 min-1; P less than 0.05). In conclusion, the predictive capability of the glycaemic response to spaghetti was good in both IDDM and NIDDM diabetic subjects, at least under the conditions of the present study.",Journal of internal medicine,,"Blood Glucose; Diabetes Mellitus, Type 1; Diabetes Mellitus, Type 2; Dietary Carbohydrates; Female; Glycated Hemoglobin; Humans; Insulin; Male; Predictive Value of Tests","Journal Article; Research Support, Non-U.S. Gov't"
1788205,https://pubmed.ncbi.nlm.nih.gov/1788205/,1991,[Physical working capacity and myocardial perfusion in patients with diabetes mellitus].,"A study was made of the interrelationship of myocardial perfusion with physical working capacity in different types of DM (with the duration of disease from 4 to 8 years without clinical signs of circulatory insufficiency). Rated physical exercise testing in 12 patients with insulin dependent diabetes and 27 patients with noninsulin dependent diabetes as well as in 40 healthy subjects has shown a GTT decrease in diabetes mellitus irrespective of patient's age, sex and body mass to be more marked in noninsulin dependent type and to be closely related to disturbed oxygen supply of the heart and a lowered myocardial reserve. Bicycle ergometric testing combined with 201Tl scintigraphy in 20 patients has shown disorder of perfusion in all the patients irrespective of a diabetes type and duration of disease. Insulin dependent diabetes mellitus was characterized by stable perfusion defects resulting from metabolic derangements, and noninsulin dependent diabetes mellitus was characterized by a decrease in the level of a maximum Tl uptake by the myocardium and transient perfusion defects of ischemic type.",Problemy endokrinologii,,Adult; Diabetes Mellitus; Exercise Test; Female; Glucose Tolerance Test; Heart; Hemodynamics; Humans; Male; Middle Aged; Perfusion; Physical Exertion; Work Capacity Evaluation,English Abstract; Journal Article
2019226,https://pubmed.ncbi.nlm.nih.gov/2019226/,1991,Exercise habits and exercise relapse in persons with non-insulin-dependent diabetes mellitus.,"Exercise is widely recognized as a crucial component in the management of non-insulin-dependent diabetes mellitus (NIDDM), but little is known about actual exercise practices in this group. This study investigated exercise habits in 60 persons with NIDDM and 60 nondiabetic significant others. Despite the importance of exercise, most of the persons with NIDDM in our study were not exercising regularly, and the percent of persons exercising regularly was no greater in the diabetic group than in the group of significant others. Although those with NIDDM reported more frequent discussion about exercise with health care professionals, only 25% reported receiving specific guidelines for exercise. Diabetic respondents reported a greater number of relapse or dropout episodes than did the nondiabetic significant others, and relapse was associated with increased guilt. Persons with NIDDM appear to receive recommendations to exercise without instruction on exercise maintenance strategies, resulting in more failed attempts to exercise, and increased guilt. Interventions shown to be effective for increasing exercise maintenance need to be incorporated into the diabetic regimen.",The Diabetes educator,,"Diabetes Mellitus, Type 2; Exercise; Female; Health Behavior; Humans; Male; Middle Aged; Patient Education as Topic; Surveys and Questionnaires","Journal Article; Research Support, U.S. Gov't, P.H.S."
1595513,https://pubmed.ncbi.nlm.nih.gov/1595513/,1992,Intensive insulin therapy: Part II. Multicomponent insulin regimens.,"In patients with insulin-dependent diabetes mellitus, insulin is an absolute requirement for life. Once-daily insulin administration is not sufficient to maintain physiologic insulin delivery. Twice-daily delivery of a combination of intermediate-acting and regular insulin may be effective but may limit lifestyle flexibility. Other popular regimens include three daily injections (with a bedtime dose of intermediate-acting insulin) and use of a combination of ultralente and regular insulin. Continuous subcutaneous insulin infusion is another option for patients with insulin-dependent diabetes. In patients with noninsulin-dependent diabetes who require insulin, control can often be achieved with a single daily injection. Recently, the use of bedtime NPH or ultralente insulin has been emphasized for control of moderate hyperglycemia in these patients. For patients with severe hyperglycemia, insulin administration is similar to that for patients with insulin-dependent diabetes. The use of combination therapy with insulin and sulfonylurea for noninsulin-dependent diabetes is controversial.",American family physician,,"Blood Glucose; Clinical Protocols; Diabetes Mellitus; Drug Administration Schedule; Drug Therapy, Combination; Eating; Humans; Infusions, Parenteral; Injections, Subcutaneous; Insulin",Journal Article; Review
1604625,https://pubmed.ncbi.nlm.nih.gov/1604625/,1992,Duct-enterostomy as a treatment of pancreatic fistula in a bladder-drained pancreas transplant.,"A case of combined pancreaticoduodeno-renal transplant with good graft function was complicated by recurrent episodes of graft pancreatitis treated by vesical catheter drainage. Four months after transplantation, a fistula from the pancreatic body associated with ascitis was identified. Anastomosis between pancreatic fistula and an individualized jejunal loop was performed. The duodenocystostomy was not disconnected. A splint placed inside the wirsung was exteriorized percutaneously through the jejunal loop and removed 30 days after the operation. Both kidney and pancreas grafts are functioning normally 2 years after transplantation.",Transplantation proceedings,,"Adult; Diabetes Mellitus, Type 1; Drainage; Enterostomy; Fistula; Humans; Kidney Transplantation; Male; Pancreas Transplantation; Pancreatic Ducts; Postoperative Complications; Urinary Bladder",Case Reports; Journal Article
8405757,https://pubmed.ncbi.nlm.nih.gov/8405757/,1993,Cell membrane fatty acid composition in type 1 (insulin-dependent) diabetic patients: relationship with sodium transport abnormalities and metabolic control.,"We have studied the fatty acid composition of erythrocyte membrane phospholipids in nine Type 1 (insulin-dependent) diabetic patients and nine healthy control subjects. Cell membranes from the diabetic patients showed a marked decrease in the total amount of polyunsaturated fatty acids (19.0% +/- 2.2 vs 24.6% +/- 1.4, p < 0.0001) mainly at the expense of docosahexaenoic acid C22:6(n3) (2.9% +/- 1.1 vs 5.3% +/- 1.3, p < 0.001), and arachidonic acid C20:4n6 (12.0% +/- 1.6 vs 15.1% +/- 0.6, p < 0.0005). Conversely, the total amount of saturated fatty acids was significantly increased (p < 0.05) and the polyunsaturated/saturated ratio was decreased in the Type 1 diabetic patients (p < 0.00 005). Neither the time from diagnosis, nor C-peptide levels, correlated with parameters indicating a poor metabolic control of Type 1 diabetes. However, C22:6(n-3) and total n-3 content significantly correlated with HbA1c (r = -0.79 and r = -0.88, respectively, p < 0.01), fructosamine (r = -0.71 and r = -0.74, respectively, p < 0.05), and Na+-K+ ATPase activity (maximal rate/Km quotient) (r = 0.78 and r = 0.71, respectively, p < 0.05). In conclusion we have found marked alterations of cell membrane lipid composition in Type 1 diabetic patients. These cell membrane abnormalities in lipid content were related to sodium transport systems and to poor metabolic control. Either diet, or the diabetic state, might be responsible for the observed cell membrane abnormalities. A dietary intervention study might differentiate the role of diet and diabetes in the reported cell membrane alterations.",Diabetologia,,"Adult; Biological Transport; Cholesterol; Diabetes Mellitus, Type 1; Erythrocyte Membrane; Fatty Acids; Fatty Acids, Unsaturated; Female; Humans; Lipoproteins, HDL; Lipoproteins, LDL; Male; Membrane Lipids; Phospholipids; Reference Values; Sodium; Sodium-Potassium-Exchanging ATPase",Journal Article
8012161,https://pubmed.ncbi.nlm.nih.gov/8012161/,1994,Differential diagnosis of neuropathic lesions in diabetic and alcoholic patients.,"Cardiovascular reflex tests are used extensively to screen diabetic patients for autonomic cardiac neuropathy. Since alcohol abuse must often be considered the cause of nerve damage in internally ill patients, we examined 66 nonalcoholic type 1 (insulin-dependent) diabetics and 63 nondiabetic alcoholics matched for age, weight, and duration of disease to determine whether specific patterns of complaints, symptoms, signs, and results of the cardiovascular reflex tests can differentiate between alcoholic and diabetic nerve damages. In these carefully selected diabetic and alcoholic patients the medical history, clinical neurological assessment, and reflex test results all showed significant differences, resulting in different patterns which allow the correct allocation of nerve damage to either diabetic or alcoholic origin with easily available clinical means.",The Clinical investigator,,"Adolescent; Adult; Autonomic Nervous System; Blood Pressure; Cardiomyopathy, Alcoholic; Diabetes Mellitus, Type 1; Diabetic Neuropathies; Diagnosis, Differential; Female; Heart Rate; Humans; Male; Middle Aged; Posture; Reflex, Abnormal; Valsalva Maneuver",Journal Article
7566857,https://pubmed.ncbi.nlm.nih.gov/7566857/,1995,Use of the TDx-FLM assay in evaluating fetal lung maturity in an insulin-dependent diabetic population. The Diabetes and Fetal Maturity Study Group.,"OBJECTIVE: To assess the usefulness of the recently introduced TDx-FLM assay in managing pregnant women with diabetes. METHODS: Participating institutions were recruited from the 1993 and 1994 Society of Perinatal Obstetricians Diabetes Special Interest Group meetings. Study patients consisted of insulin-dependent diabetic women who had undergone transabdominal amniocentesis with assay of the fluid by the TDx-FLM method. Pertinent data were requested concerning pregnancy and respiratory outcomes of the corresponding neonates. RESULTS: Data from 261 pregnancies at 13 institutions were collected. Eight of the 182 infants born within 4 days of amniocentesis developed respiratory distress syndrome (RDS); five of the eight infants with RDS required intubation, and all five had TDx-FLM values less than 70 mg of surfactant per gram of albumin. Three of the eight infants with RDS required hood oxygen only; two of these infants had TDx-FLM values at least 70 mg/g. Thirteen of 144 (9%) subjects who delivered within 4 days of amniocentesis and for whom a TDx-FLM assay and phosphatidylglycerol level were both reported had a TDx-FLM level of at least 70 mg/g and a negative phosphatidylglycerol result. No infant with this combination of results developed RDS. Fifteen of the 40 patients who delivered more than 4 days after amniocentesis, with both tests available, had TDx-FLM values at least 70 mg/g and were phosphatidylglycerol negative. CONCLUSION: In infants of diabetic mothers, TDx-FLM values at least 70 mg/g were not associated with RDS requiring intubation. The TDx-FLM assay may be useful in determining the best time of delivery for pregnant patients with diabetes, especially in a situation in which the TDx-FLM assay is mature and the phosphatidylglycerol result is immature.",Obstetrics and gynecology,,"Adolescent; Adult; Albumins; Amniocentesis; Amniotic Fluid; Diabetes Mellitus, Type 1; Female; Fetal Organ Maturity; Fluorescence Polarization; Humans; Infant, Newborn; Lung; Phosphatidylglycerols; Predictive Value of Tests; Pregnancy; Pregnancy in Diabetics; Pulmonary Surfactants; Respiratory Distress Syndrome, Newborn; Sensitivity and Specificity",Journal Article; Multicenter Study
8731565,https://pubmed.ncbi.nlm.nih.gov/8731565/,1996,Non-insulin-dependent diabetes mellitus: dietary monounsaturated fatty acids and low-density lipoprotein composition and function.,"Alterations in low-density lipoprotein (LDL) composition in diabetes affect its function with respect to control of de novo cholesterol synthesis. We examined the effect of 4 weeks of an oleic-acid-rich diet on LDL composition and function in eight Type 2 diabetic and eight non-diabetic control subjects. LDL (density 1.019-1.063 g/l) was isolated by sequential ultracentrifugation. LDL composition was measured and LDL fatty acids were determined by gas liquid chromatography. Cholesterol synthesis was measured by [14C]-acetate incorporation into the freshly isolated mononuclear leucocytes. Fasting blood glucose fell from 9.3 +/- 2.0 to 8.2 +/- 1.2 mmol/l (p < 0.05) and fasting serum insulin increased from 8.3 +/- 2.8 to 10.4 +/- 5.0 mIU/l (p > 0.05) in the diabetic patients. LDL oleic acid increased in the diabetic patients from 18.8 +/- 1.8% to 22.5 +/- 1.9% (p < 0.01) and in the non-diabetic subjects from 19.9 +/- 1.8% to 23.3 +/- 2.8% (p < 0.01). The LDL-esterified to free cholesterol ratios of 3.0 +/- 0.6 and 2.7 +/- 0.2 for the diabetic and non-diabetic patients were similar, and decreased significantly (p < 0.01) to 2.4 +/- 0.5 and 2.2 +/- 0.4, respectively. Baseline [14C]-acetate incorporation was similar in the two groups, and decreased after diet from 437 +/- 239 to 249 +/- 144 ng/g cell protein (p < 0.05) in the diabetic patients. There was a negative correlation between the LDL-esterified to free cholesterol ratio and the ratio of oleic to linoleic acid in the LDL (r = -0.39, p < 0.05) and a negative correlation between fasting blood glucose and LDL oleic acid in the diabetic patients (r = -0.51, p < 0.05). Enrichment of LDL with oleic acid appears to improve its ability to regulate endogenous cholesterol synthesis in both control and diabetic subjects. In the diabetic population, the diet had a favourable effect on glycaemic control.",QJM : monthly journal of the Association of Physicians,,"Acetates; Adult; Arachidonic Acid; Arteriosclerosis; Blood Glucose; Cholesterol; Diabetes Mellitus, Type 2; Fasting; Female; Humans; Linoleic Acid; Linoleic Acids; Lipoproteins, LDL; Male; Middle Aged; Oleic Acid; Oleic Acids",Journal Article
8781962,https://pubmed.ncbi.nlm.nih.gov/8781962/,1996,Determination of anti-AGE antibodies in human serum.,"The aim of this study was to develop an immunoenzyme method for the determination of anti-AGE antibodies in human serum. Human aortic elastin glycated in vitro (AGE-elastin) was used as an antigen, expressing AGE-epitopes, common to all glycated proteins. Polyclonal serum from guinea-pig against AGE-Hemocyanin was obtained according to Nakayama et al. [(1989) Biochem Biophys Res Commun 162: 740-45] and its specificity was tested via direct and competitive ELISA. Sera of 20 type 1 diabetic patients and 20 healthy subjects were tested using the method described. Seventeen patients had elevated levels of competing factors that may be anti-AGE antibodies, compared with the healthy group. The method could be used for investigation of different clinical groups of type 1 diabetic patients. Such a study would help in understanding the pathogenic role of autoantibodies against advanced glycation end products of proteins for the development of long-term diabetic complications.",Glycoconjugate journal,,"Animals; Antibodies; Antibody Specificity; Autoantibodies; Diabetes Mellitus, Type 1; Elastin; Enzyme-Linked Immunosorbent Assay; Epitopes; Glycation End Products, Advanced; Guinea Pigs; Hemocyanins; Humans; Reference Values",Comparative Study; Journal Article
9300243,https://pubmed.ncbi.nlm.nih.gov/9300243/,1997,Muscular atrophy in diabetic neuropathy: a stereological magnetic resonance imaging study.,"Diabetic patients with polyneuropathy develop motor dysfunction. To establish whether motor dysfunction is associated with muscular atrophy the ankle dorsal and plantar flexors of the non-dominant leg were evaluated with magnetic resonance imaging in 8 patients with symptomatic neuropathy, in 8 non-neuropathic patients and in 16 individually matched control subjects. In the neuropathic patients the muscle strength of the ankle dorsal and plantar flexors was reduced by 41% as compared to the non-neuropathic patients (p < 0.005). Volume of the ankle dorsal and plantar flexors was estimated with stereological techniques from consecutive cross-sectional images of the lower leg. The neuropathic patients had a 32% reduction in volume as compared with the non-neuropathic patients (p < 0.005). To determine the regional distribution of atrophy cross-sectional magnetic resonance images were performed at predetermined levels of the lower leg in relation to bone landmarks. In the neuropathic patients there was an insignificant increase of 3% of muscle area at the proximal lower leg level, whereas the atrophy was 43% (p < 0.002) at the mid lower leg level and 65% (p < 0.002) distally. Analysis of individual muscles confirmed that the atrophy predominated distally. We conclude that muscular atrophy underlies motor weakness at the ankle in diabetic patients with polyneuropathy and that the atrophy is most pronounced in distal muscles of the lower leg indicating that a length dependent neuropathic process explains the motor dysfunction.",Diabetologia,,"Adult; Ankle Joint; Diabetes Mellitus, Type 1; Diabetic Neuropathies; Female; Humans; Knee; Leg; Magnetic Resonance Imaging; Male; Middle Aged; Muscles; Muscular Atrophy; Pain; Radionuclide Imaging",Comparative Study; Journal Article
9533990,https://pubmed.ncbi.nlm.nih.gov/9533990/,1998,The role of the primary care physician in caring for patients with type-1 diabetes.,"The management of type-1 diabetic patients is a challenge. Given the natural frequency of this medical problem, most primary care providers will have such patients in their office-based practice. The push for tighter control in order to lessen long-term complications is a sensible move, but it does not inherently require that you absent yourself from the loop. Most of the hoopla from the DCCT study has been used to justify the role of the endocrine sub-specialty team in the ""primary care"" management of all diabetic patients so that third-party payers will continue to fund such care as routine. While such team management has clear benefits, it should not preclude your active involvement in day-to-day management for fear that you do not have the proper credentials. Hopefully, this overview will give you the confidence to jump back in the ring.",Comprehensive therapy,,"Adolescent; Adult; Blood Glucose; Diabetes Mellitus, Type 1; Female; Humans; Male; Patient Compliance; Physician's Role; Physician-Patient Relations; Primary Health Care",Case Reports; Journal Article; Review
10706327,https://pubmed.ncbi.nlm.nih.gov/10706327/,1999,Isolated systolic hypertension in the elderly: lessons from clinical trials and future directions.,"Systolic blood pressure (SBP) is a more reliable predictor of cardiovascular disease (CVD) events than is diastolic blood pressure (DBP). Perhaps the reduction of SBP should be more of the imperative of treatment than the reduction of DBP. Although two recent guidelines (WHO/ISH and JNC-VI) have recommended treating SBP to goal, there seems to be a reluctance in the medical community to embrace this paradigm shift and revise treatment plans. The deleterious effects of ignoring these findings are especially damaging to those with isolated systolic hypertension (ISH), which affects approximately two-thirds of hypertensive patients between the ages of 65 and 89 years. Two large clinical trials, the Systolic Hypertension in the Elderly Program (SHEP) and the Systolic Hypertension in Europe (Syst-EUR) trial have confirmed that reducing SBP in the elderly with stages 2 and 3 ISH (SBP > or = 160 mmHg with DBP < 90 mmHg in SHEP and SBP > 160 mmHg with DBP < 95 mmHg in Syst-EUR) reduced morbidity and mortality. Two SHEP sub-studies found that lowering SBP in subjects with non-insulin-dependent diabetes mellitus (NIDDM) and those with a history of myocardial infarction (MI) reduced the incidence of stroke and heart failure, as well as several other endpoints. The beneficial effects were corroborated in Syst-EUR where stroke (fatal and nonfatal), CVD endpoints and mortality were all significantly reduced when SBP was lowered 20 mmHg in subjects > 60 years of age. Despite these findings, however, recent analysis suggests that most hypertension treatment decisions continue to be based on DBP measurements instead of SBP. To combat this treatment gap, we must disseminate this information and motivate physicians and other providers to include reduction of SBP in their treatment plans. We must also encourage the development of antihypertensive drugs that lower SBP more effectively than those that are currently available.",Journal of hypertension. Supplement : official journal of the International Society of Hypertension,,"Aged; Aged, 80 and over; Antihypertensive Agents; Blood Pressure; Clinical Trials as Topic; Diuretics; Drug Therapy, Combination; Humans; Hypertension; Myocardial Contraction; Prognosis",Journal Article; Review
10829521,https://pubmed.ncbi.nlm.nih.gov/10829521/,2000,Medical treatment of chronic pancreatitis.,"The medical treatment has an important role in patients with chronic pancreatitis. Pain is the most frequent symptom, at least in the initial phases of the disease. In about 60% of patients it can be successfully treated by medical therapy; in the remaining 40% it requires surgery. Malabsorption of fat and protein and diabetes usually appear in the advanced stages of the disease. The treatment of these complications is based on the administration of pancreatic extracts and insulin. There are several types of pancreatic extracts; the most useful are those with high lipase content and high lipase-protease ratio. Moreover, they should be protected against gastric acid and should have a gastric emptying simultaneously with chyme, with a rapid liberation of enzymes into the duodenum. The treatment of diabetes usually requires low-moderate doses of insulin. Diabetic ketoacidosis is rare, while microvascular changes have the same frequency as in type 1 diabetes.",Annali italiani di chirurgia,,Chronic Disease; Diabetes Mellitus; Humans; Pain; Pain Management; Pancreatitis,Journal Article; Review
10905497,https://pubmed.ncbi.nlm.nih.gov/10905497/,2000,Nitric oxide synthesis and isoprostane production in subjects with type 1 diabetes and normal urinary albumin excretion.,"The role of nitric oxide (NO) and free radicals in the development of microvascular disease in type 1 diabetes remains unclear. We have measured NO and isoprostane (a stable marker of in vivo lipid peroxidation) production in 13 type 1 diabetic subjects with normal urinary albumin excretion and 13 healthy volunteers. Whole-body NO synthesis was quantified by measuring the urinary excretion of 15N-nitrate after the intravenous administration of L-[15N]2-arginine. The urinary excretion of the major urinary metabolite of 15-F2t-isoprostane (8-iso-prostaglandin-F2alpha), 2,3-dinor-5,6-dihydro-F2t-IsoP, was quantified as a marker of in vivo lipid peroxidation. Whole-body NO synthesis was significantly higher in diabetic subjects compared with control subjects (342 vs. 216 nmol 15N-nitrate/mmol creatinine [95% CI of the difference 45-207], P = 0.005). This increase was not explained by a difference in renal function between the 2 groups. There was no difference in 2,3-dinor-5,6-dihydro-F2t-IsoP excretion between diabetic subjects and control subjects (44.8+/-7.8 vs. 41.4+/-10.0 ng/mmol creatinine, mean +/- 95% CI). However, there was an inverse correlation between NO synthesis and free radical activity in subjects with diabetes (r = -0.62, P = 0.012) that was not observed in control subjects (r = 0.37, P = 0.107). We conclude that whole-body NO synthesis is higher in type 1 diabetic subjects with normal urinary albumin excretion than in control subjects. The inverse correlation between isoprostane production and NO synthesis in diabetic subjects is consistent with the hypothesis that NO is being inactivated by reactive oxygen species.",Diabetes,,"Adult; Albuminuria; Creatinine; Diabetes Mellitus, Type 1; Dinoprost; Female; Humans; Male; Middle Aged; Nitrates; Nitric Oxide; Reactive Oxygen Species; Reference Values; Sex Characteristics",Journal Article
11323502,https://pubmed.ncbi.nlm.nih.gov/11323502/,2001,Pancreatic transplantation and subsequent graft surveillance by pancreatic portal-enteric anastomosis and temporary venting jejunostomy.,"OBJECTIVE: To evaluate portal-enteric (PE) pancreas and kidney transplantation with venting jejunostomy (VJ) for its efficacy, safety, and reproducibility. SUMMARY BACKGROUND DATA: Simultaneous pancreas and kidney transplantation for patients with long-standing insulin-dependent diabetes mellitus that progresses to renal failure has revolutionized their treatment and quality of life. A current clinical focus is to refine the technical aspects of this procedure. Simultaneous pancreas and kidney transplantation with PE anastomosis with VJ appears to offer several advantages over bladder drainage. VJ allows initial decompression of the enteric anastomosis, monitoring of pancreatic function by ostomy amylase, and simple access for endoscopic evaluation and biopsy of the allograft. METHODS: Simultaneous pancreas and kidney transplantation with VJ was performed in 21 patients from December 1996 to October 2000 at Willis Knighton/LSU Regional Transplant Center. All patients had long-standing insulin-dependent diabetes mellitus and subsequent renal failure. They were evaluated at the time of surgery by a multidisciplinary transplant team and monitored for numerous factors, including length of hospital stay, immunosuppressive regimen, and ischemia times. All patients had intermittent visual and biochemical evaluation of pancreatic secretions monitored by means of the VJ. RESULTS: Of the 21 patients, 10 were women and 11 were men. Four patients were black and 17 were white. The mean age at transplantation was 38 years; average human leukocyte antigen (HLA) match was one; and average cold ischemia time was 12 hours. The median hospital stay was 16 days. Four episodes of postoperative bleeding requiring exploration occurred in four patients. Postoperative wound infections developed in four patients. There were 12 episodes of rejection in nine patients. All patients with suspected acute pancreatic rejection underwent endoscopy by means of the VJ and duodenal biopsy for evaluation. Two patients lost pancreatic function subsequent to kidney failure, one secondary to noncompliance and the other as a result of hemolytic-uremic syndrome. Patient, kidney, and pancreatic survival rates were 100%, 90%, and 90%, respectively. The mean follow-up period was 25 (range 2-48) months. CONCLUSION: The authors believe that PE pancreatic drainage with VJ is a more physiologic method to perform pancreatic transplantation than bladder drainage. PE drainage allows rapid diagnosis of acute rejection and anastomotic leak and provides a simple way to monitor ostomy amylase and transplant duodenal bleeding. This technique is safe and has minimal associated complications.",Annals of surgery,,"Adult; Aged; Anastomosis, Surgical; Drainage; Female; Gastrointestinal Hemorrhage; Graft Rejection; Humans; Jejunostomy; Kidney Transplantation; Male; Middle Aged; Pancreas Transplantation; Postoperative Complications",Journal Article
11978663,https://pubmed.ncbi.nlm.nih.gov/11978663/,2002,Contribution of known and unknown susceptibility genes to early-onset diabetes in scandinavia: evidence for heterogeneity.,"In an attempt to identify novel susceptibility genes predisposing to early-onset diabetes (EOD), we performed a genome-wide scan using 433 markers in 222 individuals (119 with diabetes) from 29 Scandinavian families with > or =2 members with onset of diabetes < or =45 years. The highest nonparametric linkage (NPL) score, 2.7 (P < 0.01), was observed on chromosome 1p (D1S473/D1S438). Six other regions on chromosomes 3p, 7q, 11q, 18q, 20q, and 21q showed a nominal P value <0.05. Of the EOD subjects in these 29 families, 20% were GAD antibody positive and 68% displayed type 1 diabetes HLA risk alleles (DQB*02 or 0302). Mutations in maturity-onset diabetes of the young (MODY) 1-5 genes and the A3243G mitochondrial DNA mutation were detected by single-strand conformation polymorphism and direct sequencing. To increase homogeneity, we analyzed a subsample of five families with autosomal dominant inheritance of EOD (greater than or equal to two members with age at diagnosis < or =35 years). The highest NPL scores were found on chromosome 1p (D1S438-D1S1665; NPL 3.0; P < 0.01) and 16q (D16S419; NPL 2.9; P < 0.01). After exclusion of three families with MODY1, MODY3, and mitochondrial mutations, the highest NPL scores were observed on chromosomes 1p (D1S438; NPL 2.6; P < 0.01), 3p (D3S1620; NPL 2.2; P < 0.03), 5q (D5S1465; NPL 2.1; P < 0.03), 7q (D7S820; NPL 2.0; P < 0.03), 18q (D18S535; NPL 1.9; P < 0.04), 20q (D20S195; NPL 2.5; P < 0.02), and 21q (D21S1446; NPL 2.2; P < 0.03). We conclude that considerable heterogeneity exists in Scandinavian subjects with EOD; 24% had MODY or maternally inherited diabetes and deafness, and approximately 60% were GAD antibody positive or had type 1 diabetes-associated HLA genotypes. Our data also point at putative chromosomal regions, which could harbor novel genes that contribute to EOD.",Diabetes,,"Adult; Age of Onset; Aged; Autoantibodies; Biomarkers; Diabetes Mellitus, Type 1; Family Health; Female; Genetic Heterogeneity; Genetic Markers; Genetic Predisposition to Disease; Genetic Testing; Genome, Human; Genotype; HLA-DQ Antigens; HLA-DQ beta-Chains; Humans; Male; Middle Aged; Mutation; Pedigree; Scandinavian and Nordic Countries","Journal Article; Research Support, Non-U.S. Gov't"
12401723,https://pubmed.ncbi.nlm.nih.gov/12401723/,2002,Decreased myocardial perfusion reserve in diabetic autonomic neuropathy.,"The pathophysiological mechanisms responsible for increased cardiovascular mortality in diabetic autonomic neuropathy are unknown. To investigate the effect of autonomic neuropathy on myocardial function, we performed dynamic contrast-enhanced magnetic resonance perfusion imaging during baseline conditions and after Dipyridamole-induced vasodilatation in nine type 1 diabetic patients with autonomic neuropathy (AN+), defined by cardiovascular tests, as well as in 10 type 1 diabetic patients without autonomic neuropathy (AN-) and 10 healthy control subjects. Baseline myocardial perfusion index (K(i)) was similar in the three groups (AN+ 88.6 +/- 8.7 ml. 100 g(-1). min(-1), AN- 82.6 +/- 7.2, control subjects 93.7 +/- 9.0) (means +/- SE). K(i) during Dipyridamole vasodilatation was significantly lower in the patients with autonomic neuropathy (P < 0.001) than in the other groups (AN+ 131.1 +/- 13.0 ml. 100 g(-1). min(-1), AN- 177.3 +/- 8.6, control subjects 197.2 +/- 8.9). Mean blood pressure was unchanged during Dipyridamole infusion in AN- and control subjects, whereas a significant blood pressure decrease was found in AN+ (15.6 +/- 2.6 mmHg, P < 0.025). There was a significant correlation between blood pressure response to Dipyridamole and myocardial perfusion reserve index. We conclude that type 1 diabetic patients with autonomic neuropathy have a decreased myocardial perfusion reserve capacity when challenged with a vasodilatator, a finding that may in part be the pathophysiological substrate for the increase in mortality in these patients. The underlying mechanism may be defective myocardial sympathetic vasodilatation, a lack of ability to maintain blood pressure during vasodilatation, or both.",Diabetes,,Adult; Age of Onset; Albuminuria; Blood Pressure; Diabetic Neuropathies; Diabetic Retinopathy; Dipyridamole; Heart; Heart Rate; Humans; Middle Aged; Posture; Reference Values; Valsalva Maneuver; Vasodilator Agents; Vibration,"Comparative Study; Journal Article; Research Support, Non-U.S. Gov't"
12820687,https://pubmed.ncbi.nlm.nih.gov/12820687/,2003,Assessment of beta cell mass and oxidative peritoneal exudate cells in murine type 1 diabetes using adoptive transfer system.,"Because it is controversial how the beta cell mass is reduced during the disease process in type 1 diabetes, we transferred splenocytes from Non-obese diabetic (NOD) to NOD-scid mice and evaluated the relation between the status of the pancreas in donors and the time taken to transfer diabetes to the recipients. We also evaluated the usefulness of assessment of the proportion of oxidative peritoneal exudate cells (PEC) as a novel marker of disease activity in this system. We examined the proportion of oxidative PEC, pancreatic insulin content and pancreatic histology in 16-18-week-old female NOD mice (donors), and transferred their splenocytes into 5-week-old female NOD-scid mice (recipients). After the onset of diabetes in NOD-scid recipients, we assessed the relation between insulin content (or severity of insulitis) of NOD donors and the time taken to transfer diabetes to NOD-scid recipients. The insulin content of ""diabetes-prone"" donors whose disease status was considered to be just before the onset of diabetes (""malignant"" donors) was the same as that of diabetic mice, whereas the insulin content of ""diabetes-prone"" donors excluding ""malignant"" donors (""benign"" donors) was the same as that of ""non-diabetes-prone"" donors. Because its proportion of oxidative PEC was inversely correlated with the severity of insulitis, we then evaluated the relation between the proportion of oxidative PEC and the time taken to transfer diabetes. ""Malignant"" donors had less proportion of oxidative PEC (< 10%), as compared to ""benign"" and ""non-diabetes-prone"" donors. These results suggest that a marked reduction of beta cell mass occurs at the very late prediabetic stage, and assessment of the proportion of oxidative PEC is useful to evaluate disease activity in type 1 diabetes.",Autoimmunity,,"Adoptive Transfer; Animals; Ascitic Fluid; Diabetes Mellitus, Type 1; Female; Insulin; Islets of Langerhans; Mice; Mice, Inbred NOD; Mice, SCID; Organ Size; Oxidation-Reduction; Prediabetic State; Time Factors","Journal Article; Research Support, Non-U.S. Gov't"
20086468,https://pubmed.ncbi.nlm.nih.gov/20086468/,2003,Exercise and diabetes mellitus: optimizing performance in patients who have type 1 diabetes.,"Those who have type 1 diabetes mellitus should include regular sports or recreational activities in their overall healthcare programs. Essential responsibilities of physicians who treat these patients include preparticipation clearance, education about blood glucose self-monitoring, exercise prescription, aggressive dietary and insulin management plans, identification of risk factors and potential complications, and ongoing education. Exercise has risks and benefits that must be understood so that participation yields a safe, enjoyable outcome that meshes with the patient's culture, activity goals, and lifestyle.",The Physician and sportsmedicine,,,Journal Article
15013454,https://pubmed.ncbi.nlm.nih.gov/15013454/,2004,Timely initiation of basal insulin.,"Recognition of the basal and postprandial components of hyperglycemia, in tandem with the development of new insulins and other clinical research, has led to a reassessment of type 2 diabetes mellitus treatment. In the future, insulin will be used earlier, treatment will intensify as the disease progresses, and combination therapy will be routine. Hyperglycemia can be controlled initially with sulfonylureas and metformin, agents that mainly improve control of fasting and preprandial glucose. When glycemic control can no longer be achieved with these and other oral agents alone, insulin treatment can be started as a single injection of a long-acting insulin. This method of supplementing basal insulin is safe, simple, and less likely to cause weight gain than multiple daily injections with shorter-acting insulins. Continuing oral agents during basal insulin therapy can provide a smoother transition to insulin and reduce the risk of loss of glycemic control. Of currently available insulins, glargine has the activity profile best suited to basal insulin therapy, with no prominent activity peak and a long duration of action, allowing a single daily injection in most cases. Although the traditional approach has been to introduce insulin therapy only after very high glucose values have persisted, despite prolonged use of oral agents alone, a more desirable strategy would be to prevent patients from ever experiencing the loss of glycemic control associated with hemoglobin A(1c) (HbA(1c)) elevations >7%. This goal could be achieved by diagnosing type 2 diabetes earlier in its course and by adding basal insulin to oral therapy much earlier. To maintain the recommended <7% HbA(1c) target level of control, treatments that target postprandial hyperglycemia will have to be added to basal insulin later on, as endogenous insulin continues to decline.",The American journal of medicine,,"Diabetes Mellitus, Type 1; Diabetes Mellitus, Type 2; Disease Progression; Drug Therapy, Combination; Glyburide; Glycated Hemoglobin; Humans; Hyperglycemia; Hypoglycemic Agents; Insulin; Insulin, Long-Acting; Postprandial Period; Sulfonylurea Compounds",Journal Article; Review
15114267,https://pubmed.ncbi.nlm.nih.gov/15114267/,2004,Type 1 diabetes mellitus in Catalonia: chronic complications and metabolic control ten years after onset.,"BACKGROUND: The purpose of this article is to describe the prevalence of microvascular (retinopathy, nephropathy and neuropathy) and acute diabetic complications, and the metabolic control status, in Catalonian patients with type 1 diabetes mellitus ten years after diagnosis. MATERIAL/METHODS: We performed a cross-sectional population study evaluating 427 Type 1 diabetic patients diagnosed between 1987 and 1988 in 15 hospitals in Catalonia. 278 subjects were located, and all the study parameters were collected from their hospital medical records. Mean age at onset was 13.8+/-6.9 years, and 56.5% were male. The mean age of the patients was 24.8+/-6.7 years. Albumin excretion rate (AER), plasma creatinine, lipid profile, glycosilated hemoglobin (HbA1c), blood pressure, presence of retinopathy and clinical polyneuropathy, and diabetes control were evaluated. RESULTS: The mean HbA1c was 7.8+/-1.7%. HbA1c was <7.5% in 48% of patients and >10% in 11.5%. The prevalence of retinopathy was 7.6%. An AER higher than 20 Kg/min was found in 10.4%. Neuropathy was present in 4.3%. A significant association between microvascular complications as a whole (retinopathy and/or microalbuminuria and/or clinical polyneuropathy) and HbA1c (p=0.04) and hypertension (p=0.04) was observed. There were no differences in diabetic complications regarding sex or age at presentation. CONCLUSIONS: This is one of the first studies in which the prevalence of diabetic microvascular complications is reported in a South European cohort of subjects registered in EURODIAB. This population-based study confirms that complications are already present ten years after diabetes onset in a non-negligible percentage of patients.",Medical science monitor : international medical journal of experimental and clinical research,,"Adult; Age of Onset; Albumins; Albuminuria; Diabetes Mellitus, Type 1; Diabetic Nephropathies; Diabetic Neuropathies; Diabetic Retinopathy; Female; Glycated Hemoglobin; Humans; Kidney; Male; Microcirculation; Neurons; Retina; Risk Factors; Spain; Time Factors","Journal Article; Research Support, Non-U.S. Gov't"
16005542,https://pubmed.ncbi.nlm.nih.gov/16005542/,2005,Proinsulin C-peptide activates vagus efferent output in rats.,"The aim of this study was to examine the effect of proinsulin C-peptide on the autonomic nervous systems in rats. Intravenous administration of C-peptide gradually increased electrophysiological activity of the vagus nerves into the stomach and pancreas for at least 90 min. It also slightly increased gastric acid secretion that was suppressed by the treatment with atropine. Intraperitoneal injection of C-peptide did not affect the basal and stress-induced norepinephrine (NE) turnover rate, a biochemical index of sympathetic nerve activity. These results indicate that C-peptide increases parasympathetic nerve activity without affecting sympathetic nerve activity. This could explain, at least in part, the ameliorating effects of C-peptide on impaired cardiac autonomic nerve functions in patients with type 1 diabetes.",Peptides,,"Animals; C-Peptide; Diabetes Mellitus, Type 1; Female; Gastric Acid; Gastric Mucosa; Heart; Humans; Injections, Intravenous; Myocardium; Rats; Rats, Wistar; Stomach; Sympathetic Nervous System; Vagus Nerve","Journal Article; Research Support, Non-U.S. Gov't"
17060846,https://pubmed.ncbi.nlm.nih.gov/17060846/,2006,The long-term management of pancreas transplantation.,"Diabetes mellitus (DM) is a major health problem worldwide, which affects 18.2 million individuals (6.3% of the population) in the United States. Currently, the prevalence of Type 1 DM in the United States is estimated to be 1,000,000 individuals, and 30,000 new cases are diagnosed each year. In addition to end-stage renal disease (ESRD), DM is associated with blindness, accelerated atherosclerosis, dyslipidemia, cardio- and cerebrovascular disease, amputation, poor quality of life, and overall lifespan reduction. It accounts for more than 160,000 deaths per year in the United States alone. In 2002, the annual national direct and indirect costs of Types 1 and 2 DM exceeded $130 billion, which included hospital and physician care, laboratory tests, pharmaceutical products, and patient workdays lost because of disability or premature death. Hyperglycemia alone or in concert with hypertension is the primary factor influencing the development of major diabetic complications. From 1990 to 2001, the number of existing ESRD cases to DM increased by more than 300%, while the rate per million populations increased from 167% to 491%. The number is expected to grow 10-fold by 2030 to 1.3 million accounting for 60% of ESRD population. To date, DM is the leading indication for transplantation and is the cause of ESRD in more than 40% of all transplant recipients each year.",Transplantation,,"Diabetes Complications; Diabetes Mellitus, Type 1; Diabetes Mellitus, Type 2; Diabetic Neuropathies; Humans; Kidney Failure, Chronic; Pancreas Transplantation; Quality of Life; Registries; Treatment Outcome",Journal Article; Review
17121768,https://pubmed.ncbi.nlm.nih.gov/17121768/,2006,Elevated serum alanine transaminase in patients with type 1 or type 2 diabetes mellitus.,"BACKGROUND: The risk of chronic liver disease is higher in diabetics, and serum alanine transaminase (ALT) is a sensitive predictor of mortality from liver disease. AIM: To estimate the prevalence of elevated ALT in type 1 and type 2 diabetes, and identify possible risk factors. METHODS: We identified all patients (n = 2077) attending review between September 2002 and August 2003. We excluded those with no ALT measurement (n = 73); those whose alcohol consumption was >14 units/week (women) (n = 276) or >21 units/week (men) (n = 324); and those with a diagnosis of Maturity Onset Diabetes of the Young, secondary diabetes, gestational diabetes or uncertain type of diabetes (n = 51). We calculated the prevalences of elevated ALT in both type 1 and type 2 diabetes patients, and compared the demographic, microvascular risk factors and current drug use between each group using multivariate logistic regression. RESULTS: Of 1353 patients included, 836 (61.9%) had type 2 diabetes. Elevated ALT was found in 9.5% (95%CI 7.1-12.3%) of patients with type 1 diabetes, and 12.1% (95%CI 9.9-14.5%) of those with type 2 diabetes. The risk of elevated ALT in patients with type 2 diabetes increased with increasing body mass index (p(trend) = 0.04), and was lower in those taking insulin (OR 0.38, 95%CI 0.22-0.65). DISCUSSION: The prevalence of elevated ALT is 3-4 times higher in patients with either type 1 or type 2 diabetes than in the general population. Further studies investigating the aetiology and mechanisms of this elevation may suggest appropriate early interventions.",QJM : monthly journal of the Association of Physicians,,"Adolescent; Adult; Aged; Alanine Transaminase; Biomarkers; Diabetes Mellitus, Type 1; Diabetes Mellitus, Type 2; Early Diagnosis; Female; Humans; Male; Middle Aged; Prevalence; Risk Factors",Journal Article
17365945,https://pubmed.ncbi.nlm.nih.gov/17365945/,2007,Occult donor malignancy in pancreas transplantation.,"Tumor of the pancreas allograft is extremely rare. We report a case of an occult donor malignant undifferentiated tumor arising in a pancreas allograft. A 42-year-old female with Type 1 diabetes received a macroscopically normal pancreas allograft. The donor was a 22-year-old male who died of spontaneous intracerebral hemorrhage. She underwent transplant pancreatectomy, the histology of the pancreas allograft demonstrated a tumor measuring 5 mm in diameter, and a diagnosis of malignant undifferentiated tumor was made. In a different transplant center, the recipient of the left kidney transplant from the same donor had a nephrectomy, and the recipient of the liver transplant died of metastatic disease. Microscopic examination of the liver and kidney allografts subsequently revealed histological features identical to the pancreas tumor. Tumor transmission in transplantation may occur from an organ that contains metastatic cells or, less commonly, from the transmission of an unrecognized or occult primary tumor. A report from the United Network for Organs Sharing transplant data 1997-2002 is illustrated and discussed. This case illustrates the difficulties associated with identifying donors with occult primary tumor or metastases.",Renal failure,,"Adult; Diabetes Mellitus, Type 1; Eye Neoplasms; Female; Humans; Neoplasms; Pancreas Transplantation; Postoperative Complications; Retrospective Studies; Tissue Donors; Transplantation, Homologous","Case Reports; Journal Article; Research Support, U.S. Gov't, P.H.S."
17510698,https://pubmed.ncbi.nlm.nih.gov/17510698/,2007,"Responses to acute exercise in type 2 diabetes, with an emphasis on metabolism and interaction with oral hypoglycemic agents and food intake.","In people with type 1 diabetes mellitis (DM), insulin administration, food intake, and exercise have to be carefully matched to avoid either hypo- or hyperglycemia. People with type 2 DM have some insulin secretion, which changes with needs. Accordingly, during exercise, these people do not run the same metabolic risks as people with type 1 DM. However, a contraction-mediated increase in glucose clearance in muscle is intact in type 2 DM. Therefore, in the postabsorptive state in diet-treated type 2 DM, a marked reduction in hyperglycemia can occur during prolonged moderate exercise. Sulfonylurea drugs augment the rate of decline in plasma glucose, because stimulation of insulin secretion reduces hepatic glucose production. After abstention from sulfonylurea for 5 days, the rate of decrease in plasma glucose with exercise is also enhanced, but from a higher glucose level. In the postabsorptive state, brief vigourous exercise elicits an increase in plasma glucose concentration, reflecting an exaggerated counterregulatory hormone response and glucose production. Moreover, insulin sensitivity is reduced in the early postexercise period. In the postprandial state, both prolonged moderate exercise and intermittent high-intensity exercise markedly decrease meal-induced increases in glucose, insulin, and C-peptide concentrations, whereas glucose appearance in plasma is unchanged. When exercise bouts are isocaloric, responses are identical, indicating that overall energy expenditure, and not peak exercise intensity, is the major determinant of exercise-induced changes in overall glucose homeostasis and insulin secretion in type 2 DM. Neither prolonged moderate nor intermittent high-intensity exercise performed in the postprandial state influences glucose or insulin responses to a subsequent meal. Finally, in people with type 2 DM, after a high-fat meal, prolonged moderate exercise reduces the exaggerated increases in plasma concentrations of triglycerides contained in chylomicrons and very low-density lipoproteins.","Applied physiology, nutrition, and metabolism = Physiologie appliquee, nutrition et metabolisme",,"Blood Glucose; Diabetes Mellitus, Type 2; Diet; Dietary Fats; Energy Intake; Energy Metabolism; Exercise; Food; Humans; Hypoglycemic Agents; Lipid Metabolism; Physical Endurance",Journal Article; Review
18064633,https://pubmed.ncbi.nlm.nih.gov/18064633/,2008,Macrophage migration inhibitory factor (MIF) is necessary for progression of autoimmune diabetes mellitus.,"Macrophage migration inhibitory factor (MIF) is a proinflammatory cytokine of the innate immune system that plays a major role in the induction of immunoinflammatory responses. To examine the role of endogenous MIF in the pathogenesis of type 1 diabetes (TID) we evaluated the effects of administration of neutralizing anti-MIF antibodies to NOD mice with accelerated forms of diabetes induced by injection of cyclophosphamide or by transfer of diabetogenic spleen cells. Both accelerated forms of diabetes were markedly reduced by anti-MIF antibody. Furthermore, MIF-deficient (MIF(-/-)) mice were less susceptible to the induction of immunoinflammatory diabetes, insulitis and apoptosis within the endocrine pancreas by multiple low doses of streptozotocin (MLD-STZ) than genetically matched wild type (WT) mice. MIF deficiency resulted in lower proliferation and lymphocyte adhesion, as well as reduced production from the spleens and peritoneal cells of a variety of inflammatory mediators typically associated with development of the disease including IL-12, IL-23, TNF-alpha, and IL-1beta. Furthermore, MIF deletion affected the production of IL-18, TNF-alpha, IL-1beta, and iNOS in the islets of Langerhans. These data, along with the higher expression of IL-4 and TGF-beta observed in the periphery and in the pancreas of MLD-STZ-challenged MIF(-/-) mice as compared to WT controls suggest that MIF deficiency has induced an immune deviation towards protective type 2/3 response. These results suggest that MIF participates in T1D by controlling the functional activity of monocytes/macrophages and T cells and modulating their secretory capacity of pro- and anti-inflammatory molecules.",Journal of cellular physiology,,"Adoptive Transfer; Animals; Antibodies, Monoclonal; Cell Adhesion; Cell Proliferation; Cells, Cultured; Cyclophosphamide; Cytokines; Diabetes Mellitus, Experimental; Diabetes Mellitus, Type 1; Disease Progression; Female; Gene Expression Regulation; Intramolecular Oxidoreductases; Islets of Langerhans; Leukocytes, Mononuclear; Macrophage Migration-Inhibitory Factors; Mice; Mice, Inbred NOD; Nitric Oxide; Nitric Oxide Synthase Type II; RNA, Messenger; Spleen; Streptozocin; Tyrosine","Journal Article; Research Support, Non-U.S. Gov't"
18221426,https://pubmed.ncbi.nlm.nih.gov/18221426/,2008,"Trends of type 1 diabetes in Karachi, Pakistan.","OBJECTIVE: Our study aims to assess the presentation, prevalence, and associations of acute and chronic complications in subjects with type 1 diabetes mellitus (T1DM) at their first visit to outpatient departments. STUDY DESIGN AND SETTING: Study was carried out at two centers, Diabetic Association of Pakistan and WHO Collaborating Centre and Baqai Institute of Diabetology and Endocrinology, Karachi. Records of 591 T1DM subjects divided into two groups were studied. Group 1 (62.1%, n = 367) includes patients with known T1DM and group 2 (n = 224, 37.9%), newly diagnosed T1DM. Clinical features [polyuria, polydipsia, polyphagia, history of weight loss, and history of diabetic ketoacidosis (DKA)] were recorded. Biochemical parameters including fasting plasma glucose, 2-h postprandial plasma glucose, hemoglobin A1c, urinary ketones, and proteinuria were recorded. Arterial blood gases was done in suspected cases of DKA. RESULTS: In group 1, male predominance was seen (57.8 vs. 42.2%). Mean age at presentation was 19.1 +/- 10 yr. Mean duration of diabetes was 16 +/- 9 yr. Two percent subjects presented with DKA, while 21% had a history of DKA. Among the subjects with >10 yr of diabetes, 20.1% had hypertension, 5.5% had nephropathy, 2.9% had neuropathy, and 7.7% had retinopathy. In group 2, 224 T1DM subjects were identified, with mean age of 17 +/- 11 yr. Equal number of males (50.9%) and females (49.1%) were diagnosed at their first presentation. Most subjects (40.8%, n = 91) diagnosed between 11 and 20 yr of age presented with polyuria (81.3%), polydipsia (77.2%), polyphagia (56.7%), and weight loss (79.5%). Ketonuria was positive in 4.9%, while 5.8% presented with DKA. CONCLUSIONS: This is the first study in Pakistan to assess the mode of presentation and prevalence of acute and chronic complications in T1DM. Larger scale prospective studies are needed to have more detailed informative data.",Pediatric diabetes,,"Acute Disease; Adolescent; Blood Glucose; Child; Child, Preschool; Chronic Disease; Diabetes Complications; Diabetes Mellitus, Type 1; Female; Glycated Hemoglobin; Humans; Incidence; Infant; Male; Pakistan; Prevalence; Young Adult",Comparative Study; Journal Article
19250572,https://pubmed.ncbi.nlm.nih.gov/19250572/,2009,Some similarities in dietary clusters of pre-school children and their mothers.,"The diet of pre-school children is determined by the parents and carers. The aim of the present study was to describe dietary clusters of pre-school children and their mothers in Finland, and analyse the similarity of dietary clusters within child-mother pairs. The present study comprised the mothers (n 4862) whose child was recruited in the Type 1 Diabetes Prediction and Prevention Nutrition Study and the children belonging to selected, cross-sectional age groups of 1 year (n 719), 3 years (n 708) and 6 years (n 841). The dietary data were collected from children by 3-d food records and from mothers by a FFQ validated for pregnant women. The food consumption data were analysed for patterns by hierarchical cluster analysis. Three main dietary clusters were identified in children: 'healthy' and 'traditional' in all three age groups, and 'ready-to-eat baby foods' in 1-year-olds and 'fast foods, sweet' in the older children. Six main clusters were identified among the mothers who completed a FFQ for their diet during pregnancy. Some familial dependence between dietary clusters of mother-child pairs was observed in 6-year-old children but not in younger children. Younger age and lower educational level of the mother were associated with the cluster 'fast food, sweet' only at the age of 3 years. The diets of pre-school children vary by age and only a slight similarity within dietary clusters of mother-child pairs was observed.",The British journal of nutrition,,"Adult; Child; Child Nutritional Physiological Phenomena; Child, Preschool; Cluster Analysis; Cross-Sectional Studies; Diabetes Mellitus, Type 1; Diet; Educational Status; Female; Finland; Genetic Predisposition to Disease; Humans; Infant; Infant Food; Infant, Newborn; Male; Mothers; Nutrition Surveys; Pregnancy; Social Class","Journal Article; Research Support, Non-U.S. Gov't"
20690982,https://pubmed.ncbi.nlm.nih.gov/20690982/,2010,Inhibition of endothelin-1 receptors improves impaired nitric oxide synthase-dependent dilation of cerebral arterioles in type-1 diabetic rats.,"OBJECTIVE: Endothelin-1 has been implicated in the pathogenesis of many cardiovascular-related diseases, including diabetes. The goal of this study was to examine the influence of endothelin-1 receptors (ET(A)) in impaired responses of cerebral (pial) arterioles in type-1 diabetic rats. METHODS: We measured responses of cerebral arterioles in non-diabetic rats to endothelial nitric oxide synthase (eNOS)-dependent (ADP), neuronal nitric oxide synthase (nNOS)-dependent (N-methyl-d-aspartic acid [NMDA]) and NOS-independent (nitroglycerin) agonists before and during application of BQ-123, an ET(A) receptor antagonist. In addition, we harvested brain tissue from non-diabetic and diabetic rats to measure the production of superoxide anion under basal conditions and during inhibition of ET(A) receptors. RESULTS: We found that diabetes specifically impaired eNOS- and nNOS-dependent reactivity of cerebral arterioles, but did not alter NOS-independent vasodilation. In addition, while BQ-123 did not alter responses in non-diabetic rats, BQ-123 restored impaired eNOS- and nNOS-dependent vasodilation in diabetic rats. Further, superoxide production was higher in brain tissue from diabetic rats compared with non-diabetic rats under basal conditions and BQ-123 decreased basal production of superoxide in diabetic rats. CONCLUSION: We suggest that activation of ET(A) receptors during type-1 diabetes mellitus plays an important role in impaired eNOS- and nNOS-dependent dilation of cerebral arterioles.","Microcirculation (New York, N.Y. : 1994)",,"Adenosine Diphosphate; Animals; Arterioles; Diabetes Mellitus, Type 1; Endothelin A Receptor Antagonists; Male; N-Methylaspartate; Nitric Oxide Synthase; Nitric Oxide Synthase Type I; Nitric Oxide Synthase Type III; Peptides, Cyclic; Pia Mater; Rats; Rats, Sprague-Dawley; Receptor, Endothelin A; Vasodilation","Journal Article; Research Support, N.I.H., Extramural; Research Support, Non-U.S. Gov't"
21734072,https://pubmed.ncbi.nlm.nih.gov/21734072/,2011,Insulinoma-released exosomes or microparticles are immunostimulatory and can activate autoreactive T cells spontaneously developed in nonobese diabetic mice.,"Exosomes (EXO) are secreted intracellular microparticles that can trigger inflammation and induce Ag-specific immune responses. To test possible roles of EXO in autoimmunity, we isolated small microparticles, mainly EXO, from mouse insulinoma and examined their activities to stimulate the autoimmune responses in NOD mice, a model for human type 1 diabetes. We demonstrate that the EXO contains strong innate stimuli and expresses candidate diabetes autoantigens. They can induce secretion of inflammatory cytokines through a MyD88-dependent pathway, and activate purified APC and result in T cell proliferation. To address whether EXO or the secreted microparticles are possible autoimmune targets causing islet-specific inflammation, we monitored the T cell responses spontaneously developed in prediabetic NOD mice for their reactivity to the EXO, and compared this reactivity between diabetes-susceptible and -resistant congenic mouse strains. We found that older NOD females, which have advanced islet destruction, accumulated more EXO-reactive, IFN-γ-producing lymphocytes than younger females or age-matched males, and that pancreatic lymph nodes from the prediabetic NOD, but not from the resistant mice, were also enriched with EXO-reactive Th1 cells. In vivo, immunization with the EXO accelerates insulitis development in nonobese diabetes-resistant mice. Thus, EXO or small microparticles can be recognized by the diabetes-associated autoreactive T cells, supporting that EXO might be a possible autoimmune target and/or insulitis trigger in NOD or congenic mouse strains.","Journal of immunology (Baltimore, Md. : 1950)",,"Animals; Antigen-Presenting Cells; Cell Line, Tumor; Cell-Derived Microparticles; Diabetes Mellitus, Experimental; Diabetes Mellitus, Type 1; Exosomes; Female; Humans; Insulin-Secreting Cells; Insulinoma; Lymphocyte Activation; Male; Mice; Mice, Inbred NOD; Mice, SCID; Myeloid Differentiation Factor 88; Sex Characteristics; Th1 Cells","Journal Article; Research Support, N.I.H., Extramural; Research Support, Non-U.S. Gov't"
22869154,https://pubmed.ncbi.nlm.nih.gov/22869154/,2012,Harnessing the immunomodulatory and tissue repair properties of mesenchymal stem cells to restore β cell function.,"Islet cell transplantation has therapeutic potential to cure type 1 diabetes (T1D), which is characterized by autoimmune-mediated destruction of insulin-producing β cells. However, current success rates are limited by long-term decline in islet graft function resulting partially from poor revascularization and immune destruction. Mesenchymal stem cells (MSCs) have the potential to enhance islet transplantation and prevent disease progression by a multifaceted approach. MSCs have been shown to be effective at inhibiting inflammatory-mediated immune responses and at promoting tissue regeneration. The immunomodulatory and tissue repairing properties of MSCs may benefit β cell regeneration in the context of T1D. This review will elucidate how MSCs can minimize β cell damage by providing survival signals and simultaneously modulate the immune response by inhibiting activation, and proliferation of several immune cell types. In addition, MSCs can enhance islet graft revascularization, maintaining long-term β cell viability and function.",Current diabetes reports,,"Animals; Diabetes Mellitus, Type 1; Humans; Insulin-Secreting Cells; Islets of Langerhans Transplantation; Mesenchymal Stem Cells","Journal Article; Research Support, N.I.H., Extramural; Research Support, Non-U.S. Gov't; Review"
23165573,https://pubmed.ncbi.nlm.nih.gov/23165573/,2012,Dietary intake increases serum levels of carboxymethil-lysine (CML) in diabetic patients.,"INTRODUCTION: Advanced glycation end products are produced endogenously, in association with hyperglycemia and oxidative stress. They can also be generated during cooking or food processing and, once absorbed, alter protein function and promote inflammation. METHODS: We selected 40 healthy male subjects, 17 patients with type 2 diabetes of both sexes and 15 patients with type 1 diabetes of both sexes. Each participant underwent both a food frequency questionnaire (FFQ) and 24-hour dietary recall specially adapted for measuring CML intake, anthropometry, measurement of blood pressure and biochemical parameters in blood and urine. RESULTS: Serum CML levels were significantly higher in patients with diabetes compared to healthy subjects (p 0.04), showing a direct relationship between dietary intake and serum levels of CML in T2D patients (r 0.53 p 0.03). sCML levels correlated positively with length of diabetes mellitus, and inversely with body mass index (BMI). The most important dietary factor contributing to raise CML levels in these patients with diabetes was the consumption of milk powder. CONCLUSION: Serum levels of CML were found to be higher among diabetic subjects, associated to length of diabetes as expected, but also with the ingestion of foods containing higher amounts of ML. The consumption of milk powder in this group is a major determinant of increased serum levels.",Nutricion hospitalaria,,"Adult; Aged; Aged, 80 and over; Anthropometry; Blood Pressure; Body Mass Index; Dairy Products; Diabetes Mellitus, Type 1; Diabetes Mellitus, Type 2; Diet; Eating; Female; Food; Humans; Lysine; Male; Middle Aged; Young Adult",Journal Article
22560944,https://pubmed.ncbi.nlm.nih.gov/22560944/,2013,Risk factor modification in diabetic patients following angiographic identification of multi-vessel disease.,"There is little information on whether identification of multi-vessel disease (MVD) in patients with diabetic mellitus (DM) affects risk factor management. From 1125 consecutively screened patients between June 2006 and March 2010, we examined 227 diabetic patients with MVD on coronary angiography. Diabetic control and cholesterol levels were assessed by glycated haemoglobin (HbA1c) and total cholesterol (TC) respectively which were evaluated at baseline and at 1-year follow-up. Patients were grouped by age into <55(n=33), 55-65(n=75), 66-75(n=75) and >75(n=44). Target levels were defined as HbA1c<7% and TC<4.0 mmol/L. Patients <55 years had the highest HbA1c at 9.1[7.6-11.2]% with the lowest proportion of patients (n=3; 11.1%) within target at baseline, while 66-75 years had the best HbA1c at 7.1[6.4-7.8]% with the highest proportion (n=28, 45.2%) reaching target (p<0.0001). At 1-year, the poorest HbA1c control was again observed in the age <55 with fewer patients achieving target compared to the 66-75 age group (HbA1c: 8.5% vs 6.9%; % of patients at target: 20.7% vs 54.5%; p<0.0001). Furthermore, the group <55 years demonstrated the worst TC control at 1-year with a significant increase compared to the baseline TC (p=0.01). Patients with a lower body mass index (BMI) were likely to have an improvement in HbA1c and reach target (p=0.01). Paradoxically, patients who were current smokers demonstrated a beneficial effect on optimal TC control (29.2% vs 15.4%, p=0.027). In younger diabetic patients, risk factor modification at 1-year was poor despite identification of MVD. Developing an effective education and monitoring programme to improve glycaemic control in this high risk group should be a priority.",International journal of cardiology,Cardiovascular events; Coronary heart disease; Diabetes mellitus; Multi-vessel disease; Risk factor modification,"Aged; Aged, 80 and over; Coronary Angiography; Coronary Artery Disease; Cross-Sectional Studies; Diabetes Mellitus, Type 1; Diabetes Mellitus, Type 2; Female; Follow-Up Studies; Humans; Male; Middle Aged; Risk Factors","Journal Article; Research Support, Non-U.S. Gov't"
24003923,https://pubmed.ncbi.nlm.nih.gov/24003923/,2013,Candidate genes for type 1 diabetes modulate pancreatic islet inflammation and β-cell apoptosis.,"Genome-wide association studies (GWAS) have identified more than 50 loci associated with genetic risk of type 1 diabetes (T1D). Several T1D candidate genes have been suggested or identified within these regions, but the molecular mechanisms by which they contribute to insulitis and β-cell destruction remain to be clarified. More than 60% of the T1D candidate genes are expressed in human pancreatic islets, suggesting that they contribute to T1D by regulating at least in part pathogenic mechanisms at the β-cell level. Recent studies by our group indicate that important genetically regulated pathways in β-cells include innate immunity and antiviral activity, involving RIG-like receptors (particularly MDA5) and regulators of type I IFNs (i.e. PTPN2 and USP18), and genes related to β-cell phenotype and susceptibility to pro-apoptotic stimuli (i.e. GLIS3). These observations reinforce the concept that the early pathogenesis of T1D is characterized by a dialogue between the immune system and pancreatic β-cells. This dialogue is probably influenced by polymorphisms in genes expressed at the β-cell and/or immune system level, leading to inadequate responses to environmental cues such as viral infections. Further studies are needed to clarify how these disease-associated variants affect pancreatic β-cell responses to inflammation and the subsequent triggering of autoimmune responses and progressive β-cell loss.","Diabetes, obesity & metabolism",apoptosis; candidate genes; cytokines; inflammation; pancreatic β-cells; type 1 diabetes,"Apoptosis; Autoimmunity; Diabetes Mellitus, Type 1; Gene Expression Regulation; Genetic Association Studies; Humans; Inflammation; Insulin-Secreting Cells; Islets of Langerhans","Journal Article; Research Support, Non-U.S. Gov't; Review"
25170024,https://pubmed.ncbi.nlm.nih.gov/25170024/,2014,"VSEAMS: a pipeline for variant set enrichment analysis using summary GWAS data identifies IKZF3, BATF and ESRRA as key transcription factors in type 1 diabetes.","MOTIVATION: Genome-wide association studies (GWAS) have identified many loci implicated in disease susceptibility. Integration of GWAS summary statistics (P-values) and functional genomic datasets should help to elucidate mechanisms. RESULTS: We extended a non-parametric SNP set enrichment method to test for enrichment of GWAS signals in functionally defined loci to a situation where only GWAS P-values are available. The approach is implemented in VSEAMS, a freely available software pipeline. We use VSEAMS to identify enrichment of type 1 diabetes (T1D) GWAS associations near genes that are targets for the transcription factors IKZF3, BATF and ESRRA. IKZF3 lies in a known T1D susceptibility region, while BATF and ESRRA overlap other immune disease susceptibility regions, validating our approach and suggesting novel avenues of research for T1D. AVAILABILITY AND IMPLEMENTATION: VSEAMS is available for download (http://github.com/ollyburren/vseams).","Bioinformatics (Oxford, England)",,"Basic-Leucine Zipper Transcription Factors; Diabetes Mellitus, Type 1; Genome-Wide Association Study; Humans; Ikaros Transcription Factor; Polymorphism, Single Nucleotide; Receptors, Estrogen; Sample Size; Software; Transcription Factors; ERRalpha Estrogen-Related Receptor","Journal Article; Research Support, N.I.H., Extramural; Research Support, Non-U.S. Gov't"
25892491,https://pubmed.ncbi.nlm.nih.gov/25892491/,2015,Engineering β-cell islets or islet-like structures for type 1 diabetes treatment.,"Type 1 diabetes mellitus is a disease characterized by the destruction of the β-cells in the pancreatic islets of Langerhans. The current primary treatment for type 1 diabetes is insulin injections administered multiple times throughout the day. However, this treatment cannot provide sustained physiological release of insulin and the insulin amount is not finely tuned to the glycemia condition. Pancreatic transplantation or islet transplantation would be the preferred treatment strategy but the lack of donor tissue and immunoincompatibility has been shown to be a roadblock to their widespread use. Bioengineering strategies are poised to combat these challenges. Islet encapsulation is expected to offer both immunoisolation and immunomodulation effects by: (1) physically protecting islets from the attacks of immunoglobulins, complements, and host immune cells, and (2) delivering immune regulatory and immunomodulatory factors locally to the islets to protect those islets from immune rejection. Semi-permeable coatings using biocompatible biomaterials can be used for immunoisolating islets away from the host immune systems. Immunoisolation technology also provides an opportunity to use other cell sources for cell therapy to treat type 1 diabetes. Recently, some studies reported that co-transplantation of islets with mesenchymal stem cells (MSCs) can control graft inflammation. MSCs have immunomodulatory property. They are able to secrete anti-inflammatory factors and repress the activity of various immune cells. Growth factors like interleukin 10 (IL-10) and leukemia inhibitory factor (LIF) also have immune regulatory properties. Therefore immunoisolation and immunomodulation technologies can be integrated and applied to β-cell encapsulation for the treatment of type 1 diabetes. Through engineering β-cell islets or islet-like microtissues, the viability and function of transplanted β-cells may be improved. In the meantime, the survival of transplanted β-cells can be further improved by promoting vascular network formation surrounding the transplanted islets or microtissues.",Medical hypotheses,,"Diabetes Mellitus, Type 1; Humans; Islets of Langerhans","Journal Article; Research Support, Non-U.S. Gov't"
26432895,https://pubmed.ncbi.nlm.nih.gov/26432895/,2015,Targeting Anti-Insulin B Cell Receptors Improves Receptor Editing in Type 1 Diabetes-Prone Mice.,"Autoreactive B lymphocytes that commonly arise in the developing repertoire can be salvaged by receptor editing, a central tolerance mechanism that alters BCR specificity through continued L chain rearrangement. It is unknown whether autoantigens with weak cross-linking potential, such as insulin, elicit receptor editing, or whether this process is dysregulated in related autoimmunity. To resolve these issues, we developed an editing-competent model in which anti-insulin Vκ125 was targeted to the Igκ locus and paired with anti-insulin VH125Tg. Physiologic, circulating insulin increased RAG-2 expression and was associated with BCR replacement that eliminated autoantigen recognition in a proportion of developing anti-insulin B lymphocytes. The proportion of anti-insulin B cells that underwent receptor editing was reduced in the type 1 diabetes-prone NOD strain relative to a nonautoimmune strain. Resistance to editing was associated with increased surface IgM expression on immature (but not transitional or mature) anti-insulin B cells in the NOD strain. The actions of mAb123 on central tolerance were also investigated, because selective targeting of insulin-occupied BCR by mAb123 eliminates anti-insulin B lymphocytes and prevents type 1 diabetes. Autoantigen targeting by mAb123 increased RAG-2 expression and dramatically enhanced BCR replacement in newly developed B lymphocytes. Administering F(ab')2123 induced IgM downregulation and reduced the frequency of anti-insulin B lymphocytes within the polyclonal repertoire of VH125Tg/NOD mice, suggesting enhanced central tolerance by direct BCR interaction. These findings indicate that weak or faulty checkpoints for central tolerance can be overcome by autoantigen-specific immunomodulatory therapy.","Journal of immunology (Baltimore, Md. : 1950)",,"Animals; Antibodies, Monoclonal; Autoantigens; Autoimmunity; B-Lymphocytes; DNA-Binding Proteins; Diabetes Mellitus, Type 1; Immune Tolerance; Immunoglobulin M; Immunoglobulin kappa-Chains; Immunomodulation; Insulin; Mice; Mice, Inbred C57BL; Mice, Inbred NOD; Molecular Sequence Data; Receptors, Antigen, B-Cell","Journal Article; Research Support, N.I.H., Extramural; Research Support, Non-U.S. Gov't"
26982011,https://pubmed.ncbi.nlm.nih.gov/26982011/,2016,Novel Management of Insulin Autoimmune Syndrome with Rituximab and Continuous Glucose Monitoring.,"CONTEXT: Insulin autoimmune syndrome (IAS), or Hirata's disease, is a rare hypoglycemic disorder characterized by spontaneous hypoglycemia without evidence of exogenous insulin administration, a high serum concentration of total immunoreactive insulin, and the presence of insulin autoantibodies in high titer. The majority of cases occur in the Asian population, and treatment is generally successful with watchful waiting or steroids. CASE DESCRIPTION: We report the case of a 71-year-old Caucasian man with severe hypoglycemia due to IAS that was refractory to a prolonged course of high-dose steroids. Type 1 diabetes prevention trials using rituximab have shown selective suppression of insulin autoantibodies, which are the pathogenic antibodies in IAS, and therefore we provided this therapy. Treatment with two doses of rituximab and daily use of a continuous glucose monitor resulted in disease remission. CONCLUSION: We present the first case where potentially life-threatening hypoglycemia due to IAS was successfully managed with rituximab and a continuous glucose monitor. We conclude that these treatment modalities are effective for the management of severe, refractory IAS.",The Journal of clinical endocrinology and metabolism,,Aged; Autoimmune Diseases; Blood Glucose; Blood Glucose Self-Monitoring; Humans; Hypoglycemia; Immunologic Factors; Insulin; Insulin Antibodies; Male; Rituximab; Treatment Outcome,Case Reports; Journal Article
28053319,https://pubmed.ncbi.nlm.nih.gov/28053319/,2017,Pre-diagnostic genotyping identifies T1D subjects with impaired Treg IL-2 signaling and an elevated proportion of FOXP3+IL-17+ cells.,"T-regulatory cells (Tregs) are essential for immune tolerance, and animal studies implicate their dysfunction in type 1 diabetes (T1D) pathogenesis. Tregs require interleukin-2 (IL-2) for their suppressive function, and variants in IL-2/IL-2R pathway genes have been associated with T1D. We previously reported that recent-onset T1D subjects have an increased population of FOXP3lo Tregs that secrete the pro-inflammatory cytokine, interleukin-17 (IL-17). We hypothesize that IL-2 signaling defects may drive T1D development by skewing protective Tregs towards an inflammatory Th17 phenotype. Overall, we found that the proportion of FOXP3+IL-17+ cells in T1D subjects pre-diagnosis was unchanged compared with healthy controls. However, stratification by IL2RA single-nucleotide polymorphisms revealed that T1D subjects with the rs3118470 CC risk variant have Tregs with IL-2 signaling defects and an increased proportion of FOXP3+IL-17+ cells before diagnosis. These data suggest a potential mechanism for genetically controlled loss of Treg function via dysfunctional IL-2 signaling in T1D.",Genes and immunity,,"Biomarkers; Diabetes Mellitus, Type 1; Flow Cytometry; Forkhead Transcription Factors; Genotype; Humans; Immune Tolerance; Interleukin-17; Interleukin-2; Prognosis; Signal Transduction; T-Lymphocytes, Regulatory; Th17 Cells","Journal Article; Research Support, Non-U.S. Gov't; Research Support, N.I.H., Extramural"
28615632,https://pubmed.ncbi.nlm.nih.gov/28615632/,2017,Genome-wide analysis suggests a differential microRNA signature associated with normal and diabetic human corneal limbus.,"Small non-coding RNAs, in particular microRNAs (miRNAs), regulate fine-tuning of gene expression and can impact a wide range of biological processes. However, their roles in normal and diseased limbal epithelial stem cells (LESC) remain unknown. Using deep sequencing analysis, we investigated miRNA expression profiles in central and limbal regions of normal and diabetic human corneas. We identified differentially expressed miRNAs in limbus vs. central cornea in normal and diabetic (DM) corneas including both type 1 (T1DM/IDDM) and type 2 (T2DM/NIDDM) diabetes. Some miRNAs such as miR-10b that was upregulated in limbus vs. central cornea and in diabetic vs. normal limbus also showed significant increase in T1DM vs. T2DM limbus. Overexpression of miR-10b increased Ki-67 staining in human organ-cultured corneas and proliferation rate in cultured corneal epithelial cells. MiR-10b transfected human organ-cultured corneas showed downregulation of PAX6 and DKK1 and upregulation of keratin 17 protein expression levels. In summary, we report for the first time differential miRNA signatures of T1DM and T2DM corneal limbus harboring LESC and show that miR-10b could be involved in the LESC maintenance and/or their early differentiation. Furthermore, miR-10b upregulation may be an important mechanism of corneal diabetic alterations especially in the T1DM patients.",Scientific reports,,"Adult; Aged; Aged, 80 and over; Biomarkers; Cells, Cultured; Computational Biology; Diabetes Mellitus; Diabetes Mellitus, Type 1; Diabetes Mellitus, Type 2; Female; Gene Expression Profiling; Gene Expression Regulation; Gene Ontology; Genome-Wide Association Study; High-Throughput Screening Assays; Humans; Limbus Corneae; Male; MicroRNAs; Middle Aged; Organ Culture Techniques; RNA Interference; Reproducibility of Results; Transcriptome","Journal Article; Research Support, N.I.H., Extramural; Research Support, Non-U.S. Gov't"
30400063,https://pubmed.ncbi.nlm.nih.gov/30400063/,2018,"Soluble CD163 was linked to galectin-3, diabetic retinopathy and antidepressants in type 1 diabetes.","OBJECTIVE: Depression has been associated with diabetic retinopathy and increased plasma levels of galectin-3, a lectin expressed in activated macrophages. Increased levels of sCD163, the soluble form of a macrophage expressed scavenger receptor involved in several inflammatory processes, have been demonstrated in the vitreous of the eye in type 1 diabetes (T1D) patients with severe diabetic retinopathy. The aim was to explore whether circulating sCD163 was associated with diabetic retinopathy, depression and/or galectin-3 in T1D patients, controlling for gender, metabolic factors, other diabetes complications, life style and medication. DESIGN: Cross sectional. METHODS: Two hundred eighty-seven T1D patients, men 56%, age 18-59 years, diabetes duration ≥1 year, were consecutively recruited from one specialist diabetes clinic. Depression was assessed by Hospital Anxiety and Depression Scale-Depression subscale. Blood samples, anthropometrics and blood pressure values were collected, supplemented with data from electronic medical records and the Swedish National Diabetes Registry. High plasma sCD163 was defined as ≥0.575 mg/L (corresponding to the 80th percentile) and high plasma galectin-3 as ≥4.659 µg/L (corresponding to the 95th percentile). RESULTS: The prevalence of depression was 10%, antidepressant medication 8%, diabetic retinopathy 72%, high sCD163 20% and high galectin 3 5%. High galectin-3 (AOR 9.7), antidepressants (AOR 3.8), diabetic retinopathy (AOR 2.4) and systolic blood pressure (per mmHg) (AOR 1.03) were associated with high sCD163. CONCLUSIONS: This is the first study to show that circulating sCD163 was independently associated with galectin-3, the use of antidepressants and diabetic retinopathy, in patients with T1D. Depression was not associated with sCD163.",Endocrine connections,antidepressants; biomarkers; depression; diabetic retinopathy; galectin-3; inflammation; sCD163; type 1 diabetes,,Journal Article
31223511,https://pubmed.ncbi.nlm.nih.gov/31223511/,2019,Giant Vulvar Condylomata: Two Cases and a Review of the Literature.,INTRODUCTION: Giant vulvar condyloma is usually associated with the HPV subtypes 6 and 11 and is characterized by excessive growth of verrucous lesions on the genitals and/or perianal region. It may be observed in sexually inactive as well as sexually active women. Immunosuppression plays an important role in the development of the disease. PATIENTS AND METHODS: We report two cases of giant vulvar condyloma together with the review of the literature. RESULTS: One case was a 21-year old sexually inactive woman with a history of Type 1 Diabetes. Second case was a 20-year-old sexually active woman with a rapidly progressing disease and cervical dysplasia. Both cases were operated; all the condylomatous structures were resected with preservation of the anatomy and clitoral innervation and blood flow. Skin and subcuticular dehiscence was the only complication encountered in the first case. CONCLUSION: Main treatment of giant vulvar condyloma is surgical resection with maintenance of the vulvar anatomy. Preservation of especially the clitoral innervation as much as possible is very important.,Case reports in obstetrics and gynecology,,,Case Reports; Journal Article
31752036,https://pubmed.ncbi.nlm.nih.gov/31752036/,2019,[Non-occlusive Mesenteric Ischemia caused by Diabetic Ketoacidosis - Pneumatosis intestinalis and Portal Venous Gas as an Indication of Mesenteric Ischemia].,"HISTORY: A 67-year-old woman was found lying naked on the bathroom floor for at least the last 12 hours. She had a medical history of insulin-dependent diabetes mellitus type 2 and a resection of the cecal pole. EXAMINATIONS: The patient was hypotonic (60/40 mmHg), hypothermic (29 °C) and hyperglycemic. The bowel sounds were sparse. There was a severe metabolic acidosis (pH 6.7). A Urinalysis showed a high concentration of ketone bodies. An abdominal ultrasonography revealed air reflexes in the liver parenchyma. A computer tomography was used to diagnose an acute mesenteric ischemia (AMI) with pneumatosis intestinalis and portal venous gas. TREATMENT: In an exploratory laparotomy the finding of necrotic bowl made it necessary to resect 160 cm of the small intestine as well as the remaining ileum and right hemikolon during a second surgery on the following day. Histopathologically there was no evidence for an occlusive genesis in the resected specimen. CONCLUSION: The clinic of the AMI is manifold - with fatal consequences in case of delayed diagnosis. Serum parameters are often overestimated. In this case report a diabetic coma was responsible for the AMI. The diagnosis was based on sonographic imaging followed by computed tomography, so that the life-saving operation could be performed. Therefore, sonography should be considered as a mandatory examination of critically ill patients.",Deutsche medizinische Wochenschrift (1946),,"Abdomen; Aged; Coma; Diabetic Ketoacidosis; Female; Humans; Mesenteric Ischemia; Pneumatosis Cystoides Intestinalis; Tomography, X-Ray Computed",Case Reports; Journal Article
32502242,https://pubmed.ncbi.nlm.nih.gov/32502242/,2020,The Effect of Ethnicity in the Rate of Beta-Cell Functional Loss in the First 3 Years After Type 1 Diabetes Diagnosis.,"OBJECTIVE: We set forth to compare ethnicities for metabolic and immunological characteristics at the clinical diagnosis of type 1 diabetes (T1D) and assess the effect of ethnicity on beta-cell functional loss within 3 years after clinical diagnosis. RESEARCH METHODS AND DESIGN: We studied participants in TrialNet New Onset Intervention Trials (n = 624, median age = 14.4 years, 58% male, 8.7% Hispanic) and followed them prospectively for 3 years. Mixed meal tolerance tests (MMTT) were performed within 6 months following clinical diagnosis and repeated semiannually. Unless otherwise indicated, analyses were adjusted for age, sex, BMI Z-score, and diabetes duration. RESULTS: At T1D clinical diagnosis, Hispanics, compared with non-Hispanic whites (NHW), had a higher frequency of diabetic ketoacidosis (DKA) (44.7% vs 25.3%, OR = 2.36, P = 0.01), lower fasting glucose (97 vs 109 mg/dL, P = 0.02) and higher fasting C-peptide (1.23 vs 0.94 ng/mL, P = 0.02) on the first MMTT, and higher frequency of ZnT8 autoantibody positivity (n = 201, 94.1% vs 64%, OR = 7.98, P = 0.05). After exclusion of participants in experimental arms of positive clinical trials, C-peptide area under the curve (AUC) trajectories during the first 3 years after clinical diagnosis were not significantly different between Hispanics and NHW after adjusting for age, sex, BMI-z score, and DKA (n = 413, P = 0.14). CONCLUSION: Despite differences in the metabolic and immunological characteristics at clinical diagnosis of T1D between Hispanics and NHW, C-peptide trajectories did not differ significantly in the first 3 years following clinical diagnosis after adjustment for body mass index and other confounders. These findings may inform the design of observational studies and intervention trials in T1D.",The Journal of clinical endocrinology and metabolism,C-peptide; Hispanics; beta-cell function; ethnic minorities; ethnicity; type 1 diabetes,"Adolescent; C-Peptide; Diabetes Mellitus, Type 1; Female; Hispanic or Latino; Humans; Insulin-Secreting Cells; Male; Prospective Studies; White People","Journal Article; Research Support, N.I.H., Extramural; Research Support, Non-U.S. Gov't"
34128835,https://pubmed.ncbi.nlm.nih.gov/34128835/,2021,12-Lipoxygenase governs the innate immune pathogenesis of islet inflammation and autoimmune diabetes.,"Macrophages and related myeloid cells are innate immune cells that participate in the early islet inflammation of type 1 diabetes (T1D). The enzyme 12-lipoxygenase (12-LOX) catalyzes the formation of proinflammatory eicosanoids, but its role and mechanisms in myeloid cells in the pathogenesis of islet inflammation have not been elucidated. Leveraging a model of islet inflammation in zebrafish, we show here that macrophages contribute significantly to the loss of β cells and the subsequent development of hyperglycemia. The depletion or inhibition of 12-LOX in this model resulted in reduced macrophage infiltration into islets and the preservation of β cell mass. In NOD mice, the deletion of the gene encoding 12-LOX in the myeloid lineage resulted in reduced insulitis with reductions in proinflammatory macrophages, a suppressed T cell response, preserved β cell mass, and almost complete protection from the development of T1D. 12-LOX depletion caused a defect in myeloid cell migration, a function required for immune surveillance and tissue injury responses. This effect on migration resulted from the loss of the chemokine receptor CXCR3. Transgenic expression of the gene encoding CXCR3 rescued the migratory defect in zebrafish 12-LOX morphants. Taken together, our results reveal a formative role for innate immune cells in the early pathogenesis of T1D and identify 12-LOX as an enzyme required to promote their prodiabetogenic phenotype in the context of autoimmunity.",JCI insight,Autoimmunity; Diabetes; Endocrinology; Islet cells; Macrophages,"Animals; Animals, Genetically Modified; Arachidonate 12-Lipoxygenase; Arachidonate 15-Lipoxygenase; Diabetes Mellitus, Type 1; Disease Models, Animal; Female; Humans; Immunity, Innate; Insulin-Secreting Cells; Male; Mice; Primary Cell Culture; Receptors, CXCR3; Zebrafish; Zebrafish Proteins","Journal Article; Research Support, N.I.H., Extramural; Research Support, Non-U.S. Gov't"
34890648,https://pubmed.ncbi.nlm.nih.gov/34890648/,2022,Recent advances in closed-loop insulin delivery.,"Since the discovery of insulin 100 years ago, we have seen considerable advances across diabetes therapies. The more recent advent of glucose-responsive automated insulin delivery has started to revolutionise the management of type 1 diabetes in children and adults. Evolution of closed-loop insulin delivery from research to clinical practice has been rapid, and multiple systems are now commercially available. In this review, we summarise key evidence on currently available closed-loop systems and those in development. We comment on dual-hormone and do-it-yourself systems, as well as reviewing clinical evidence in special populations such as very young children, older adults and in pregnancy. We identify future directions for research and barriers to closed-loop adoption, including how these might be addressed to ensure equitable access to this novel therapy.",Metabolism: clinical and experimental,Artificial pancreas; Closed loop insulin delivery; Diabetes technology; Type 1 diabetes,"Adolescent; Adult; Age of Onset; Aged; Aged, 80 and over; Blood Glucose; Child; Child, Preschool; Diabetes Mellitus, Type 1; Female; Humans; Insulin; Insulin Infusion Systems; Middle Aged; Pancreas, Artificial; Pregnancy; Young Adult","Journal Article; Research Support, N.I.H., Extramural; Research Support, Non-U.S. Gov't; Review"
36633505,https://pubmed.ncbi.nlm.nih.gov/36633505/,2023,"A co-formulation of pramlintide and insulin A21G (ADO09) improves postprandial glucose and short-term control of mean glucose, time in range, and body weight versus insulin aspart in adults with type 1 diabetes.","AIM: Pramlintide improves postprandial glucose but requires additional injections. We investigated the pharmacokinetics/pharmacodynamics, efficacy and safety of ADO09, pramlintide/insulin A21G co-formulation, in type 1 diabetes (T1D). MATERIALS AND METHODS: This double-blinded, randomized, two-period cross-over study compared prandial administration of ADO09 or insulin aspart over 24 days in T1D using either ≤40 U bolus insulin per day [low-dose group (LD), n = 28] or 40-75 U [high-dose group (HD), n = 16]. Glycaemic responses through continuous glucose monitoring, and pharmacokinetics/pharmacodynamics profiles following mixed-meal-tolerance tests were evaluated at baseline and at the end of treatment. RESULTS: Glucose increments from 0 to 4 h after mixed-meal-tolerance test (primary endpoint) were 39% (not statistically significantly) lower with ADO09 in the low-dose group and 69% lower in the high-dose group. Mean continuous glucose monitoring glucose during ambulatory treatment was lower with ADO09 than with aspart (LD: -8.2 ± 7.9 mg/dl, p = .0001; HD: -7.0 ± 10 mg/ml, p = .0127), and time-in-range (70-180 mg/dl) improved (LD: +4%, p = .0134; HD: +4%, p = .0432). Body weight declined significantly with ADO09 (LD: -0.8 kg; HD: -1.6 kg). Hypoglycaemic events were slightly more frequent with ADO09 versus aspart (LD: 142 vs. 115; HD: 96 vs. 79). Gastrointestinal events occurred more frequently with ADO09 but were generally transient, and no other safety signals were identified. CONCLUSIONS: In comparison with aspart, ADO09 was well tolerated and effective in T1D across a wide range of dosage, significantly improving the average blood glucose level and body weight during 24 days of ambulatory treatment. Meal test profiles confirmed improvement of glycaemic patterns and other responses with ADO09.","Diabetes, obesity & metabolism",antidiabetic drug; drug development; effectiveness; glycaemic control; insulin therapy; phase I-II study,"Adult; Humans; Insulin; Diabetes Mellitus, Type 1; Insulin Aspart; Glucose; Blood Glucose Self-Monitoring; Cross-Over Studies; Blood Glucose; Hypoglycemic Agents; Insulin, Regular, Human; Body Weight; Postprandial Period; Islet Amyloid Polypeptide","Randomized Controlled Trial; Journal Article; Research Support, Non-U.S. Gov't"
37792778,https://pubmed.ncbi.nlm.nih.gov/37792778/,2023,Cotransplantation of marginal mass allogeneic islets with 3D culture-derived adult human skin cells improves glycemia in diabetic mice.,"Islet transplantation represents a therapeutic option for type 1 diabetes (T1D). Long-term viability of transplanted islets requires improvement. Mesenchymal stromal cells (MSCs) have been proposed as adjuvants for islet transplantation facilitating grafting and functionality. Stem cell aggregation provides physiological interactions between cells and enhances the in situ concentration of modulators of inflammation and immunity. We established a hanging-drop culture of adult human skin fibroblast-like cells as spheroids, and skin spheroid-derived cells (SphCs) were characterized. We assessed the potential of SphCs in improving islet functionality by cotransplantation with a marginal mass of allogeneic islets in an experimental diabetic mouse model and characterized the secretome of SphCs by mass spectrometry-based proteomics. SphCs were characterized as multipotent progenitors and their coculture with anti-CD3 stimulated mouse splenocytes decreased CD4+ T cell proliferation with skewed cytokine secretion through an increase in the Th2/Th1 ratio profile. SphCs-conditioned media attenuated apoptosis of islets induced by cytokine challenge in vitro and importantly, intratesticular SphCs administration did not show tumorigenicity in immune-deficient mice. Moreover, SphCs improved glycemic control when cotransplanted with a marginal mass of allogeneic islets in a diabetic mouse model without pharmacological immunosuppression. SphCs' protein secretome differed from its paired skin fibroblast-like counterpart in containing 70% of up- and downregulated proteins and biological processes that overall positively influenced islets such as cytoprotection, cellular stress, metabolism, and survival. In summary, SphCs improved the performance of transplanted allogeneic islets in an experimental T1D model, without pharmacological immunosuppression. Future research is warranted to identify SphCs-secreted factors responsible for islets' endurance.",Brazilian journal of medical and biological research = Revista brasileira de pesquisas medicas e biologicas,,"Humans; Mice; Animals; Adult; Islets of Langerhans; Diabetes Mellitus, Type 1; Diabetes Mellitus, Experimental; Islets of Langerhans Transplantation; Cytokines; Hematopoietic Stem Cell Transplantation",Journal Article
38967667,https://pubmed.ncbi.nlm.nih.gov/38967667/,2024,"Technology advances in diabetes pregnancy: right technology, right person, right time.","This review outlines some of the extraordinary recent advances in diabetes technology, which are transforming the management of type 1 diabetes before, during and after pregnancy. It highlights recent improvements associated with use of continuous glucose monitoring (CGM) but acknowledges that neither CGM nor insulin pump therapy are adequate for achieving the pregnancy glucose targets. Furthermore, even hybrid closed-loop (HCL) systems that are clinically effective outside of pregnancy may not confer additional benefits throughout pregnancy. To date, there is only one HCL system, the CamAPS FX, with a strong evidence base for use during pregnancy, suggesting that the pregnancy benefits are HCL system specific. This is in stark contrast to HCL system use outside of pregnancy, where benefits are HCL category specific. The CamAPS FX HCL system has a rapidly adaptive algorithm and lower glucose targets with benefits across all maternal glucose categories, meaning that it is applicable for all women with type 1 diabetes, before and during pregnancy. For women of reproductive years living with type 2 diabetes, the relative merits of using non-insulin pharmacotherapies vs diabetes technology (dipeptidyl peptidase-4 inhibitors, glucagon-like peptide-1 receptor agonists and sodium-glucose cotransporter 2 inhibitors) are unknown. Despite the urgent unmet need and potential benefits, studies of pharmacotherapy and technology use are extremely limited in pregnant women with type 2 diabetes.",Diabetologia,Automated insulin delivery; Closed-Loop; Continuous glucose monitoring; Diabetes technology; Neonatal; Obstetric; Pregnancy; Review; Type 1 Diabetes; Type 2 Diabetes,"Humans; Pregnancy; Female; Diabetes Mellitus, Type 1; Insulin Infusion Systems; Blood Glucose Self-Monitoring; Pregnancy in Diabetics; Hypoglycemic Agents; Blood Glucose; Diabetes Mellitus, Type 2; Insulin",Journal Article; Review
39146468,https://pubmed.ncbi.nlm.nih.gov/39146468/,2025,"Safety of Options to ""Boost"" (Enhancing Insulin Infusion Rates) and ""Ease-Off"" (Reducing Insulin Infusion Rates) in CamAPS FX Hybrid Closed-Loop System: A Real-World Analysis.","The usage and safety of the Boost and Ease-off features in the CamAPS FX hybrid closed-loop system were analyzed in a retrospective analysis of real-world data from 7,464 users over a 12-month period. Boost was used more frequently than Ease-off, but for a shorter duration per use. Mean starting glucose was above range for Boost (229 ± 51 mg/dL), and within range for Ease-off (114 ± 29 mg/dL). Time spent below 70 mg/dL was low during Boost periods [median (interquartile range; IQR) 0.0% (0.0, 0.5%)], and lower than during no Boost periods [2.1% (1.2, 3.4%)], while time spent above 180 mg/dL was lower during Ease-off periods (15 ± 14%) compared with no Ease-off periods (25 ± 12%). There were no episodes of severe hypoglycemia or diabetic ketoacidosis attributed to Boost or Ease-off use. Boost and Ease-off allow users to engage safely with CamAPS FX to manage their glucose levels during periods of more-than-usual and less-than-usual insulin needs.",Diabetes technology & therapeutics,Boost; CamAPS FX; Ease-off; hybrid closed-loop; type 1 diabetes,"Humans; Insulin Infusion Systems; Retrospective Studies; Insulin; Hypoglycemic Agents; Female; Male; Diabetes Mellitus, Type 1; Blood Glucose; Adult; Middle Aged; Blood Glucose Self-Monitoring; Adolescent; Young Adult; Hypoglycemia; Glycemic Control; Child","Journal Article; Research Support, Non-U.S. Gov't"
41256079,https://pubmed.ncbi.nlm.nih.gov/41256079/,2025,The Effects of Carbohydrate Counting Over Glycometabolic Control in Patients Diagnosed with Type 1 Diabetes Mellitus.,"OBJECTIVE: Advanced carbohydrate counting (CC), a nutritional intervention that adjusts insulin based on the estimated carbohydrate content of meals, has shown inconsistent effects on glycometabolic control. This study aimed to evaluate the long-term efficacy of advanced CC in patients with type 1 diabetes mellitus (DM) and assess adherence and consistency rates. MATERIALS AND METHODS: Adult patients diagnosed with type 1 DM who applied multiple dose insulin therapy were included. Data from patients who completed advanced CC training and practiced it for at least 3 months were retrospectively reviewed. Baseline demographic data, as well as BMI, HbA1c, lipid profile, daily insulin doses, meal frequency, hospital visits, and chronic complication rates, were evaluated before and after CC. RESULTS: Twenty-five patients (mean± SD age: 22.6±7.7 years, 68% female) were included. The duration of CC was a median (IQR) of 40 (12-75) months. HbA1c levels significantly improved (p=0.023), while BMIs and lipid parameters remained similar. Four patients experienced diabetic ketoacidosis in the year before starting CC and none during follow-up (p=0.046). None of the patients had new-onset diabetic complications during CC. The adherence rate was 69.5%, and the discontinuation rate was 32%. The primary reason for discontinuation was the difficulty in implementing the method daily. CONCLUSION: Advanced CC is effective for improving glycemic control in patients with type 1 DM, with effects that last for a long time. Consistency may be hindered for some patients by difficulties integrating it into their daily life. Dietary and lifestyle advice should be individualized in patients with type 1 DM.",Journal of clinical practice and research,Carbohydrate counting; diabetes complications; diabetic diet; insulin; type 1 diabetes,,Journal Article
41863835,https://pubmed.ncbi.nlm.nih.gov/41863835/,2026,Factors Associated With Time to Automated Insulin Delivery System Initiation in Youth With Type 1 Diabetes.,"INTRODUCTION: Initiation of automated insulin delivery (AID) systems involves a complex multistep process, starting with the shared decision of patient and provider to start an AID, followed by prescription, AID training, and AID start. We aim to assess time taken from decision to start an AID system to actual initiation of AID therapy, termed time to AID (TT-AID) and identify factors that influence the process. METHODS: This retrospective study included insulin pump naive youth with type 1 diabetes, who decided to initiate an AID system after May 2022, at the Johns Hopkins Diabetes Center. Electronic medical records and device portals were reviewed to collect demographics and AID details. Time-to-event analysis was performed. RESULTS: Participants included 270 youth with T1D (median age = 12.4, 57% male, 58.9% non-Hispanic white, 4.4% Hispanic, and median diabetes duration = 0.3 years). Median TT-AID is 43.5 days, with longest duration observed between prescription and pre-AID training (median = 37.5 days). Time to AID increased significantly for participants with a diabetes duration greater than one year (40 days vs 56 days; P = .0002) and higher area deprivation index (hazard ratio [HR] = 0.95; P = .023). There were no significant differences in TT-AID based on insurance type or type of AID system. CONCLUSION: The process of starting an AID system can be lengthy, with factors such as longer diabetes duration and high area deprivation being associated with delays in the process. Future interventions could address these factors by encouraging early AID system discussions and providing additional social support to improve the efficiency of the AID initiation process.",Journal of diabetes science and technology,area of deprivation; automated insulin delivery; diabetes technology; initiation; insulin pump; process; type 1 diabetes; youth,,Journal Article
1490690,https://pubmed.ncbi.nlm.nih.gov/1490690/,1992,Improvement of glucose tolerance by minimal doses of glipizide in obese subjects with different degrees of glucose intolerance.,"Obesity and impaired glucose tolerance (IGT) are risk factors for non insulin dependent diabetes mellitus (NIDDM) and for ischemic heart disease. Long term treatment of IGT subjects with diet and tolbutamide prevents progression of IGT to NIDDM. We have evaluated the lowest dose of glipizide, a second-generation sulfonylurea, able to improve glucose tolerance in response to oral glucose in 31 obese subjects, 12 with NIDDM, 9 with IGT and 10 with normal glucose tolerance (NGT). All subjects underwent four OGTTs, preceded by placebo and by different doses of glipizide (0.5, 1.0, 2.5 mg). Glucose tolerance was progressively improved by increasing glipizide doses in all groups, probably by peripheral mechanism and by enhanced insulin release.",Hormone and metabolic research. Supplement series,,Blood Glucose; Female; Glipizide; Glucose Tolerance Test; Humans; Male; Obesity; Risk Factors,Clinical Trial; Comparative Study; Controlled Clinical Trial; Journal Article
1587393,https://pubmed.ncbi.nlm.nih.gov/1587393/,1992,Why intraperitoneal delivery of insulin with implantable pumps in NIDDM?,"In the normal state, pancreatic secretion of insulin results in a portal/peripheral gradient with the highest concentrations of insulin in the liver. In diabetic patients with absent or insufficient pancreatic insulin secretion who require exogenous insulin, this normal gradient is lost, resulting in numerous abnormalities. This consideration led to interest in the intraperitoneal delivery of insulin, hoping to produce a therapeutic state more closely resembling normal physiology. The development of implantable insulin pumps, which can deliver insulin intraperitoneally, led to numerous studies on insulin-dependent diabetes mellitus (IDDM) patients, demonstrating that insulin delivered intraperitoneally is rapidly and predictably absorbed with most of it going into the portal system, resulting in hepatic delivery of insulin. Studies in IDDM patients have demonstrated that good glucose control can be achieved with intraperitoneal delivery of insulin from implantable pumps with lesser glycemic fluctuations and, therefore, fewer episodes of hypoglycemia. Furthermore, intraperitoneal insulin results in carbohydrate and particularly lipid metabolism that more closely mimics the normal physiological state than produced by injections of insulin. Thus, implantable insulin pumps are being studied for use in IDDM. Many non-insulin-dependent diabetes mellitus (NIDDM) patients have insufficient pancreatic secretion and require exogenous insulin. Because of alterations in hepatic sensitivity to insulin, increments in insulin delivery to the liver may be even more important in NIDDM than IDDM. Furthermore, insulin resistance, which is an integral part of NIDDM, results in higher physiological levels of insulin, which are required for glucose control, and thus significant peripheral hyperinsulinemia occurs in patients receiving exogenous insulin.(ABSTRACT TRUNCATED AT 250 WORDS)",Diabetes,,"Blood Glucose; Diabetes Mellitus, Type 2; Humans; Insulin Infusion Systems; Lipid Metabolism","Journal Article; Research Support, U.S. Gov't, Non-P.H.S.; Research Support, U.S. Gov't, P.H.S.; Review"
1966523,https://pubmed.ncbi.nlm.nih.gov/1966523/,1990,Infection by human cytomegalovirus and rubella virus of cultured human fetal islets of Langerhans.,"Several viruses are implicated in the pathogenesis of pancreatic beta cell destruction and the onset of insulin-dependent (type 1) diabetes mellitus (IDDM). However, it is still controversial as to whether viral infection can exert direct cytopathic effects on beta cells. We have studied the effect of infection by human cytomegalovirus (CMV) and rubella virus on human fetal pancreatic islets in tissue culture. Although morphological changes were observed in CMV-inoculated islet cells, such infection did not lead to changes in levels of secreted immunoreactive insulin. On the other hand, infection by rubella virus did lead to significantly lower levels of immunoreactive insulin in the absence of demonstrable cytopathic effect. These results indicate that viral infection of human pancreatic islet tissue can occur as demonstrated through tissue culture techniques, and that such infection leads to changes in levels of secreted insulin in some cases but not others.","In vivo (Athens, Greece)",,"Cell Transformation, Viral; Cells, Cultured; Cytomegalovirus; Fetus; Humans; Insulin; Insulin Secretion; Islets of Langerhans; Microscopy, Electron; Rubella virus","Journal Article; Research Support, Non-U.S. Gov't"
2210054,https://pubmed.ncbi.nlm.nih.gov/2210054/,1990,Structure of cat islet amyloid polypeptide and identification of amino acid residues of potential significance for islet amyloid formation.,"Cats and humans, unlike most rodent species, develop amyloid in the islets of Langerhans in conjunction with non-insulin-dependent diabetes mellitus. The amyloid consists of a 37-amino acid polypeptide referred to as islet amyloid polypeptide (IAPP). The primary structures of IAPP from human and three rodent species have previously been determined. Sequence divergence was seen in the region corresponding to amino acid residues 20-29, which in human IAPP has been suggested to confer the amyloidogenic properties to the molecule. Using polymerase chain-reaction methodology, we determined the primary sequence of cat IAPP. Amino acid region 20-29 shows specific similarities and differences compared with human and rodent IAPP, respectively. A synthetic cat IAPP20-29 decapeptide formed amyloid fibrils spontaneously in vitro. Comparison between the structure and amyloid fibril-forming activity of various synthetic peptides suggests that the amino acid residues at positions 25-26 in mature IAPP are important for the amyloidogenic properties of the molecule.",Diabetes,,Amino Acid Sequence; Amino Acids; Amyloid; Animals; Base Sequence; Cats; DNA; Islets of Langerhans; Molecular Sequence Data; Polymerase Chain Reaction,"Journal Article; Research Support, Non-U.S. Gov't; Research Support, U.S. Gov't, P.H.S."
2347435,https://pubmed.ncbi.nlm.nih.gov/2347435/,1990,Alcohol causes hypoglycaemic unawareness in healthy volunteers and patients with type 1 (insulin-dependent) diabetes.,"Both hypoglycaemia and alcohol consumption affect cognitive function but it is unclear whether moderate drinking alters awareness of hypoglycaemia. We have examined this in a single blind randomised hyperinsulinaemic clamp study in eight non-diabetic subjects and seven Type 1 (insulin-dependent) diabetic patients. After 30 min of euglycaemia (blood glucose 4.5 mmol/l) subjects drank either 0.75 g/kg ethanol or a placebo drink after which blood glucose was lowered to 2.5 mmol/l for 40 min. Awareness of hypoglycaemia, reaction time and physiological responses were measured before and after ethanol. At a blood glucose concentration of 4.5 mmol/l, ethanol (producing peak blood levels of 20-25 mmol/l) caused a transient increase in systolic blood pressure (p less than 0.05), a sustained increase in heart rate (p less than 0.01) and a slowing of reaction time in both normal subjects and diabetic patients. During hypoglycaemia in both groups, the slowing of reaction time and increase in sweating were more marked after ethanol than placebo (both p less than 0.05), while the increase in finger tremor (p less than 0.05) was blunted after ethanol, in both groups. Counter regulatory hormone secretion was not affected by ethanol. Despite increases in symptoms during hypoglycaemia, only 2 of 15 individuals ""felt hypoglycaemic"" after ethanol compared to 11 out of 15 after placebo. We conclude that after moderate drinking non-diabetic subjects and Type 1 diabetic patients are less aware of hypoglycaemia despite exaggerated physiological changes.",Diabetologia,,"Adult; Alcohol Drinking; Awareness; Blood Glucose; Cognition; Diabetes Mellitus, Type 1; Ethanol; Female; Humans; Hypoglycemia; Kinetics; Male; Reference Values; Sweating","Clinical Trial; Journal Article; Randomized Controlled Trial; Research Support, Non-U.S. Gov't"
2378853,https://pubmed.ncbi.nlm.nih.gov/2378853/,1990,Localised blood-retinal barrier leakage and retinal light sensitivity in diabetic retinopathy.,"Twenty patients with insulin dependent diabetes mellitus were selected on the basis of morphological signs of blood-retinal barrier leakage--namely, hard exudates seen on fundus photographs and/or localised leakage of fluorescein seen on fluorescein angiograms. Computerised perimetry was carried out in visual field areas that corresponded to the morphological lesions, and the visual field data were accurately correlated with the morphology as seen on fundus photographs and fluorescein angiograms. In addition, in seven of the patients who represented the range of leakage among the patients studied, the blood-retinal barrier leakage was quantitated by vitreous fluorophotometry. In 16 cases normal light sensitivity was found in retinal areas showing localised leakage as studied on fluorescein angiograms. In four cases with pronounced maculopathy, where scotomata occurred, there was no topographical correlation between the scotomata and barrier leakage. Furthermore hard exudates often, but not consistently, caused localised scotomata when arranged in dense conglomerates. The permeability values correlated with angiographically observed hyperfluorescence in the macular area. On the basis of the techniques employed in the present study it seems that breakdown of the blood-retinal barrier is an earlier event than disturbance of neurosensory function in the development of diabetic retinopathy. However, the findings give no evidence of a causal relationship between barrier leakage and damage to sensory cell function.",The British journal of ophthalmology,,Blood-Retinal Barrier; Capillary Permeability; Diabetic Retinopathy; Fluorescein Angiography; Fundus Oculi; Humans; Light; Retina; Visual Field Tests,"Journal Article; Research Support, Non-U.S. Gov't"
2708888,https://pubmed.ncbi.nlm.nih.gov/2708888/,1989,Pernicious anemia and juvenile-onset diabetes mellitus in an adolescent: a case report.,We report a case of a 15-year-old black boy who developed juvenile-onset pernicious anemia in association with insulin-dependent diabetes mellitus. He had both intrinsic factor and parietal cell antibodies in addition to anti-islet cell surface antibodies. The existence of pernicious anemia and diabetes mellitus in such a young child makes this an unusual case.,The Journal of the Louisiana State Medical Society : official organ of the Louisiana State Medical Society,,"Adolescent; Anemia, Pernicious; Diabetes Mellitus, Type 1; Humans; Intrinsic Factor; Male",Case Reports; Journal Article
6334624,https://pubmed.ncbi.nlm.nih.gov/6334624/,1984,Interaction of HLA and immunoglobulin antigens in type 1 (insulin-dependent) diabetes.,"We analyzed 88 unrelated subjects with Type 1 (insulin-dependent) diabetes and 64 sibling controls (maximum one per diabetic) for associations between immunoglobulin allotype antigens (GM and KM) and Type 1 diabetes. None were found. However, we did find interactions between GM, HLA-DR, and Type 1 diabetes (significant or of borderline significance after considering the effect of multiple tests): possession of Glm(2) appeared to increase susceptibility to diabetes in individuals who had HLA-DR3 but not HLA-DR4, while possession of G3m(5) appeared to increase susceptibility in individuals who had HLA-DR4 but not HLA-DR3. These results suggest that genetic predisposition to Type 1 diabetes is partially determined by alleles at the GM locus (or a locus in linkage disequilibrium with GM) interacting with alleles at the HLA-DR locus (or a locus in linkage disequilibrium with HLA-DR).",Diabetologia,,"Adult; Chromosome Mapping; Diabetes Mellitus, Type 1; Genetic Linkage; Genetic Markers; HLA-DR Antigens; HLA-DR3 Antigen; HLA-DR4 Antigen; Histocompatibility Antigens Class II; Humans; Immunoglobulin Allotypes; Immunoglobulin G; Phenotype","Journal Article; Research Support, Non-U.S. Gov't; Research Support, U.S. Gov't, P.H.S."
7555509,https://pubmed.ncbi.nlm.nih.gov/7555509/,1995,Insulin sensitivity is not impaired in Mexican-American women without a family history of diabetes.,"OBJECTIVE: The purpose of this research was to compare insulin sensitivity in Mexican-Americans and non-Hispanic whites without a family history of diabetes to establish whether insulin resistance is a defect intrinsically related to subjects of Mexican origin. RESEARCH DESIGN AND METHODS: In study A, we compared insulin sensitivity in 12 Mexican-American and 12 non-Hispanic white women with normal glucose tolerance and no family history of diabetes. In study B, we compared insulin sensitivity in two groups of normal glucose-tolerant Mexican-Americans, nine with a positive (FHD+) and nine with a negative (FHD-) family history of diabetes. In both studies, the groups were closely matched for age, total body fat content, and fat topography. Insulin sensitivity was assessed with the euglycemic insulin clamp (20 microU.min-1.m2 surface area) which was performed in combination with tritiated glucose infusion and indirect calorimetry. Total fat mass and fat-free mass (FFM) were assessed by a tritiated water dilution technique, and regional fat distribution was evaluated by anthropometry and magnetic resonance imaging. RESULTS: During a 4-h euglycemic insulin clamp (study A), rates (mg.min-1.kg FFM-1) of total (6.32 +/- 0.64 vs. 6.62 +/- 0.81), oxidative (3.54 +/- 0.24 vs. 3.51 +/- 0.19), and nonoxidative (2.78 +/- 0.48 vs. 3.11 +/- 0.75) glucose utilization were similar in Mexican-Americans and non-Hispanic whites; hepatic glucose production (0.33 +/- 0.13 vs. 0.35 +/- 0.13) was suppressed similarly in both groups. During a 2-h euglycemic insulin clamp (study B), Mexican-Americans with FHD+ had lower rates of insulin-mediated total (3.55 +/- 0.39 vs. 5.93 +/- 0.59, P < 0.001), oxidative (3.31 +/- 0.25 vs. 4.32 +/- 0.17, P < 0.01), and nonoxidative (0.24 +/- 0.28 vs. 1.61 +/- 0.49, P < 0.01) glucose disposal than subjects with FHD-; suppression of hepatic glucose production (0.24 +/- 0.14 vs. 0.18 +/- 0.12) was similar in both groups. CONCLUSIONS: These results indicate that in the absence of a family history of non-insulin-dependent diabetes mellitus, Mexican-American women are not less sensitive to insulin than non-Hispanic white women.",Diabetes care,,"Adipose Tissue; Adult; Anthropometry; Blood Glucose; Body Mass Index; Calorimetry; Diabetes Mellitus; Female; Glucose; Glucose Clamp Technique; Glucose Tolerance Test; Humans; Infusions, Intravenous; Insulin; Liver; Magnetic Resonance Imaging; Mexican Americans; Mexico; Texas; Tritium; White People","Comparative Study; Journal Article; Research Support, U.S. Gov't, Non-P.H.S.; Research Support, U.S. Gov't, P.H.S."
7664536,https://pubmed.ncbi.nlm.nih.gov/7664536/,1994,"Zinc, copper and magnesium status in insulin-dependent diabetes.",In 20 patients with insulin-dependent diabetes mellitus the concentration of zinc in serum was 56.53 +/- 2.36 micrograms/dl (mean +/- SD). This was significantly lower (p < 0.01) than the levels measured in matched controls. In the same patients the concentrations of serum copper and magnesium were 123.46 +/- 6.59 micrograms/dl and 17.38 +/- 0.52 mg/l respectively. These copper values were higher and the magnesium levels were lower than in the control subjects (p < 0.01). These changes may be associated with the development of insulin resistance and it is proposed that patients will improve if trace elements are given as part of the therapy.,"Diabetes research (Edinburgh, Scotland)",,"Adolescent; Adult; Case-Control Studies; Copper; Diabetes Mellitus, Type 1; Female; Humans; Insulin Resistance; Magnesium; Male; Zinc","Comparative Study; Journal Article; Research Support, Non-U.S. Gov't"
7729298,https://pubmed.ncbi.nlm.nih.gov/7729298/,1995,Effects of personality on metabolic control in IDDM patients.,"OBJECTIVE: The aim of this study was to evaluate the relationship between poor metabolic control and maladaptive personality traits (according to the Diagnostic and Statistical Manual of Mental Disorders, Third Edition-Revised) in an adult-onset insulin-dependent diabetes mellitus sample group (n = 77). RESEARCH DESIGN AND METHODS: Metabolic control was evaluated through glycosylated hemoglobin (HbA1c). Personality traits were assessed with the Personality Diagnostic Questionnaire-Revised, a self-administered questionnaire. Residual pancreatic secretion (fasting serum C-peptide) was also evaluated. RESULTS: Principal components analysis revealed three personality profiles: ""withdrawn-suspicious"" (P1), ""dramatic-dependent"" (P2), and ""aggressive-irresponsible"" (P3). Multiple linear regression analysis showed that C-peptide levels and P2 personality profiles were significant and independent predictors of HbA1c plasma levels: P2 predicted high HbA1c values and C-peptide predicted low HbA1c levels. CONCLUSIONS: These data suggest that a P2 personality profile is a significant predictor of poor metabolic control.",Diabetes care,,"Adult; Aggression; C-Peptide; Diabetes Mellitus, Type 1; Female; Glycated Hemoglobin; Humans; Male; Personality; Personality Inventory; Regression Analysis; Surveys and Questionnaires",Comparative Study; Journal Article
7860757,https://pubmed.ncbi.nlm.nih.gov/7860757/,1995,The effects of non-insulin-dependent diabetes mellitus on the kinetics of onset of insulin action in hepatic and extrahepatic tissues.,"The mechanism(s) of insulin resistance in non-insulin-dependent diabetes mellitus remains ill defined. The current studies sought to determine whether non-insulin-dependent diabetes mellitus is associated with (a) a delay in the rate of onset of insulin action, (b) impaired hepatic and extrahepatic kinetic responses to insulin, and (c) an alteration in the contribution of gluconeogenesis to hepatic glucose release. To answer these questions, glucose disappearance, glucose release, and the rate of incorporation of 14CO2 into glucose were measured during 0.5 and 1.0 mU/kg-1 per min-1 insulin infusions while glucose was clamped at approximately 95 mg/dl in diabetic and nondiabetic subjects. The absolute rate of disappearance was lower (P < 0.05) and the rate of increase slower (P < 0.05) in diabetic than nondiabetic subjects during both insulin infusions. In contrast, the rate of suppression of glucose release in response to a change in insulin did not differ in the diabetic and nondiabetic subjects during either the low (slope 30-240 min:0.02 +/- 0.01 vs 0.02 +/- 0.01) or high (0.02 +/- 0.00 vs 0.02 +/- 0.00) insulin infusions. However, the hepatic response to insulin was not entirely normal in the diabetic subjects. Both glucose release and the proportion of systemic glucose being derived from 14CO2 (an index of gluconeogenesis) was inappropriately high for the prevailing insulin concentration in the diabetic subjects. Thus non-insulin-dependent diabetes mellitus slows the rate-limiting step in insulin action in muscle but not liver and alters the relative contribution of gluconeogenesis and glycogenolysis to hepatic glucose release.",The Journal of clinical investigation,,"Alanine; Blood Glucose; C-Peptide; Diabetes Mellitus, Type 1; Female; Gluconeogenesis; Glucose; Glucose Clamp Technique; Glycerol; Humans; Infusions, Intravenous; Insulin; Kinetics; Lactates; Liver; Male; Middle Aged; Organ Specificity; Reference Values","Clinical Trial; Comparative Study; Controlled Clinical Trial; Journal Article; Research Support, Non-U.S. Gov't; Research Support, U.S. Gov't, P.H.S."
8772741,https://pubmed.ncbi.nlm.nih.gov/8772741/,1996,Impaired vascular reactivity in insulin-dependent diabetes mellitus is related to disease duration and low density lipoprotein cholesterol levels.,"OBJECTIVES: This study sought to examine whether endothelial function is impaired in the large vessels of asymptomatic young adults with insulin-dependent diabetes and whether endothelial dysfunction is related to duration or control of diabetes, small-vessel disease or other vascular risk factors. BACKGROUND: Endothelial dysfunction is an early event in atherosclerosis, and large-vessel atherosclerotic disease is the major cause of morbidity and mortality in diabetes. METHODS: We compared 80 young adults with insulin-dependent diabetes (15 to 40 years old; mean [+/- SD] diabetes duration 13 +/- 8 years) with 80 matched nondiabetic control subjects. Using high resolution vascular ultrasound, we measured brachial artery responses to reactive hyperemia (with increased flow causing endothelium-dependent dilation) and sublingual glyceryltrinitrate (causing endothelium-independent dilation). RESULTS: Flow-mediated dilation was significantly impaired in diabetic subjects (5.0 +/- 3.7% vs. 9.3 +/- 3.8% in control subjects, p < 0.001). The ratio of flow-mediated dilation to glyceryltrinitrate-induced dilation was significantly lower in the diabetic subjects (p < 0.02), indicating that impaired dilation to increased flow was out of proportion to the impairment of the glyceryltrinitrate response in these subjects (15.6 +/- 5.6% vs. 19.7 +/- 6.6% in control subjects, p < 0.001). On multivariate analysis, flow-mediated dilation was inversely related to both duration of diabetes (r = -0.26, p < 0.05) and low density lipoprotein (LDL) cholesterol levels (r = -0.38, p < 0.005). CONCLUSIONS: Vascular reactivity is impaired in the systemic arteries of asymptomatic young adults with insulin-dependent diabetes and may represent early large-vessel disease. The degree of impairment is related to the duration of diabetes, and these patients appear particularly vulnerable to damage from LDL cholesterol, even at levels considered acceptable in nondiabetic subjects.",Journal of the American College of Cardiology,,"Adolescent; Adult; Blood Flow Velocity; Brachial Artery; Cholesterol, LDL; Diabetes Mellitus, Type 1; Endothelium, Vascular; Female; Humans; Male; Muscle, Smooth, Vascular; Nitroglycerin; Regression Analysis; Time Factors; Ultrasonography, Interventional; Vasodilation; Vasodilator Agents","Journal Article; Research Support, Non-U.S. Gov't"
8814353,https://pubmed.ncbi.nlm.nih.gov/8814353/,1996,"Mannose, mannitol, fructose and 1,5-anhydroglucitol concentrations measured by gas chromatography/mass spectrometry in blood plasma of diabetic patients.","Gas chromatography/mass fragmentography was applied to measure sugars in the plasma of patients with diabetes mellitus (DM). The isotope-dilution technique was used in the calculation of 1,5-anhydro-D-glucitol (1,5-AG), whereas reductive deuterization of the samples and regression analysis of the reduction products were used to calculate the concentrations of mannose, fructose and mannitol. The concentrations of mannose and glucose were closely and positively correlated both in insulin-dependent (IDDM; r = 0.74, P = 0.001) and non-insulin-dependent (NIDDM; r = 0.89, P = 0.001) DM. The close correlation was also encountered in serial samples taken from patients with widely fluctuating plasma glucose concentrations. The mannose/glucose ratio was increased in NIDDM (P = 0.007). The concentration of 1,5-AG was decreased in both types of DM, but more markedly in IDDM. The concentration was negatively correlated with glucose concentration (r = 0.071, P = 0.02) and HbAtc (r = 0.84, P = 0.001) in NIDDM. It was postulated that both mannose and glucose, by competing with 1,5-AG of renal tubular sugar carrier sites, contribute to the high urinary excretion of 1,5-anhydroglucitol leading to depletion of the sugar in the diabetic organism. The high concentrations of circulating mannose suggested further that the contribution of mannose to the adverse effects of hyperglycaemia should be examined. The study demonstrated that parallel use of the isotope-dilution and reductive deuterization techniques is quite useful in the analysis of monosaccharides in biological fluids.",Clinica chimica acta; international journal of clinical chemistry,,"Blood Glucose; Creatinine; Deoxyglucose; Diabetes Mellitus; Diabetes Mellitus, Type 1; Diabetes Mellitus, Type 2; Fructose; Gas Chromatography-Mass Spectrometry; Humans; Isomerism; Mannitol; Mannose",Journal Article
9028688,https://pubmed.ncbi.nlm.nih.gov/9028688/,1997,Hypoglycemia: incidence and clinical predictors in a large population-based sample of children and adolescents with IDDM.,"OBJECTIVE: To determine the frequency of moderate and severe hypoglycemia and to identify clinical predictors associated with its occurrence in a large population-based sample of children and adolescents with IDDM. RESEARCH DESIGN AND METHODS: A total of 657 patients (age: 12.1 +/- 4.4 years, mean +/- SD) were included in the study, yielding 1,449 patient-years of data. A prospective assessment of severe hypoglycemia (an event resulting in a seizure or coma) and moderate hypoglycemia (an event requiring assistance of another, excluding severe episodes) was made over a 3-year period. Patients and caregivers detailed episodes of significant hypoglycemia (moderate and severe events) and these were recorded at each 3-month clinic visit along with HbA1c. Data were analyzed using generalized estimating equation models fitted with the exchange correlation structure. RESULTS: The overall incidence of severe events was 4.8/100 patient-years and of moderate events was 13.1/100 patient-years. Over 3 years, severe events occurred in 8.5% of children and moderate events occurred in 26.9%. Significant hypoglycemia was rare in the first 12 months after diagnosis. Rates of hypoglycemia were increased in children < 6 years of age versus > 6 years of age (40.9 vs. 16.6/100 patient-years, age < or = 6 years vs. age > 6 years, P < 0.001). Rates of hypoglycemia doubled when HbA1c fell below 8%, and children with HbA1c < 7% had a threefold increase in both moderate and severe hypoglycemia (e.g., severe episodes 14.9 vs. 4.1/100 patient-years, HbA1c < or = 7% vs. HbA1c > 7%, P < 0.001). Most severe events were seizures, and 75% of them occurred at night. The majority of events were related to missed meals or increased activity. However, in 38% no predisposing factor was evident. CONCLUSIONS: Newly diagnosed children appear to be protected from severe hypoglycemia. Rates increase with lower glycated hemoglobin, especially when mean HbA1c is < 8.0%. Younger children, who may be more susceptible to the adverse effects of neuroglycopenia, are at a particular risk of significant hypoglycemia.",Diabetes care,,"Adolescent; Age Factors; Child; Child, Preschool; Diabetes Mellitus, Type 1; Female; Glycated Hemoglobin; Humans; Hypoglycemia; Incidence; Male; Prospective Studies; Time Factors; Western Australia","Journal Article; Research Support, Non-U.S. Gov't"
9272727,https://pubmed.ncbi.nlm.nih.gov/9272727/,1997,"Binding and effects of P1075, an opener of ATP-sensitive K+ channels, in the aorta from streptozotocin-treated diabetic rats.","Diabetes mellitus is associated with major vascular complications. It was the aim of this study to examine the function of the ATP-sensitive K+ channel (K(ATP) channel) in aortic rings prepared from diabetic rats and from age-matched controls. Diabetes was induced by injection of streptozotocin (60 mg/kg i.p.) and the animals were sacrificed 10 weeks after treatment. The binding of the K(ATP) channel opener, P1075 (N-cyano-N'-(1,1dimethylpropyl)-N""-3-pyridylguanidine), as well as the vasorelaxant and 86Rb+ efflux stimulating effects of the drug were measured. In endothelium-denuded rings from diabetic rats, the maximum contraction and sensitivity to noradrenaline were increased; in rings with intact endothelium, the acetylcholine-induced (endothelium-dependent) relaxation was similar in the two groups. In rings from diabetic rats the relaxation-concentration curve of the K(ATP) channel opener P1075 against noradrenaline was shifted rightwards by a factor of 1.3 and the maximum relaxation was reduced from 81 to 71% of initial tension (P <0.01). However, specific binding of 3H-P1075 was increased by 20% without a change in affinity, indicating that the number of binding sites for the opener was increased as a consequence of diabetes. In addition, P1075-induced 86Rb+ efflux, a qualitative measure of K(ATP) channel opening, was augmented by 50%. The data show that in the aorta from diabetic rats the K+ channel opening response to P1075 is markedly increased; however, the vasorelaxant effect to the K(ATP) channel opener is slightly impaired. A possible explanation of these findings is that the vasorelaxant mechanisms (which are in part independent of plasmalemmal K(ATP) channel opening) may be altered; alternatively, the link between membrane potential and smooth muscle tone may be changed in this model of insulin-dependent diabetes mellitus.",Naunyn-Schmiedeberg's archives of pharmacology,,"Animals; Aorta; Diabetes Mellitus, Experimental; Endothelium, Vascular; Guanidines; In Vitro Techniques; Male; Norepinephrine; Potassium Channels; Pyridines; Rats; Rats, Sprague-Dawley; Rubidium Radioisotopes; Tritium; Vasodilator Agents",Journal Article
9313757,https://pubmed.ncbi.nlm.nih.gov/9313757/,1997,High-dose intravenous insulin infusion versus intensive insulin treatment in newly diagnosed IDDM.,"High-dose intravenous insulin infusion at the onset of IDDM has been suggested to improve beta-cell function during the 1st year of insulin treatment. To test this hypothesis, we randomly assigned newly diagnosed IDDM patients to receive either an experimental 2-week high-dose intravenous insulin infusion (n = 9; age, 25 +/- 7 years; HbA1e, 10.5 +/- 2.0%) or an intensive insulin therapy of four injections per day (n = 10; age, 28 +/- 7 years; HbA1c, 12.3 +/- 3.0%). The experimental-therapy group received three times more insulin (1.2 +/- 0.4 U.kg-1.day-1) than the intensive-therapy group (0.4 +/- 0.1 U.kg-1. day-1, P < 0.0005). By week 3, both groups were treated similarly with intensive insulin therapy and were followed for 1 year. beta-cell function was evaluated with fasting plasma C-peptide and glucagon-stimulated and mixed meal-stimulated C-peptide concentrations. In both groups, insulin doses were comparable, and HbA1c levels were near normal during follow-up. At diagnosis of IDDM, fasting C-peptide was 0.40 +/- 0.13 nmol/l in the experimental-therapy group and 0.39 +/- 0.23 nmol/l in the intensive-therapy group. Irrespective of treatment, a slight decline of fasting C-peptide was observed in sequential measurements up to 12 months in both groups (delta, -0.13 and -0.08 nmol/l, respectively; NS). Glucagon-stimulated C-peptide concentrations decreased from 0.54 +/- 0.18 and 0.70 +/- 0.39 nmol/l at month 0 to 0.41 +/- 0.20 and 0.61 +/- 0.52 nmol/l, respectively, at month 12. In the experimental-therapy group, mixed meal-stimulated C-peptide concentrations (area under the curve over 2 h) increased from 82.10 +/- 43.72 to 101.20 +/- 32.53 nmol/l and in the intensive-therapy group, from 75.05 +/- 46.01 to 107.20 +/- 102.51 nmol/l. Changes in stimulated C-peptide concentrations between month 0 and 12 were not significant in both groups. During follow-up, fasting and stimulated C-peptide concentrations were not significantly different between the experimental-therapy group and the intensive-therapy group. We conclude that as initial treatments of newly diagnosed IDDM, high-dose intravenous insulin infusion and intensive insulin therapy equally preserve beta-cell function during the 1st year of insulin therapy.",Diabetes,,"Adolescent; Adult; C-Peptide; Diabetes Mellitus, Type 1; Fasting; Female; Food; Glucagon; Glycated Hemoglobin; Humans; Infusions, Intravenous; Insulin; Islets of Langerhans; Male","Clinical Trial; Journal Article; Randomized Controlled Trial; Research Support, Non-U.S. Gov't"
9453293,https://pubmed.ncbi.nlm.nih.gov/9453293/,1997,Disease-associated autoimmunity and prevention of insulin-dependent diabetes mellitus.,"Insulin-dependent diabetes mellitus (IDDM) is a chronic autoimmune disease with a subclinical prodromal period characterized by selective destruction of insulin-producing beta cells in the pancreatic islets. This process is assumed to be T-cell mediated, but the emergence of disease-associated autoantibodies into the peripheral circulation is usually the first noticeable sign of beta-cell autoimmunity in human IDDM. Recent observations have suggested that beta-cell autoimmunity may be induced in any individual at any time. There are also data indicating that such autoimmunity may have been initiated prenatally in some individuals. Only a proportion of those with signs of islet cell autoimmunity progress to clinical disease, and harmless beta-cell autoimmunity reflected by positivity for a single autoantibody specificity seems to appear without any relation to genetic IDDM susceptibility. One can hypothesize that in most subjects HLA-conferred protection against IDDM prevents the beta-cell process from progressing to a stage of destructive insulitis that may lead to clinical disease. Environmental factors may trigger initial beta-cell damage and subsequently accelerate the destructive process. Non-HLA genes may also be involved in the regulation of the progression rate. Prospective observations of prediabetic individuals have revealed that IDDM-associated autoantibodies tend to appear sequentially, and that those who progress to clinical disease mount a strong humoral immune response to most known disease-associated antigens. This indicates that the immune response associated with beta-cell destruction is not purely T-helper 1 biased. Antigen-specific immunotherapy may in the future offer effective measures to intervene in preclinical IDDM to prevent end-stage insulitis. Substantially more data have to be generated, however, on the mechanisms, efficacy and safety of such therapy before it is possible to judge its clinical applicability.",Annals of medicine,,"Autoimmunity; Diabetes Mellitus, Type 1; Finland; Humans; Islets of Langerhans","Journal Article; Research Support, Non-U.S. Gov't; Review"
9559486,https://pubmed.ncbi.nlm.nih.gov/9559486/,1998,Low prevalence of long-term complications in non-insulin-dependent diabetes mellitus in France: a multicenter study. CODIAB-INSERM-ZENECA Pharma Study Group.,"The aim of this study was to assess the prevalence of long-term complications in a large sample of French NIDDM patients. Therefore, 427 NIDDM patients 35-74 years old were recruited in ten centers. Standardized clinical criteria and central reading for retinal and electrocardiographic changes were used to assess the presence of complications. The prevalence rates of complications were 29.7% and 3.3% for background and proliferative retinopathy; 21.8%, 6.1%, and 2.8% for microalbuminuria, proteinuria, and renal insufficiency; 19.9 and 11.7% for asymptomatic and symptomatic pheripheral neuropathy; 8.2% for orthostatic hypotension; 10.1% and 8.4% for angina pectoris and myocardial infarction; and 13.1% and 6.3% for mild and moderate to severe peripheral vascular disease, respectively. In conclusion, prevalence rates in this study were lower than in most studies from other countries.",Journal of diabetes and its complications,,"Adult; Aged; Albuminuria; Angina Pectoris; Diabetes Mellitus, Type 2; Diabetic Angiopathies; Diabetic Nephropathies; Diabetic Neuropathies; Diabetic Retinopathy; Electrocardiography; Female; France; Humans; Hypotension, Orthostatic; Male; Middle Aged; Myocardial Infarction; Prevalence; Proteinuria; Sex Factors","Journal Article; Multicenter Study; Research Support, Non-U.S. Gov't"
9612008,https://pubmed.ncbi.nlm.nih.gov/9612008/,1998,[Obesity and hypertension: the role of magnesium].,"We focus on the recent ""ionic hypothesis"", in which an alteration of ionic metabolism represents a peculiar event in the pathogenesis of obesity and hypertension. We report the results from our original studies in which we evaluated intraplatelet magnesium levels. In a study on normotensive and hypertensive patients with non insulin-dependent diabetes mellitus and healthy control subjects, we showed a common reduction of plasma, erythrocyte and platelet magnesium levels in both normotensive and hypertensive diabetics with respect to control. Anyway, hypertensive diabetics showed a greater reduction of intraplatelet magnesium concentrations when compared to normotensive diabetics. Using the same technique, we found reduced erythrocyte and platelet magnesium concentrations in patients with essential hypertension with respect to the control group. In a successive study, we found, in the group of normotensive obese, that erythrocyte and platelet magnesium levels were significantly lower than those of the control group, while in hypertensive obese patients a reduction of plasma magnesium levels has been also detected. In conclusion, in these studies has been confirmed the existence of a reduction of the intracellular magnesium concentrations, which is common in hypertensive and obese patients.",Recenti progressi in medicina,,"Blood Platelets; Blood Pressure; Body Mass Index; Diabetes Mellitus, Type 2; Erythrocytes; Humans; Hypertension; Magnesium; Obesity",Comparative Study; English Abstract; Journal Article
9623726,https://pubmed.ncbi.nlm.nih.gov/9623726/,1998,Interleukin-6 levels are not increased in women with postpartum thyroid dysfunction.,"Postpartum thyroid dysfunction (PPTD) is an autoimmune-mediated thyroid destructive process. Human interleukin-6 (IL-6) is a cytokine found to be increased in subacute thyroiditis, amiodarone-induced thyrotoxicosis, Graves' disease, and other thyroid destructive processes. We report serum IL-6 levels in PPTD in two independent studies. New York Study: In a previous prospective study we demonstrated that PPTD occurred in 25% (7/28) of women with type 1 diabetes mellitus. IL-6 determinations were made on the frozen serum samples of these 28 women during each trimester of their pregnancy and at 1.5, 3, 6, 9, and 12 months postpartum. IL-6 levels were found to be similar in women with PPTD compared with women without PPTD (mean 3.06+/-2.25 vs. 2.51+/-2.21 pg/mL; p = 0.15). No difference in IL-6 levels was found between the pre- and the postpartum periods (mean 2.67+/-1.82 vs. 3.04+/-2.44 pg/mL; p = 0.30) in all 28 women. Cardiff Study: Serum IL-6 levels were measured on frozen serum samples of 30 women with PPTD. IL-6 levels were below the detection limit (25 fmol/L or 0.65 pg/mL) in 94 (67%) of these samples. No significant difference in the mean serum IL-6 levels were found between any time points in the study. There was no correlation between serum IL-6 levels, thyroid peroxidase (TPO)- antibodies and serum thyrotropin (TSH) levels at any time point. IL-6 levels during pregnancy or postpartum were not found to be significantly different in women with PPTD compared with women without PPTD.",Thyroid : official journal of the American Thyroid Association,,"Adult; Antibodies; Diabetes Mellitus, Type 1; Female; Humans; Hyperthyroidism; Hypothyroidism; Interleukin-6; Iodide Peroxidase; Postpartum Period; Pregnancy; Prospective Studies; Puerperal Disorders; Retrospective Studies; Thyrotropin",Journal Article
10342808,https://pubmed.ncbi.nlm.nih.gov/10342808/,1999,Transfection of human pancreatic islets with an anti-apoptotic gene (bcl-2) protects beta-cells from cytokine-induced destruction.,"Apoptosis has been identified as a mechanism of pancreatic islet beta-cell death in autoimmune diabetes. Proinflammatory cytokines are candidate mediators of beta-cell death in autoimmune diabetes, and these cytokines can induce beta-cell death by apoptosis. In the present study, we examined whether transfection of human islet beta-cells with an anti-apoptotic gene, bcl-2, can prevent cytokine-induced beta-cell destruction. Human islet beta-cells were transfected by a replication-defective herpes simplex virus (HSV) amplicon vector that expressed the bcl-2 gene (HSVbcl-2) and, as a control, the same HSV vector that expressed a beta-galactosidase reporter gene (HSVlac). Two-color immunohistochemical staining revealed that 95+/-3% of beta-cells transfected with HSVbcl-2 expressed Bcl-2 protein compared with 14+/-3% of beta-cells transfected with HSVlac and 19+/-4% of nontransfected beta-cells. The bcl-2-transfected beta-cells were fully protected from impaired insulin secretion and destruction resulting from incubation for 5 days with the cytokine combination of interleukin (IL)-1beta, tumor necrosis factor (TNF)-alpha, and interferon (IFN)-gamma. In addition, the bcl-2-transfected islet cells were significantly protected from cytokine-induced lipid peroxidation and DNA fragmentation. These results demonstrate that cytokine-induced beta-cell dysfunction and death involve mechanisms subject to regulation by an anti-apoptotic protein, Bcl-2. Therefore, bcl-2 gene therapy has the potential to protect human beta-cells in pancreatic islets, or islet grafts, from immune-mediated damage in type 1 diabetes.",Diabetes,,"Apoptosis; Cells, Cultured; Cytokines; DNA Fragmentation; Genetic Vectors; Humans; Immunohistochemistry; Interferon-gamma; Interleukin-1; Islets of Langerhans; Lipid Peroxidation; Proto-Oncogene Proteins c-bcl-2; Recombinant Proteins; Simplexvirus; Transfection; Tumor Necrosis Factor-alpha","Journal Article; Research Support, Non-U.S. Gov't"
11059105,https://pubmed.ncbi.nlm.nih.gov/11059105/,2000,Alterations in lymphocyte subpopulations in peripheral blood at manifestation of type 1 diabetes mellitus in childhood.,"BACKGROUND: Alterations in cellular immunity at manifestation of type 1 diabetes mellitus, as described in publications so far, are equivocal. Moreover, the age of children was usually not taken into account. OBJECTIVES: Exact inferentially statistical measures were used to arrive at reliable information. METHODS: Thirty four diabetic children and 48 normals were taken randomly according to the established criteria, and scrutinized. Lymphocyte subpopulations counts were measured by flow cytometry using three-color-labelled monoclonal antibodies against cell surface markers. The resulting absolute cell counts as well as percentages from the total lymphocyte count were expressed in terms of univariate and bivariate 95% confidence intervals. They render an illustrative way for defining statistically significant (alpha = 5%) differences between health and disease. RESULTS: The CD8, CD16 absolute counts in younger diabetics were significantly decreased in average to 96-58% of the normal subgroup. For older children, CD4, CD8, CD16 and CD19 absolute counts were significantly lowered to 75-61% of the norm. Relative changes in Ly subpopulations were less pronounced. The immunoregulatory index increased significantly to 125-128% of the norm in either age group. The proportion of CD4 memory cells from the total of naive and memory cells was significantly increased to 122-133% of the norm in diabetic children of either age group. CONCLUSION: More significant changes of lymphocyte subpopulations than those given in literature were revealed at manifestation of childhood type 1 diabetes. They testify to the autoimmune pathogenesis of the type 1 diabetes mellitus. (Tab. 3, Fig. 4, Ref. 18.)",Bratislavske lekarske listy,,"Adolescent; Child; Child, Preschool; Diabetes Mellitus, Type 1; Female; Flow Cytometry; Humans; Infant; Lymphocyte Subsets; Male","Journal Article; Research Support, Non-U.S. Gov't"
12021147,https://pubmed.ncbi.nlm.nih.gov/12021147/,2002,Clinical association of autoimmune diseases with diabetes mellitus: analysis from southern India.,"The adult form of polyglandular autoimmune syndrome (type 2) is associated with disorders of the thyroid, adrenal, and pancreas (type 1 diabetes mellitus). We profile the clinical association of autoimmune diseases among patients from our center in southern India: autoimmune diseases were diagnosed in 1.68% of persons with diabetes mellitus (147/15,523). Diabetes mellitus was diagnosed in 2.3% of persons with hypothyroidism (33/1435) and in 4.35% with thyrotoxicosis (15/345).",Annals of the New York Academy of Sciences,,"Alopecia; Arthritis, Rheumatoid; Autoimmune Diseases; Diabetes Complications; Diabetes Mellitus; Humans; Hypothyroidism; India; Myasthenia Gravis; Retrospective Studies; Thyrotoxicosis; Vitiligo",Journal Article
12030374,https://pubmed.ncbi.nlm.nih.gov/12030374/,2002,Allele frequency of two intragenic microsatellite loci of SEL1L gene in Northern Italian population.,"Two cytosine-adenine (CA) repeats CAR/CAL and RepIN20 occur in the human SEL1L gene, which is regarded as a candidate gene for insulin-dependent diabetes mellitus (IDDM) and Grave's disease. We have characterized these repeats to determine if they might serve as effective microsatellite markers for linkage analysis to clarify whether SEL1L gene plays a role in the pathogenesis of these autoimmune diseases. The allele frequencies and average heterozygosity of the microsatellite repeats were analysed in 94 DNA samples from peripheral blood mononuclear (PBMC) cells from adults of Northern Italy. The average heterozygosity was 0.68 for CAR/CAL polymorphism and 0.85 for RepIN20. The size of PCR fragments of CAR/CAL ranged from 207-225 bp and the most frequent allele was 207 bp (40.4%). The size of the fragments of RepIN20 ranged from 237-255 bp and the most frequent allele was 249 bp (30.8%). In the light of the highly polymorphic nature of both microsatellites and their intragenic location in SEL1L gene, we suggest that they could provide a means for linkage analysis to clarify the potential role of SEL1L in conferring susceptibility to IDDM or Grave's disease.",Molecular and cellular biochemistry,,"Gene Frequency; Heterozygote; Humans; Italy; Microsatellite Repeats; Polymerase Chain Reaction; Polymorphism, Genetic; Proteins","Journal Article; Research Support, Non-U.S. Gov't"
12400220,https://pubmed.ncbi.nlm.nih.gov/12400220/,2002,[Diet guidelines for non-insulin dependent diabetes].,"Diet therapy is an essential instrument in the prevention and treatment of non-insulin-dependent diabetes mellitus and its complications. Nutritional advice allow to modify the mechanisms underlying deranged carbohydrate metabolism, control disease evolution and/or retard pharmacological treatment. We describe the main dietetic factors that can influence this widespread metabolic disorder.",La Clinica terapeutica,,"Diabetes Mellitus, Type 2; Humans; Practice Guidelines as Topic",English Abstract; Journal Article
14706056,https://pubmed.ncbi.nlm.nih.gov/14706056/,2004,The concentrations of short-chain fatty acids and other microflora-associated characteristics in faeces from children with newly diagnosed Type 1 diabetes and control children and their family members.,"AIMS: The gut flora is quantitatively the most important source of microbial stimulation and may provide a primary signal in the maturation of the immune system. We compared the microflora-associated characteristics (MACs) in 22 children with newly diagnosed diabetes, 27 healthy controls, and their family members to see if there were differences between the children and if there was a familial pattern. METHODS: The MACs were assessed by determining the concentrations of eight short-chain fatty acids (SCFA), mucin, urobilin, b-aspartylglycine, coprastanol and faecal tryptic activity (FTA). RESULTS: There were no statistically significant differences between the concentrations of SCFA in the diabetes and control children. Members of families with a diabetic child had a higher concentration of acetic acid (P < 0.02) and lower concentrations of several other SCFAs than control families (P < 0.05-0.02). The other MACs showed no differences between the children or between the two family groups. CONCLUSION: In this pilot study we saw no differences in the MACs between children with diabetes and their controls. There were, however, some differences between the family members of diabetic children and controls that may indicate a familial pattern regarding the production of SCFAs by the gut flora. The role of the gut flora in relation to the risk of developing Type 1 diabetes needs to be analysed in larger and/or prospective studies.",Diabetic medicine : a journal of the British Diabetic Association,,"Acetic Acid; Adolescent; Adult; Anti-Bacterial Agents; Child; Child, Preschool; Diabetes Mellitus, Type 1; Dipeptides; Family Health; Fatty Acids, Volatile; Feces; Female; Humans; Infant; Intestines; Male; Middle Aged; Mucins; Pilot Projects; Urobilin","Clinical Trial; Controlled Clinical Trial; Journal Article; Research Support, Non-U.S. Gov't"
15219384,https://pubmed.ncbi.nlm.nih.gov/15219384/,2004,Analysis of HLA genes in families with autoimmune diabetes and thyroiditis.,"Type 1 diabetes (T1D) and autoimmune thyroid disease (AITD) are the most common autoimmune endocrine disorders. The similar pathogenesis of T1D and AITD and their tendency to occur together suggest that their etiology may involve common genetic factors. We hypothesized that the human leukocyte antigen (HLA) locus may contribute in part to the joint susceptibility to T1D and AITD. We therefore analyzed a data set of 40 multiplex families in which T1D and AITD clustered (""T1D-AITD families"") for linkage and association with the HLA class II locus. We found evidence for linkage of the HLA region to T1D (maximum logarithm of odds score [MLS] = 7.3), to Hashimoto thyroiditis (HT) (MLS = 1.5), and to both (MLS = 3.8). Transmission disequilibrium test analysis revealed significant association of both T1D and AITD with HLA-DR3; however, only T1D was associated with HLA-DR4. We concluded that the finding of evidence for linkage of HLA with HT is in contrast to the strong evidence against linkage found in previous studies of AITD-only families; therefore, it is possible that the AITD phenotype seen in T1D families has a different genetic etiology than the AITD phenotype in AITD-only families; that HLA-DR3 was the major HLA allele contributing to the joint genetic susceptibility to T1D and AITD, whereas other alleles (e.g., DR4) are phenotype specific; and that because the logarithm of odds score for T1D + HT was lower than for T1D alone, additional non-HLA loci must contribute to the shared genetic susceptibility to T1D and AITD.",Human immunology,,"Alleles; Diabetes Mellitus, Type 1; Genetic Predisposition to Disease; HLA-DR3 Antigen; HLA-DR4 Antigen; Humans; Linkage Disequilibrium; Quantitative Trait Loci; Thyroiditis, Autoimmune","Journal Article; Research Support, U.S. Gov't, P.H.S."
15478300,https://pubmed.ncbi.nlm.nih.gov/15478300/,2004,[Risk markers for insulin-dependent diabetes mellitus and duration of exposure to gluten in celiac patients].,"BACKGROUND: Celiac patients are at high risk of developing insulin-dependent diabetes mellitus, a condition that has a long pre-diabetic period. During this lapse, anti-islet cell antibodies serve as markers for future disease. This may be related with the duration of the exposure to gluten. AIM: To test the hypothesis that long term adherence to a gluten free diet decreases the frequency of risk markers for insulin dependent diabetes mellitus during adolescence and early adulthood. PATIENTS AND METHODS: 158 celiac patients were classified as: G1, (n=30 patients) studied at the time of diagnosis; G2 (n=97 patients) exposed to gluten as a result of non compliance with the gluten free diet and, G3 (n=31 patients) who had maintained a long term, strict gluten free diet. Isotype IgG anti-islet cell antibodies were detected by indirect immunofluorescence using monkey pancreas, results were reported in Juvenile Diabetes Foundation (JDF) units. RESULTS: Celiac patients exposed to a gluten containing diet had a significantly higher prevalence of anti-islet cell antibodies than those who had been exposed only briefly (p < 0.017). In addition, a significantly higher prevalence of anti-islet cell antibodies was observed in those patients whose exposure to gluten was longer than 5 years than in those whose exposure was shorter (p < 0.02). CONCLUSIONS: Celiac patients long exposed to gluten have a significantly higher prevalence of anti-islet cell antibodies than those exposed for a short period. This fact supports the hypothesis that the development of these antibodies is associated with the length of the exposure to gluten.",Revista medica de Chile,,"Adolescent; Adult; Autoantibodies; Biomarkers; Celiac Disease; Child; Child, Preschool; Diabetes Mellitus, Type 1; Diet; Female; Glutens; Humans; Infant; Infant, Newborn; Islets of Langerhans; Male; Middle Aged; Risk Factors; Time Factors","English Abstract; Journal Article; Research Support, Non-U.S. Gov't"
15531528,https://pubmed.ncbi.nlm.nih.gov/15531528/,2004,Epitope-restricted 65-kilodalton glutamic acid decarboxylase autoantibodies among new-onset Sardinian type 2 diabetes patients define phenotypes of autoimmune diabetes.,"The 65-kDa glutamic acid decarboxylase (GAD65) autoantibodies (GAD65Abs), commonly found in type 1 diabetes mellitus (T1DM) patients, are also found at lower frequencies in type 2 diabetes mellitus (T2DM) patients. GAD65Abs in T1DM patients are epitope specific, in contrast to those found in other GAD65Ab-positive individuals, including T2DM patients. Our aim was to assess whether epitope-specific GAD65Abs, or the additional presence of islet antigen 2 (IA-2) autoantibodies, better define T1DM phenotypes among T2DM patients. GAD65 and IA-2 autoantibodies were analyzed in 1436 Sardinian subjects classified with T2DM and in 384 nondiabetic patient controls. Autoantibody binding specificity to the N-terminal, middle (M), and C-terminal (C) portions of the GAD65 molecule was evaluated. Among the T2DM patients, 5.1% had GAD65 (P < 0.001) and 2.4% had IA-2 autoantibodies, compared with 1.3 and 1.6%, respectively, among the controls. GAD65Ab-positive T2DM patients with M+C (epitope-specific) reactivity were found to have the lowest body mass index (P < 0.001), followed by GAD65Ab/IA-2Ab-positive patients (P < 0.01), and non-M+C-reactive (non-epitope-specific) patients (P < 0.02). In GAD65Ab-positive T2DM patients, c-peptide levels were lower in M+C-reactive compared with non-M+C-reactive patients. Sardinian T2DM patients with M+C-predominant GAD65Ab reactivity have clinical features more similar to those of T1DM patients. Thus, GAD65Ab epitope analysis may help to define T1DM phenotypes among newly diagnosed GAD65Ab-positive patients classified with T2DM.",The Journal of clinical endocrinology and metabolism,,"Adult; Aged; Autoantibodies; Body Mass Index; C-Peptide; Diabetes Mellitus, Type 1; Diabetes Mellitus, Type 2; Epitopes; Female; Glutamate Decarboxylase; Humans; Isoenzymes; Male; Middle Aged; Phenotype","Journal Article; Research Support, Non-U.S. Gov't; Research Support, U.S. Gov't, P.H.S."
15987004,https://pubmed.ncbi.nlm.nih.gov/15987004/,2005,School nurse perceptions of barriers and supports for children with diabetes.,"Adolescents with type 1 diabetes are likely attending most middle and high schools. These youth often do not receive the support needed to manage their diabetes during or after school. Nurses (n=110) from 3 states responded to a survey examining perceptions of barriers to and supports for diabetes management during school and after school activities. Results indicated that adolescents need more support at school. Support could be facilitated by education of school staff; improved communication among youth, parents, school nurses, teachers, and physicians; and more communication from adolescents to others about what they need to manage well in school. Open-ended questions allowed nurses to provide recommendations for supporting youth and ideas for addressing barriers to management at school. Future studies should address ways to enable adolescents to communicate about their diabetes and ways to educate the school team.",The Journal of school health,,"Adolescent; Adolescent Health Services; Adult; Communication; Diabetes Mellitus, Type 1; Female; Humans; Middle Aged; Patient Compliance; Patient Education as Topic; School Nursing; Social Support; Surveys and Questionnaires",Journal Article; Multicenter Study
17430509,https://pubmed.ncbi.nlm.nih.gov/17430509/,2007,Progression of retinopathy during pregnancy in type 1 diabetes mellitus.,"PURPOSE: The incidence and risk factors for progression of retinopathy during pregnancy in women with type 1 diabetes mellitus were retrospectively evaluated. METHODS: Fifty-four insulin-dependent diabetic patients at a teaching hospital in Saudi Arabia were followed throughout the pregnancy/puerperium with serial ophthalmic examination. Dilated fundus examination was performed in each trimester and puerperium. RESULTS: Progression of diabetic retinopathy in the study occurred in 13/54 (24%) patients--2/22 (9.1%) patients had no diabetic retinopathy initially, 4/20 (20%) had non-proliferative diabetic retinopathy (NPDR) and 7/12 (58.3%) had proliferative diabetic retinopathy (PDR). Of the eight patients with PDR who had no laser treatment before pregnancy, six (75%) showed progression but only one of the four patients who had PDR and laser treatment prior to pregnancy experienced progression of retinopathy. Eight patients in total received panretinal photocoagulation to arrest the progression of retinal disease during pregnancy and only one of them had laser treatment prior to pregnancy. CONCLUSION: Laser photocoagulation for severe NPDR or early PDR prior to pregnancy may protect against rapid progression of PDR. Visual impairment resulting from progression of PDR can be prevented by aggressive laser treatment during pregnancy. Duration of diabetes>15 years, poor glycaemic control and hypertension are high-risk factors in the progression of diabetic retinopathy in pregnancy.",Clinical & experimental ophthalmology,,"Adolescent; Adult; Diabetes Mellitus, Type 1; Diabetic Retinopathy; Disease Progression; Female; Follow-Up Studies; Gestational Age; Humans; Incidence; Laser Coagulation; Pregnancy; Pregnancy in Diabetics; Retrospective Studies; Risk Factors; Visual Acuity",Journal Article
18191066,https://pubmed.ncbi.nlm.nih.gov/18191066/,2007,Flexibility of rapid-acting insulin analogues in children and adolescents with diabetes mellitus.,"BACKGROUND: Every year, approximately 70,000 children aged<15 years develop type 1 diabetes mellitus (DM) worldwide. Achieving glycosylated hemoglobin control is a very important aim, but quality-of-life concerns for the child and the family should also have high priority in the management of pediatric DM. OBJECTIVE: This review outlines some of the issues involved in treating type 1 DM in children and adolescents, as well as the use of rapid-acting insulin analogues in basal-bolus therapy and continuous subcutaneous insulin infusion pumps. METHODS: This review article was based on a presentation at a satellite symposium entitled ""Realising the Value of Modern Insulins: Reaching Further with Rapid-Acting Insulin Analogues ""that was convened during the XIXth World Diabetes Congress, December 3, 2006, in Cape Town, South Africa. RESULTS: Treating children and adolescents with DM is a challenge that should not be ignored. Furthermore, DM in children is quite different from that in adults. Numerous factors have to be taken into account when evaluating treatment for children with DM in comparison with treatment for adult DM: sleep patterns; unpredictable activities, especially eating behaviors; limited size of injection sites, making it difficult to rotate injections; higher insulin sensitivity; and frequent infectious diseases. In addition, achieving normal psychosocial development may be just as important as achieving strict metabolic control in this population. Rapid-acting insulin analogues can be used effectively in these individuals with type 1 DM. The pharmacokinetic profile of insulin aspart suggests that it is suitable for flexible mealtime administration in children and adolescents. Indeed, clinical studies in children and adolescents have shown the efficacy and tolerability of postprandial administration of insulin aspart, particularly in comparison with soluble human insulin. Postprandial administration of insulin aspart, compared with preprandial soluble human insulin, has also been studied in very young children (aged 2-6 years); similar metabolic control and increased parent preference for insulin aspart were reported. CONCLUSIONS: Rapid-acting insulin analogues in children and adolescents with type 1 DM are effective and well tolerated; they can be injected postprandially, and this is a reliable option that can be recommended to patients and their families.",Clinical therapeutics,,"Adolescent; Child; Diabetes Mellitus, Type 1; Humans; Hypoglycemic Agents; Insulin; Insulin Infusion Systems; Postprandial Period; Randomized Controlled Trials as Topic; Time Factors",Journal Article; Review
18358752,https://pubmed.ncbi.nlm.nih.gov/18358752/,2009,Prevalence of cardiovascular risk factors in patients with type 1 diabetes in end-stage renal disease: changes in the trend from 1999 to 2006.,"OBJECTIVE: The aim of this study was to describe the prevalence of cardiovascular disease risk factors (CVDRFs) and the degree of control in a Spanish population of patients with type 1 diabetes (DM1) and end-stage renal disease (ESRD) as well as the changes observed in this setting over 8 years. DESIGN AND METHODS: Patients with DM1 and ESRD were evaluated from 1999 to 2006. Clinical variables, smoking habit, glycosylated hemoglobin (HbA(1c)) and lipids values, and drug treatment were evaluated. The cohort was divided into four biannual groups for analysis. HbA(1c) >7, LDL >100 mg/dl, blood pressure (BP) >140/90 mmHg, and tobacco use were considered as CVDRFs. RESULTS: A total of 177 patients (65% male) with a mean age of 37.2+/-6.2 years were studied. They had 24.3+/-5.9 years of diabetes evolution. Mean HbA(1c) was 7.9+/-1.5% with 29.6% of patients having values less than 7%. Mean LDL was 109.3+/-40.4 mg/dl and 41.1% were below 100 mg/dl. Over the years these proportions increased significantly (P=.028 and .0015, respectively). Mean systolic and diastolic BP were 142.5+/-22.9 and 82.2+/-14.9 mmHg, respectively, with 53.8% of patients having BP <140/90 mmHg with no changes over the years (P=.11). The proportion of never smokers was 51.5%, reaching 65.5% in the last biannual period (P=.01). In the whole cohort, 89.3% had one or more CVDRFs. There was a statistically significant trend to a reduction in the number of CVDRFs over time (r=-.208, P=.005). CONCLUSIONS: CVDRFs are highly prevalent in patients with DM1 and ESRD. The control of these CVDRFs is still insufficient; however, there has been a clear improvement in the control over the years.",Journal of diabetes and its complications,,"Adult; Cardiovascular Diseases; Chi-Square Distribution; Cohort Studies; Diabetes Mellitus, Type 1; Diabetic Nephropathies; Female; Glycated Hemoglobin; Humans; Hyperglycemia; Hyperlipoproteinemias; Hypertension; Kidney Failure, Chronic; Linear Models; Lipoproteins, LDL; Male; Prevalence; Retrospective Studies; Risk Factors; Smoking; Spain",Journal Article
18828242,https://pubmed.ncbi.nlm.nih.gov/18828242/,2008,The accuracy of the Guardian RT continuous glucose monitor in children with type 1 diabetes.,"OBJECTIVE: The aim of this study was to determine the accuracy of the Guardian RT system (Medtronic Minimed, Northridge, CA) in young children and adolescents with type 1 diabetes (T1D) during different scenarios of glucose levels and sensor age. METHODS: At five clinical centers, 30 subjects between 4 and 17 years old with T1D were recruited. All subjects had a glycosylated hemoglobin level of <or=10.0% and were using an insulin pump. Subjects initially used a Guardian RT for approximately 1 week at home. Each subject was then hospitalized overnight for about 18 h in a clinical research center, during which time insulin-induced hypoglycemia occurred, along with frequently sampled glucose. RESULTS: There were 1,511 laboratory glucose measurements paired with glucose measurements from 48 Guardian RT sensors. Overall, the median absolute difference (AD) was 21 mg/dL, and the median relative AD (RAD) was 14%, with 64% of sensor values meeting International Organization for Standardization home glucose meter criteria. The median AD was 27 mg/dL for reference glucose values<or=60 mg/dL and 25 mg/dL for reference glucose values<or=70 mg/dL. The median RAD was 19% for reference glucose values 71-120 mg/dL, 14% for reference glucose values 121-180 mg/dL, and 10% for reference glucose values>180 mg/dL. CONCLUSIONS: The Guardian RT appears to perform as well in children with T1D as it has been reported to perform in adults with diabetes. The Guardian RT has an accuracy similar to that of other available continuous glucose monitors and can give important and useful clinical information.",Diabetes technology & therapeutics,,"Adolescent; Blood Glucose; Blood Glucose Self-Monitoring; Child; Child, Preschool; Diabetes Mellitus, Type 1; Female; Humans; Male; Outpatients; Reproducibility of Results","Evaluation Study; Journal Article; Research Support, N.I.H., Extramural"
19098379,https://pubmed.ncbi.nlm.nih.gov/19098379/,2008,Diurnal blood pressure abnormalities are related to endothelial dysfunction in patients with non-complicated type 1 diabetes.,"Patients with diabetes have an increased cardiovascular morbidity and mortality despite interventions to prevent these outcomes. Abnormalities in diurnal blood pressure patterns are also associated with excess cardiovascular mortality. The aim of this study was to determine the effects of diurnal blood pressure patterns on endothelial function and oxidative stress in patients with uncomplicated type 1 diabetes mellitus. Thirty-two normotensive and normoalbuminuric type 1 diabetic patients (21 dipper and 11 nondipper) and 37 healthy (27 dipper and 10 nondipper) volunteers underwent 24-h ambulatory blood pressure monitoring. Their endothelial functions were evaluated using flow mediated dilatation (FMD) and by measuring nitric oxide and thiobarbituric acid reactive substances (TBARS). Dippers were defined as subjects who exhibited an average reduction in both systolic and diastolic blood pressure of greater than 10% between day and night periods. Nondipper type 1 diabetic patients and controls had nighttime systolic and diastolic blood pressure values that were significantly higher than those of dipper diabetic patients (p<0.05) and dipper controls (p<0.01). Values of FMD for nondipper diabetic patients (5.12+/-2.2%) were significantly lower than those in dipper diabetic patients (10.19+/-2.5%, p<0.01), nondipper (10.08+/-2.9%, p<0.001) and dipper controls (11.76+/-3.8%, p<0.001). Additionally, levels of TBARS in the dipper diabetic group and dipper controls were significantly lower than those in the nondipper diabetic group (p<0.05). In conclusion, only type 1 diabetic patients with a nondipping pattern of blood pressure exhibited changes that may lead to endothelial dysfunction and atherosclerosis. (Hypertens Res 2008; 31: 2065-2073).",Hypertension research : official journal of the Japanese Society of Hypertension,,"Adult; Blood Pressure; Cholesterol, LDL; Circadian Rhythm; Diabetes Mellitus, Type 1; Endothelium, Vascular; Female; Glycated Hemoglobin; Humans; Male; Nitric Oxide; Thiobarbituric Acid Reactive Substances; Vasodilation",Journal Article
19188044,https://pubmed.ncbi.nlm.nih.gov/19188044/,2009,Induction of anti-whole GAD65 reactivity in vivo results in disease suppression in type 1 diabetes.,"Most type 1 diabetes mellitus is caused by autoimmune pancreatic beta-cell destruction. Several antigens such as insulin, glutamic acid decarboxylase (GAD) and islet-specific glucose-6-phosphatase catalytic subunit related protein (IGRP) are considered to take part in the autoimmune destructive process. Because the role of GAD in the disease process of type 1 diabetes is still controversial, we investigated the disease phenotype upon in vivo induction of whole GAD65 reactivity using a GAD65 homo knockout NOD splenocytes to NOD-scid transfer system. Splenocytes from 8 to 10-week-old female GAD65 homo knockout (=KOT splenocytes) or age-matched wild type (=WTT splenocytes) NOD mice were transferred into female NOD-scid recipients. As compared to recipients of WTT splenocytes, the onset of diabetes in recipients of KOT splenocytes was significantly delayed (p<0.001). Moreover, TGF-beta expression was enhanced in the pancreas from recipients of KOT splenocytes. Splenocytes from recipients of KOT splenocytes produced IL-10 (/IFN-gamma) upon GAD65 stimulation, whereas those from recipients of WTT splenocytes did not. Based upon these results, we propose that anti-whole GAD65-reactive T cells have the ability to regulate the development of type 1 diabetes.",Journal of autoimmunity,,"Animals; Antibodies; Cytokines; Diabetes Mellitus, Type 1; Female; Glutamate Decarboxylase; Lymphocytes; Male; Mice; Mice, Inbred NOD; Mice, Knockout; Pancreas; Spleen",Journal Article
19453387,https://pubmed.ncbi.nlm.nih.gov/19453387/,2009,A case-sibling assessment of the association between skin pigmentation and other vitamin D-related factors and type 1 diabetes mellitus.,"Fair skin pigmentation has been associated with a higher risk of type 1 diabetes mellitus (T1DM). The aim is to compare children with T1DM directly to a sibling in relation to their skin pigmentation in sun-exposed and unexposed sites, past sun exposure and methylation of the VDR gene promoter. The sample consisted of children with T1DM attending a diabetes outpatient clinic and siblings (total n=42). Cutaneous melanin density was estimated using a spectrophotometer. Parental report on past sun exposure was obtained. DNA methylation analysis of the VDR gene promoter was conducted. Matched data analysis was performed comparing each case directly to their sibling. Cases were significantly more likely to have lighter skin pigmentation at the upper arm (AOR 0.69 [95% CI: 0.52, 0.90]; P=0.01). Low infant sun exposure was imprecisely associated with a two-fold increase in T1DM risk (AOR 2.43 [95% CI: 0.91, 6.51]; P=0.08 for under 1 h of winter sun exposure per leisure day). The VDR gene promoter was completely unmethylated in both cases and siblings. The previously demonstrated association between light skin pigmentation and T1DM risk was evident even in this comparison across sibling pairs. Further work on past UVR exposure and related factors such as skin pigmentation is required.",Photochemistry and photobiology,,"Base Sequence; Case-Control Studies; DNA Primers; Diabetes Mellitus, Type 1; Humans; Skin Pigmentation; Vitamin D",Journal Article
19527709,https://pubmed.ncbi.nlm.nih.gov/19527709/,2009,Ras inhibition increases the frequency and function of regulatory T cells and attenuates type-1 diabetes in non-obese diabetic mice.,"Regulatory T cells (Treg) reportedly suppress diabetes in non-obese diabetic (NOD) mice, and the frequency and functional suppressive properties of Treg were found to be upregulated by inhibition of Ras. We thus postulated that treatment with the Ras inhibitor 5-fluoro-farnesylthiosalicylic acid (F-FTS), a derivative of S-farnesylthiosalicylic acid (FTS), would attenuate diabetes development in NOD mice. To test this hypothesis we assayed Foxp3, total Ras, and GTP-Ras in NOD splenocytes following their exposure to FTS and F-FTS in vitro. In splenocytes exposed to FTS, and even more so to F-FTS, Foxp3 expression was increased and GTP-Ras expression reduced. We also injected NOD mice intraperitoneally with F-FTS and assessed both their Treg pools and the occurrence of diabetes. The treated mice showed a significant increase in the frequency of spleen-cell-derived Foxp3+ Treg, and their Treg were more effective than Treg from untreated NOD controls in suppressing the proliferation of effector T cells. Moreover, the F-FTS treatment also attenuated the development of diabetes in the NOD mice. The mice were then killed and their insulin and cytokine levels assayed. The treated mice showed an increase in circulating insulin but no change in cytokine concentrations. One of the mechanisms underlying our novel finding that treatment with a Ras inhibitor ameliorates the development of experimental type-1 diabetes could thus conceivably be an augmentation in the frequency and functional suppressive properties of Treg. Ras inhibition might therefore be worth developing as a new treatment modality in patients with type 1 diabetes.",European journal of pharmacology,,"Animals; Diabetes Mellitus, Type 1; Enzyme Inhibitors; Farnesol; Forkhead Transcription Factors; Homeostasis; Interleukin-2 Receptor alpha Subunit; Male; Mice; Mice, Inbred NOD; Proto-Oncogene Proteins p21(ras); Salicylates; T-Lymphocytes, Regulatory; Up-Regulation",Journal Article
19584681,https://pubmed.ncbi.nlm.nih.gov/19584681/,2009,Type 2 diabetes mellitus phenotype and graft survival after islet transplantation.,"BACKGROUND: Body fat accumulation decreases insulin sensitivity. It has being associated with earlier onset of type 1 diabetes mellitus (DM) and islet graft failure. The aim of this study was to evaluate whether insulin resistance, characterized by risk factors for type 2 DM, can predict islet graft survival in type 1 DM islet transplant (ITx) recipients. METHODS: Demographic, anthropometrical, and laboratory data, as well as family history of type 2 DM (first degree relatives), were collected from 44 ITx recipients. Risk factors for type 2 DM, such as positive family history of type 2 DM (n=11) and overweight (body mass index >25 kg/m2; n=14), were analyzed separately and in combination, which was designated as ""type 2 DM phenotype"" (n=5). Differences in outcomes (time-to-graft dysfunction and failure) were compared using Kaplan-Meier curves. Cox regression analysis was performed to control for possible confounding factors. RESULTS: Neither positive family history of type 2 DM nor overweight at baseline could predict islet function outcomes after ITx. However, when both risk factors were grouped, the ""type 2 DM phenotype"" was associated with earlier islet graft failure (mean estimate graft survival 25.7+/-9.1 vs. 54.1+/-5.2 months, P=0.022). These results were sustained after adjustments for confounding variables (OR 5.20, 95% CI 1.12-24.0). CONCLUSIONS: Predisposition for type 2 DM can coexist with the type 1 DM phenotype and is associated with earlier decline in islet graft function. Prospective clinical trials should address whether it is associated with decreased insulin sensitivity and if insulin sensitizers play a role in prolonging islet graft survival.",Transplantation,,"Adult; Body Mass Index; Cohort Studies; Diabetes Mellitus, Type 1; Diabetes Mellitus, Type 2; Genetic Predisposition to Disease; Graft Survival; Humans; Insulin Resistance; Islets of Langerhans Transplantation; Kaplan-Meier Estimate; Male; Middle Aged; Pedigree; Phenotype; Proportional Hazards Models; Retrospective Studies; Risk Assessment; Risk Factors; Time Factors; Treatment Outcome","Journal Article; Research Support, N.I.H., Extramural; Research Support, Non-U.S. Gov't"
19837544,https://pubmed.ncbi.nlm.nih.gov/19837544/,2009,Recovery from hind limb ischemia is less effective in type 2 than in type 1 diabetic mice: roles of endothelial nitric oxide synthase and endothelial progenitor cells.,"OBJECTIVE: We sought to directly compare the effects of type 1 and type 2 diabetes on postischemic neovascularization and evaluate the mechanisms underlying differences between these groups. We tested the hypothesis that type 2 diabetic mice have a greater reduction in endothelial nitric oxide synthase (eNOS) expression, a greater increase in oxidative stress, and reduced arteriogenesis and angiogenesis, resulting in less complete blood flow recovery than type 1 diabetic mice after induction of hind limb ischemia. METHODS: Hind limb ischemia was generated by femoral artery excision in streptozotocin-treated mice (model of type 1 diabetes), in Lepr(db/db) mice (model of type 2 diabetes), and in control (C57BL/6) mice. Dependent variables included eNOS expression and markers of arteriogenesis, angiogenesis, and oxidative stress. RESULTS: Postischemia recovery of hind limb perfusion was significantly less in type 2 than in type 1 diabetic mice; however, neither group demonstrated a significant increase in collateral artery diameter or collateral artery angioscore in the ischemic hind limb. The capillary/myofiber ratio in the gastrocnemius muscle decreased in response to ischemia in control or type 1 diabetic mice but remained the same in type 2 diabetic mice. Gastrocnemius muscle eNOS expression was lower in type 1 and 2 diabetic mice than in control mice. This expression decreased after induction of ischemia in type 2 but not in type 1 diabetic mice. The percentage of endothelial progenitor cells (EPC) in the peripheral blood failed to increase in either diabetic group after induction of ischemia, whereas this variable significantly increased in the control group in response to ischemia. EPC eNOS expression decreased after induction of ischemia in type 1 but not in type 2 diabetic mice. EPC nitrotyrosine accumulation increased after induction of ischemia in type 2 but not in type 1 diabetic mice. EPC migration in response to vascular endothelial growth factor was reduced in type 1 and type 2 diabetic mice vs control mice. EPC incorporation into tubular structures was less effective in type 2 diabetic mice. Extensive fatty infiltration was present in ischemic muscle of type 2 but not in type 1 diabetic mice. CONCLUSION: Type 2 diabetic mice displayed a significantly less effective response to hind limb ischemia than type 1 diabetic mice.",Journal of vascular surgery,,"Animals; Blood Glucose; Body Weight; Chemotaxis; Collateral Circulation; Diabetes Mellitus, Experimental; Diabetes Mellitus, Type 1; Diabetes Mellitus, Type 2; Endothelial Cells; Hindlimb; Ischemia; Mice; Mice, Inbred C57BL; Mice, Mutant Strains; Muscle, Skeletal; Neovascularization, Physiologic; Nitric Oxide Synthase Type III; Oxidative Stress; Receptors, Leptin; Recovery of Function; Regional Blood Flow; Stem Cells; Time Factors; Tyrosine; Vascular Endothelial Growth Factor A","Comparative Study; Journal Article; Research Support, N.I.H., Extramural"
20028949,https://pubmed.ncbi.nlm.nih.gov/20028949/,2010,Progression to diabetes in relatives of type 1 diabetic patients: mechanisms and mode of onset.,"OBJECTIVE: Relatives of type 1 diabetic patients are at enhanced risk of developing diabetes. We investigated the mode of onset of hyperglycemia and how insulin sensitivity and beta-cell function contribute to the progression to the disease. RESEARCH DESIGN AND METHODS: In 328 islet cell autoantibody-positive, nondiabetic relatives from the observational arms of the Diabetes Prevention Trial-1 Study (median age 11 years [interquartile range 8], sequential OGTTs (2,143 in total) were performed at baseline, every 6 months, and 2.7 years [2.7] later, when 115 subjects became diabetic. Beta-cell glucose sensitivity (slope of the insulin-secretion/plasma glucose dose-response function) and insulin sensitivity were obtained by mathematical modeling of the OGTT glucose/C-peptide responses. RESULTS: In progressors, baseline insulin sensitivity, fasting insulin secretion, and total postglucose insulin output were similar to those of nonprogressors, whereas beta-cell glucose sensitivity was impaired (median 48 pmol/min per m2 per mmol/l [interquartile range 36] vs. 87 pmol/min per m2 per mmol/l [67]; P < 0.0001) and predicted incident diabetes (P < 0.0001) independently of sex, age, BMI, and clinical risk. In progressors, 2-h glucose levels changed little until 0.78 years before diagnosis, when they started to rise rapidly (approximately 13 mmol x l(-1) x year(-1)); glucose sensitivity began to decline significantly (P < 0.0001) earlier (1.45 years before diagnosis) than the plasma glucose surge. During this anticipation phase, both insulin secretion and insulin sensitivity were essentially stable. CONCLUSIONS: In high-risk relatives, beta-cell glucose sensitivity is impaired and is a strong predictor of diabetes progression. The time trajectories of plasma glucose are frequently biphasic, with a slow linear increase followed by a rapid surge, and are anticipated by a further deterioration of beta-cell glucose sensitivity.",Diabetes,,"Adolescent; Blood Glucose; C-Peptide; Child; Child, Preschool; Diabetes Mellitus, Type 1; Disease Progression; Female; Follow-Up Studies; Glucose Intolerance; Glucose Tolerance Test; Humans; Hyperglycemia; Insulin; Insulin Resistance; Insulin Secretion; Insulin-Secreting Cells; Kaplan-Meier Estimate; Male; Models, Biological; Predictive Value of Tests; Risk Factors","Journal Article; Research Support, N.I.H., Extramural; Research Support, Non-U.S. Gov't"
20124731,https://pubmed.ncbi.nlm.nih.gov/20124731/,2010,High-mobility group box 1 is involved in the initial events of early loss of transplanted islets in mice.,"Islet transplantation for the treatment of type 1 diabetes mellitus is limited in its clinical application mainly due to early loss of the transplanted islets, resulting in low transplantation efficiency. NKT cell-dependent IFN-gamma production by Gr-1(+)CD11b(+) cells is essential for this loss, but the upstream events in the process remain undetermined. Here, we have demonstrated that high-mobility group box 1 (HMGB1) plays a crucial role in the initial events of early loss of transplanted islets in a mouse model of diabetes. Pancreatic islets contained abundant HMGB1, which was released into the circulation soon after islet transplantation into the liver. Treatment with an HMGB1-specific antibody prevented the early islet graft loss and inhibited IFN-gamma production by NKT cells and Gr-1(+)CD11b(+) cells. Moreover, mice lacking either of the known HMGB1 receptors TLR2 or receptor for advanced glycation end products (RAGE), but not the known HMGB1 receptor TLR4, failed to exhibit early islet graft loss. Mechanistically, HMGB1 stimulated hepatic mononuclear cells (MNCs) in vivo and in vitro; in particular, it upregulated CD40 expression and enhanced IL-12 production by DCs, leading to NKT cell activation and subsequent NKT cell-dependent augmented IFN-gamma production by Gr-1(+)CD11b(+) cells. Thus, treatment with either IL-12- or CD40L-specific antibody prevented the early islet graft loss. These findings indicate that the HMGB1-mediated pathway eliciting early islet loss is a potential target for intervention to improve the efficiency of islet transplantation.",The Journal of clinical investigation,,"Animals; Antibodies; CD11b Antigen; CD40 Antigens; CD40 Ligand; Dendritic Cells; Diabetes Mellitus, Experimental; Diabetes Mellitus, Type 1; Graft Rejection; HMGB1 Protein; Interferon-gamma; Interleukin-12; Islets of Langerhans; Islets of Langerhans Transplantation; Liver; Mice; Mice, Knockout; Mitogen-Activated Protein Kinases; Natural Killer T-Cells; Toll-Like Receptor 2; Toll-Like Receptor 4","Journal Article; Research Support, Non-U.S. Gov't"
20473730,https://pubmed.ncbi.nlm.nih.gov/20473730/,2010,[Thyroid and pregnancy].,"Screening for thyroid dysfunction is recommended among certain groups of women, who plan a pregnancy, for example women with history of hyperthyroid or hypothyroid disease, with type 1 diabetes or other autoimmune disorders or women with previous therapeutic head or neck irradiation, in the case of infertility. Management of thyroid disease during pregnancy requires special consideration because pregnancy induces major changes in thyroid function, and maternal thyroid disease can have adverse affects on the pregnancy and the foetus. Under ideal conditions there is a cooperation among several healthcare professionals, such as endocrinologists, nuclear medicine physicians, gynaecologists, neonatologists and if necessary surgeons. This article surveys the physiological and pathological changes of thyroid, their diagnosis and therapy in the case of women in childbearing age, women with unfulfilled desire to have children, pregnant women, as well as women after delivery.",Wiener medizinische Wochenschrift (1946),,"Breast Feeding; Chorionic Gonadotropin, beta Subunit, Human; Cooperative Behavior; Female; Humans; Hyperthyroidism; Hypothyroidism; Infertility, Female; Interdisciplinary Communication; Ovary; Patient Care Team; Pregnancy; Pregnancy Complications; Prenatal Diagnosis; Prolactin; Puerperal Disorders; Thyroid Function Tests; Thyrotropin; Thyrotropin-Releasing Hormone; Thyroxine; Triiodothyronine",English Abstract; Journal Article; Review
20485668,https://pubmed.ncbi.nlm.nih.gov/20485668/,2010,Prevention of diabetes in NOD mice by repeated exposures to a contact allergen inducing a sub-clinical dermatitis.,"BACKGROUND: Type 1 diabetes is an autoimmune disease, while allergic contact dermatitis although immune mediated, is considered an exposure driven disease that develops due to epicutaneous contact with reactive low-molecular chemicals. The objective of the present study was to experimentally study the effect of contact allergens on the development of diabetes in NOD mice. As the link between contact allergy and diabetes is yet unexplained we also examined the effect of provocation with allergens on Natural Killer T (NKT) cells, since involvement of NKT cells could suggest an innate connection between the two diseases. METHOD: NOD mice 4 weeks of age were exposed, on the ears, to two allergens, p-phenylenediamine and 2,4-dinitrochlorobenzene respectively, to investigate the diabetes development. The mice were followed for a maximum of 32 weeks, and they were either repeatedly exposed to the allergens or only sensitized a week after arrival. The stimulation of NKT cells by the two allergens were additionally studied in C57BL/6 mice. The mice were sensitized and two weeks later provocated with the allergens. The mice were subsequently euthanized at different time points after the provocation. RESULTS: It was found that repeated application of p-phenylenediamine reduced the incidence of diabetes compared to application with water (47% vs. 93%, P = 0.004). Moreover it was shown that in C57BL/6 mice both allergens resulted in a slight increment in the quantity of NKT cells in the liver. Application of the allergens at the same time resulted in an increased number of NKT cells in the draining auricular lymph node, and the increase appeared to be somewhat allergen specific as the accumulation was stronger for p-phenylenediamine. CONCLUSION: The study showed that repeated topical application on the ears with a contact allergen could prevent the development of diabetes in NOD mice. The contact allergens gave a non-visible, sub-clinical dermatitis on the application site. The preventive effect on diabetes may be due to stimulation of peripheral NKT cells, as shown for provocation with p-phenylenediamine in the C57BL/6 mouse. This epicutaneous procedure may lead to new strategies in prevention of type 1 diabetes in humans.",PloS one,,"Allergens; Animals; Dermatitis, Allergic Contact; Diabetes Mellitus, Experimental; Lymph Nodes; Mice; Mice, Inbred NOD; Natural Killer T-Cells; Phenylenediamines","Journal Article; Research Support, Non-U.S. Gov't"
21388358,https://pubmed.ncbi.nlm.nih.gov/21388358/,2011,No extreme genetic risk for type 1 diabetes among DR3/4-DQ8 siblings sharing both extended HLA haplotypes with their diabetic proband.,"An extreme genetic risk for type 1 diabetes (T1D) was reported for DR3/4-DQ8 siblings sharing both extended human leukocyte antigen (HLA) haplotypes identical-by-descent (IBD) with their diabetic proband. We attempted to replicate this finding in our prospective Dutch T1D cohort and in families from the Type 1 Diabetes Genetics Consortium (T1DGC). Only 2 of the 14 Dutch siblings, sharing both DR3-DQ2/DR4-DQ8 haplotypes IBD with their diabetic proband, developed T1D in a 12-year follow-up period. No differential sharing of HLA haplotypes or significant transmission distortion in parents homozygous for HLA risk alleles was found in T1DGC material. Therefore, we could not confirm the reported extreme risk for T1D, suggesting that the risk conferred by other HLA complex loci is moderate.",Tissue antigens,,"Adolescent; Alleles; Child; Cohort Studies; Diabetes Mellitus, Type 1; Female; Genetic Predisposition to Disease; HLA-DQ Antigens; HLA-DR3 Antigen; HLA-DR4 Antigen; Haplotypes; Humans; Male; Netherlands; Risk Factors; Siblings","Journal Article; Research Support, N.I.H., Extramural; Research Support, Non-U.S. Gov't"
21392534,https://pubmed.ncbi.nlm.nih.gov/21392534/,2011,α-Galactosylceramide ameliorates autoimmune diabetes in non-obese diabetic mice through a suppressive effect mediated by CD8+ T cells.,"Type 1 diabetes is an autoimmune disorder resulting from lymphocyte-mediated destruction of insulin-producing β cells in pancreas. Natural killer T cells are regulatory immune components controlling autoreactivity and immune homeostasis. Although early studies supported that amelioration of autoimmune diabetes by natural killer T cells was associated with Th1/2 shift, other Th2-independent regulatory mechanisms were also suggested. Since natural killer T cells are critical for the generation of CD8(+) regulatory T cells controlling anterior chamber-associated immune deviation and CD8(+) regulatory T cells also participate in suppression of immune responses like experimental autoimmune encephalomyelitis, we investigate whether the similar suppressive effects are involved in α-galactosylceramide-induced immune tolerance in non-obese diabetic mice. We demonstrate that repeated exposure of α-galactosylceramide reveals a hyporesponsiveness of total or antigen-presenting cells-depleted splenocytes upon anti-CD3/28 antibodies stimulation. The dispensability of dendritic cells in the hyporesponsiveness is consistent with the comparable expression of costimulatory molecules on CD11c(+) subsets between α-galactosylceramide- and vehicle-treated mice. α-Galactosylceramide treatment not only affects the effector T cell subsets and their cytokine production but also increases the secretion of transforming growth factor-β by splenocytes, implying the suppressive regulation. The adoptive transfer experiments demonstrate the suppressive effect of T cells from α-galactosylceramide-treated non-obese diabetic mice when co-transferred with vehicle-treated littermates. Finally, it reveals that CD8(+) subset among antigen-presenting cells-depleted splenocytes tends to confer the suppression since the protective ability vanishes upon withdrawal of CD8(+) subset. These results suggest that repeated exposure of α-galactosylceramide ameliorates autoimmune diabetes in non-obese diabetic mice mediated by CD8(+) T cell-associated suppression.",Immunology letters,,"Animals; Antigen-Presenting Cells; CD8-Positive T-Lymphocytes; Cytokines; Diabetes Mellitus, Type 1; Female; Galactosylceramides; Lymph Nodes; Male; Mice; Mice, Inbred NOD; Pancreas; Spleen","Journal Article; Research Support, Non-U.S. Gov't"
21513702,https://pubmed.ncbi.nlm.nih.gov/21513702/,2011,Acceleration of autoimmune diabetes in Rheb-congenic NOD mice with β-cell-specific mTORC1 activation.,"The protein Ras homolog enriched in brain (Rheb) is a Ras-like small GTPase that activates the mechanistic target of rapamycin complex 1 (mTORC1), which promotes cell growth. We previously generated transgenic C57BL/6 mice overexpressing Rheb in β-cells (B6(Rheb)), which exhibited increased β-cell size and improved glucose tolerance with higher insulin secretion than wild type C57BL/6 mice. The mice also showed resistance to obesity-induced hyperglycemia, a model of type 2 diabetes, and to multiple low-dose-streptozotocin (MLDS)-induced hyperglycemia, a model of type 1 diabetes (T1D). To investigate whether the effects of mTORC1 activation by Rheb in B6(Rheb) mice would also be evident in NOD mice, a spontaneous autoimmune T1D model, we created two NOD mouse lines overexpressing Rheb in their β-cells (NOD(Rheb); R3 and R20). We verified Rheb overexpression in β-cells, the relative activation of mTORC1 and β-cell enlargement. By 35 weeks of age, diabetes incidence was significantly greater in the R3 line and tended to be greater in the R20 line than in NOD mice. Histological analysis demonstrated that insulitis was significantly accelerated in 12-week-old R3 NOD(Rheb) mice compared with NOD mice. Furthermore, serum insulin autoantibody (IAA) expression was significantly higher than that of NOD mice. We also examined whether complete Freund's adjuvant (CFA) treatment alone or with glucagon-like peptide-1 (GLP-1) analog would reverse the hyperglycemia of NOD(Rheb) mice; unexpectedly, almost none achieved normoglycemia. In summary, diabetes progression was significantly accelerated rather than prevented in NOD(Rheb) mice. Our results suggest that the β-cell enlargement might merely enhance the autoimmunity of pathogenic T-cells against islets, leading to acceleration of autoimmune diabetes. We conclude that not only enlargement but also regeneration of β-cells in addition to the prevention of β-cell destruction will be required for the ideal therapy of autoimmune T1D.",Biochemical and biophysical research communications,,"Animals; Diabetes Mellitus, Type 1; Disease Progression; Insulin-Secreting Cells; Mechanistic Target of Rapamycin Complex 1; Mice; Mice, Congenic; Mice, Inbred NOD; Monomeric GTP-Binding Proteins; Multiprotein Complexes; Neuropeptides; Proteins; Ras Homolog Enriched in Brain Protein; TOR Serine-Threonine Kinases","Journal Article; Research Support, Non-U.S. Gov't"
22587593,https://pubmed.ncbi.nlm.nih.gov/22587593/,2012,Decreased GAD(65)-specific Th1/Tc1 phenotype in children with Type 1 diabetes treated with GAD-alum.,"AIM: The balance between T helper cell subsets is an important regulator of the immune system and is often examined after immune therapies. We aimed to study the immunomodulatory effect of glutamic acid decarboxylase (GAD) 65 formulated with aluminium hydroxide (GAD-alum) in children with Type 1 diabetes, focusing on chemokines and their receptors. METHODS: Blood samples were collected from 70 children with Type 1 diabetes included in a phase II clinical trial with GAD-alum. Expression of CC chemokine receptor 5 (CCR5) and CCR4 was analysed on CD4+ and CD8+ lymphocytes after in vitro stimulation with GAD(65) using flow cytometry, and secretion of the chemokines CCL2, CCL3 and CCL4 was detected in peripheral blood mononuclear cell supernatants with Luminex. RESULTS: Expression of Th1-associated CCR5 was down-regulated following antigen challenge, together with an increased CCR4/CCR5 ratio and CCL2 secretion in GAD-alum-treated patients, but not in the placebo group. CONCLUSION: Our results suggest that GAD-alum treatment has induced a favourable immune modulation associated with decreased Th1/Tc1 phenotypes upon antigen re-challenge, which may be of importance for regulating GAD(65) immunity.",Diabetic medicine : a journal of the British Diabetic Association,,"Adolescent; Aluminum Hydroxide; CD4-Positive T-Lymphocytes; CD8-Positive T-Lymphocytes; Child; Diabetes Mellitus, Type 1; Female; Flow Cytometry; Glutamate Decarboxylase; Humans; Immunologic Memory; Lymphocyte Activation; Male; Phenotype; Receptors, CCR4; Receptors, CCR5; Sweden; T-Lymphocytes, Cytotoxic; Th1 Cells","Clinical Trial, Phase II; Journal Article; Randomized Controlled Trial; Research Support, Non-U.S. Gov't"
22759218,https://pubmed.ncbi.nlm.nih.gov/22759218/,2012,"Metabolic control, healthcare satisfaction and costs 1 month after diagnosis of type 1 diabetes: a randomised controlled trial of hospital-based care vs. hospital-based home care.","Procedures for the initial management of children newly diagnosed with diabetes vary greatly worldwide and the evidence available is insufficient for conclusively determining the best process regarding hospital-based or home-based care. The aim of the study was to compare two different regimens for children with newly diagnosed type 1 diabetes; hospital-based care and hospital-based home care (HBHC), defined as specialist care in a home-based setting. A randomised controlled trial, including 60 children, took place at a university hospital in Sweden during the period of March 2008 to September 2011. After 2-3 d with hospital-based care, children from 3 to 15 yr of age were randomised to either continued hospital-based care for a total of 1-2 wk or to HBHC. This article presents results 1 month after diagnosis. No differences were shown in the daily mean glucose level or in its variability when the children received care but, after discharge, children who received HBHC showed lower mean plasma glucose values and lower variability compared to children who received hospital-based care. Children in HBHC had fewer episodes of hypoglycaemia during the first month after diagnosis. In the HBHC group, parents were more satisfied with the healthcare received and healthcare costs for the first month were 30% lower as compared to hospital-based care. The results 1 month after diagnosis support the HBHC programme as being a safe and cost-effective way of providing care. A follow-up will continue for 2 yr to evaluate which process was best for the majority of families over time.",Pediatric diabetes,,"Adolescent; Child; Child, Preschool; Cost-Benefit Analysis; Diabetes Mellitus, Type 1; Female; Glycated Hemoglobin; Health Care Costs; Home Care Services, Hospital-Based; Hospitalization; Hospitals, University; Humans; Hypoglycemia; Male; Parents; Patient Satisfaction; Sweden","Comparative Study; Journal Article; Randomized Controlled Trial; Research Support, Non-U.S. Gov't"
22781023,https://pubmed.ncbi.nlm.nih.gov/22781023/,2012,Evidence for augmented oxidative stress in the subjects with type 1 diabetes and their siblings: a possible preventive role for antioxidants.,"BACKGROUND/OBJECTIVES: Oxidative stress (OS) is thought to be involved in both development of type 1 diabetes (T1D) and its further complications. In this study, certain biomarkers of OS were compared among the subjects with T1D, their non-diabetic siblings and unrelated healthy controls. SUBJECTS/METHODS: Known cases of T1D from both sexes aged 5-25 years were enrolled in a case-control study (n(1)=60). There were two control groups; non-diabetic siblings (n(2)=60) and unrelated apparently healthy subjects (n(3)=60). Anthropometric, dietary and laboratory assessments were done. RESULTS: There was no significant difference in dietary data among the groups. Total antioxidant capacity was significantly lower in T1D than both related and unrelated controls (1.6 ± 0.05, 1.7 ± 0.05 and 1.8 ± 0.06 mmol BSA equivalent/l, respectively, P=0.044). Both T1D subjects and their siblings showed lower glutathione peroxidase (GSH-px) levels (median (interquartile range): 22.2 (28.6), 29.9 (23) and 41.8 (73.6) U/ml, respectively, P=0.006). On the contrary, superoxide dismutase concentrations were significantly higher in T1D group and the siblings than unrelated healthy controls (243 (45.3), 157.8 (176.9) and 27.9 (8.7) U/l, respectively, P<0.001). Serum concentrations of GSH correlated with energy intake in the siblings (r=0.521, P<0.001) and unrelated controls (r=0.268, P=0.042) but not in T1D group. The associations remained significant after controlling for blood glucose (r=0.437, P=0.001 and r=0.420, P=0.011, respectively) in both the groups. CONCLUSION: Augmented OS in the siblings may indicate an increased requirement for antioxidants in genetically diabetes-prone subjects.",European journal of clinical nutrition,,"Adolescent; Adult; Blood Glucose; Case-Control Studies; Child; Child, Preschool; Diabetes Mellitus, Type 1; Female; Glutathione; Glutathione Peroxidase; Humans; Iran; Male; Oxidative Stress; Siblings; Statistics, Nonparametric; Superoxide Dismutase; Young Adult","Comparative Study; Journal Article; Research Support, Non-U.S. Gov't"
22946986,https://pubmed.ncbi.nlm.nih.gov/22946986/,2012,"Advantage of rapamycin over mycophenolate mofetil when used with tacrolimus for simultaneous pancreas kidney transplants: randomized, single-center trial at 10 years.","Simultaneous pancreas kidney transplantation (SPKT) is the treatment of choice for patients with type 1 diabetes and end-stage renal disease. Rapamycin and mycophenolate mofetil (MMF) have been used for maintenance immunosuppression with tacrolimus in SPKT; however, long-term outcomes are lacking. From September 2000 through December 2009, 170 SPKT recipients were enrolled in a randomized, prospective trial receiving Rapamycin (n = 84) or MMF (n = 86). All patients received dual induction therapy with thymoglobulin and daclizumab, and low-dose maintenance tacrolimus and corticosteroids. Compared to MMF, rates of freedom from first biopsy-proven acute kidney or pancreas rejection were superior for Rapamycin at year 1 (kidney: 100% vs. 88%; P = 0.001; pancreas: 99% vs. 92%; P = 0.04) and at year 10 (kidney: 88% vs. 71%, P = 0.01; pancreas: 99% vs. 89%, P = 0.01). The higher rates of rejection were associated with withholding MMF (vs. Rapamycin, p = 0.009), generally for gastrointestinal or bone marrow toxicity. There was no significant difference in creatinine, proteinuria, c-peptide, viral infections, lymphoproliferative disorders or posttransplant diabetes. HbA1C and lipid levels were normal in both groups, although higher in the Rapamycin arm. There were no significant differences in patient or allograft survival. In this 10-year SPKT study, Rapamycin in combination with tacrolimus was better tolerated and more effective than MMF. Overall, the patient and allograft survival were equivalent.",American journal of transplantation : official journal of the American Society of Transplantation and the American Society of Transplant Surgeons,,"Adolescent; Adult; Child; Child, Preschool; Female; Graft Rejection; Graft Survival; Humans; Immunosuppressive Agents; Infant; Kidney Transplantation; Male; Middle Aged; Mycophenolic Acid; Pancreas Transplantation; Prognosis; Prospective Studies; Sirolimus; Tacrolimus; Time Factors; Transplantation, Homologous; Young Adult","Comparative Study; Journal Article; Randomized Controlled Trial; Research Support, Non-U.S. Gov't"
23027646,https://pubmed.ncbi.nlm.nih.gov/23027646/,2012,Participant characteristics and study features associated with high retention rates in a longitudinal investigation of type 1 diabetes mellitus.,"BACKGROUND: The Diabetes Control and Complications Trial/Epidemiology of Diabetes Interventions and Complications (DCCT/EDIC) Study has sustained an extraordinarily high level of participant involvement for over two decades. PURPOSE: In order to identify specific characteristics of EDIC that contributed most strongly to retention, study-designed questionnaires were distributed to 1334 participants. METHODS: Confidential questionnaires were completed during EDIC Years 15-17. Participants were classified as Completely Adherent (completed all visits), Partly Adherent (missed >1 visit or major portion of a visit), or Inactive (did not participate for >5 years). Questionnaire items addressed specific aspects of clinic visits, evaluation procedures, staff-participant relationships, and medical/health-care support provided by EDIC. RESULTS: The most commonly cited reasons for continuing participation were Cutting Edge Tests to assess diabetes complications (79.3%), Annual Evaluations (67.7%), a desire to Help Others (65.2%), and Better Care for Diabetes (61.6%). Women chose Cutting Edge Tests as their first or second most important reason significantly more often than men, whereas men chose Better Care for Diabetes more frequently. Individuals with at least three diabetes-related complications were more likely than those with fewer complications to choose Annual Evaluations as their first or second reason for continued involvement. LIMITATIONS: The small proportion of individuals who discontinued participation restricted our ability to identify factors associated with suspended involvement. In addition, our analysis is limited to a cohort with type 1 diabetes followed in an observational study after an average participation time of 6.5 years in a randomized trial. CONCLUSIONS: The primary reasons identified by respondents for their long-term commitment are consistent with shorter-term studies and underscore the importance of expert medical care, supportive staff-participant relationships, and involvement with clinically and scientifically meaningful research.","Clinical trials (London, England)",,"Adolescent; Adult; Analysis of Variance; Diabetes Complications; Diabetes Mellitus, Type 1; Drug Administration Schedule; Drug Monitoring; Female; Follow-Up Studies; Humans; Hypoglycemic Agents; Insulin; Male; Middle Aged; Multivariate Analysis; Patient Compliance; Professional-Patient Relations; Surveys and Questionnaires; Young Adult","Journal Article; Randomized Controlled Trial; Research Support, N.I.H., Extramural; Research Support, Non-U.S. Gov't"
23387390,https://pubmed.ncbi.nlm.nih.gov/23387390/,2013,Genomic evaluation of HLA-DR3+ haplotypes associated with type 1 diabetes.,"We have defined three sets of HLA-DR3(+) haplotypes that provide maximum risk of type 1 disease development in Indians: (1) a diverse array of B8-DR3 haplotypes, (2) A33-B58-DR3 haplotype, and (3) A2-B50-DR3 occurring most predominantly in this population. Further analysis has revealed extensive diversity in B8-DR3 haplotypes, particularly at the HLA-A locus, in contrast to the single fixed HLA-A1-B8-DR3 haplotype (generally referred to as AH8.1) reported in Caucasians. However, the classical AH8.1 haplotype was rare and differed from the Caucasian counterpart at multiple loci. In our study, HLA-A26-B8-DR3 (AH8.2) was the most common B8-DR3 haplotype constituting >50% of the total B8-DR3 haplotypes. Further, A2-B8-DR3 contributed the maximum risk (RR = 48.7) of type 1 diabetes, followed by A2-B50-DR3 (RR = 9.4), A33-B58-DR3 (RR = 6.6), A24-B8-DR3 (RR = 4.5), and A26-B8-DR3 (RR = 4.2). Despite several differences, the disease-associated haplotypes in Indian and Caucasian populations share a frozen DR3-DQ2 block, suggesting a common ancestor from which multiple haplotypes evolved independently.",Annals of the New York Academy of Sciences,,"Diabetes Mellitus, Type 1; Genomics; HLA-A Antigens; HLA-DR3 Antigen; Haplotypes; Humans; India; Risk Factors","Journal Article; Research Support, Non-U.S. Gov't"
23479996,https://pubmed.ncbi.nlm.nih.gov/23479996/,2012,"[Experience with ""AFAVIT Diabetes"" used in the treatment of diabetic peripheral polyneuropathy in adolescents].","AIM: To evaluate the efficiency of using the vitamin and mineral complex (VMC) ALFAVIT Diabetes in the combination therapy of diabetic polyneuropathy (DPNP) in adolescents. SUBJECTS AND METHODS: A study group comprised 30 children with diabetic peripheral polyneuropathy, whose combination therapy included ALFAVIT Diabetes as one tablet t.i.d. for 2 months. A comparison group consisted of 20 adolescents with DPNP who did not take the complex. Before and 2 months after the study, the children's state was assessed from the data of a physical examination with mandatory blood pressure and pulse measurements and a neurological study, from carbohydrate (basal glycemia, glycemic variability, glycated hemoglobin) and lipid (total cholesterol and its fractions) metabolic parameters, and from the findings of electromyography (EMG). RESULTS: Incorporation of the VMC ALFAVIT Diabetes into the combination therapy contributed to the ameliorated clinical manifestations of DPNP. There were positive electrophysiological changes, as evidenced by EMG. The VMC ALFAVIT Diabetes showed good tolerability and caused no adverse reactions. CONCLUSION: The performed trials have indicated that it is expedient to use the VMC ALFAVIT Diabetes in adolescents with type 1 diabetes mellitus and DPNP.",Terapevticheskii arkhiv,,"Adolescent; Blood Glucose; Blood Glucose Self-Monitoring; Complementary Therapies; Diabetes Mellitus, Type 1; Diabetic Neuropathies; Dietary Supplements; Drug Combinations; Drug Therapy, Combination; Electromyography; Female; Glycated Hemoglobin; Humans; Hypoglycemic Agents; Insulin; Male; Neurologic Examination; Neuroprotective Agents; Trace Elements; Treatment Outcome; Vitamins",Comparative Study; Journal Article
23577069,https://pubmed.ncbi.nlm.nih.gov/23577069/,2013,Influence of erythropoietin on cognitive performance during experimental hypoglycemia in patients with type 1 diabetes mellitus: a randomized cross-over trial.,"INTRODUCTION: The incidence of severe hypoglycemia in type 1 diabetes has not decreased over the past decades. New treatment modalities minimizing the risk of hypoglycemic episodes and attenuating hypoglycemic cognitive dysfunction are needed. We studied if treatment with the neuroprotective hormone erythropoietin (EPO) enhances cognitive function during hypoglycemia. MATERIALS AND METHODS: Eleven patients with type 1 diabetes, hypoglycemia unawareness and recurrent severe hypoglycemia completed the study. In a double-blind, randomized, balanced, cross-over study using clamped hypoglycemia they were treated with 40,000 IU of EPO or placebo administered intravenously six days before the two experiments. Cognitive function (primary endpoint), hypoglycemic symptoms, and counter-regulatory hormonal response were recorded. RESULTS: Compared with placebo, EPO treatment was associated with a significant reduction in errors in the most complex reaction time task (-4.7 (-8.1 to -1.3), p = 0.01) and a less reaction time prolongation (-66 (-117 to -16) msec, p = 0.02). EPO treatment did not change performance in other measures of cognition. Hypoglycemic symptoms, EEG-changes, and counter-regulatory hormone concentrations did not differ between EPO and placebo treatment. CONCLUSION: In patients with type 1 diabetes and hypoglycemia unawareness, treatment with EPO is associated with a beneficial effect on cognitive function in a complex reaction time task assessing sustained attention/working memory. Hypoglycemic symptoms and hormonal responses were not changed by EPO treatment. TRIAL REGISTRATION: ClinicalTrials.gov NCT00615368.",PloS one,,"Adult; Aged; Blood Glucose; Cognition; Cross-Over Studies; Diabetes Mellitus, Type 1; Electroencephalography; Electrophysiological Phenomena; Erythropoietin; Female; Glucose Clamp Technique; Hematologic Tests; Hormones; Humans; Male; Middle Aged; Monitoring, Physiologic","Journal Article; Randomized Controlled Trial; Research Support, Non-U.S. Gov't"
23587153,https://pubmed.ncbi.nlm.nih.gov/23587153/,2013,N-acetyltransferase-2 genotypes among Jordanian patients with diabetes mellitus.,"BACKGROUND: There are inconsistent reports concerning N-acetyltransferase 2 (NAT2) genotypes in diabetes mellitus (DM). OBJECTIVE: The objective of the study was to explore any association between NAT2 genotypes and Type 1 and Type 2 DM in Jordanians. METHODS: 106 Type 1 and 110 Type 2 DM patients attending the ""National Center for Diabetes, Endocrinology and Genetics"", Amman, Jordan, were included in the study. DNA was extracted from venous blood using a commercial DNA extraction kit. NAT2 genotyping was performed using polymerase chain reaction-restriction fragment length polymorphism (PCR-RFLP). RESULTS: The frequency of the genotype that encodes rapid acetylation (the wild-type genotype NAT2*4/4) was similar in the two types of diabetes mellitus. Those which encode intermediate acetylation (NAT2*4/5, NAT2*4/6, and NAT2*4/7) were higher in Type 2 diabetes (0.482) compared to Type 1 diabetes (0.339), while the frequency of genotypes which encode slow acetylation (NAT2*5/5, NAT2*5/6, NAT2*5/7, NAT2*6/6, NAT2*6/7, and NAT2*7/7) were higher in Type 1 diabetes (0.547) compared to Type 2 diabetes (0.418). CONCLUSION: There is excess of genotypes encoding intermediate acetylation in Type 2 DM and an excess of slow acetylator genotypes in Type 1 DM. Furthermore, NAT2*4/6 genotype (which encodes intermediate acetylation) was more prevalent in Type 2 DM. Type 1 DM behaved similar to non-diabetic controls in regard to acetylation status.",International journal of clinical pharmacology and therapeutics,,"Acetylation; Adolescent; Adult; Aged; Arabs; Arylamine N-Acetyltransferase; Case-Control Studies; Chi-Square Distribution; Child; Diabetes Mellitus, Type 1; Diabetes Mellitus, Type 2; Female; Gene Frequency; Genotype; Humans; Jordan; Male; Middle Aged; Odds Ratio; Phenotype; Sequence Analysis, DNA; Young Adult","Journal Article; Research Support, Non-U.S. Gov't"
23608617,https://pubmed.ncbi.nlm.nih.gov/23608617/,2013,Nitric oxide differentially affects ERK and Akt in type 1 and type 2 diabetic rats.,"BACKGROUND: We have shown that nitric oxide (NO) is more effective at inhibiting neointimal hyperplasia in type 2 diabetic rats than in nondiabetic rats, but is not effective in type 1 diabetic rats. Insulin signaling is mediated by the ERK and Akt pathways, and thus we hypothesized that NO differentially affects ERK and Akt activity in type 1 versus type 2 diabetic rats. MATERIALS AND METHODS: To investigate this hypothesis, we induced type 2 diabetes in Zucker diabetic fatty (ZDF) rats by feeding them Purina 5008 chow. To induce type 1 diabetes, lean Zucker (LZ) rats were injected with streptozotocin (STZ; 60 mg/kg). The carotid artery injury model was performed. Groups included injury and injury + PROLI/NO (20 mg/kg) (n = 6/group). RESULTS: Three days following injury, all animal models exhibited an increase in pERK levels. Whereas NO reduced pERK levels in LZ and STZ rats, NO had no effect on pERK levels in ZDF rats. Following a similar pattern, NO reduced pAkt levels in LZ and STZ rats but increased pAkt levels in ZDF rats. Fourteen days following injury, NO increased total pERK levels throughout the arterial wall in both the STZ and ZDF rats. These changes were greatest in the adventitia. Interestingly, whereas NO decreased total pAkt levels in LZ and STZ rats, NO increased pAkt levels in ZDF rats. Evaluation of the pERK:pAkt ratio revealed that NO increased this ratio in LZ and STZ rats but decreased the ratio in ZDF rats. CONCLUSIONS: We report that NO differentially affects the expression of pERK and pAkt in type 1 versus type 2 diabetic rats. Given that NO is more effective at inhibiting neointimal hyperplasia in type 2 diabetic animals, the pERK:pAkt ratio may be the best surrogate to predict efficacy.",The Journal of surgical research,Akt; ERK; Metabolic environment; Neointimal hyperplasia; Nitric oxide; Type 1 diabetes; Type 2 diabetes,"Animals; Diabetes Mellitus, Experimental; Diabetes Mellitus, Type 1; Diabetes Mellitus, Type 2; Disease Models, Animal; Extracellular Signal-Regulated MAP Kinases; Hyperplasia; Male; Neointima; Nitric Oxide; Proto-Oncogene Proteins c-akt; Rats; Rats, Zucker; Signal Transduction; Streptozocin","Comparative Study; Journal Article; Research Support, U.S. Gov't, Non-P.H.S."
24162715,https://pubmed.ncbi.nlm.nih.gov/24162715/,2014,Recommendations for self-monitoring in pediatric diabetes: a consensus statement by the ISPED.,"A panel of experts of the Italian Society of Pediatric Endocrinology and Diabetology comprehensively discussed and approved the Italian recommendations regarding self-monitoring of blood glucose, continuous glucose monitoring and other measures of glycemic control in children and adolescents with type 1 diabetes. After an extensive review of the literature, we took these issues into account: self-monitoring blood glucose, continuous glucose monitoring, glycemic variability, glycosuria, ketonuria, ketonemia, glycated hemoglobin, fructosamine and glycated albumin, logbook, data downloading, lancing devices, carbohydrate counting, and glycemic measurements at school. We concluded that clinical guidelines on self-management should be developed in every country with faithful adaptation to local languages and taking into account specific contexts and local peculiarities, without any substantial modifications to the international recommendations. We believe that the National Health Service should provide all necessary resources to ensure self-monitoring of blood glucose and possibly continuous glucose monitoring of all children and adolescents with type 1 diabetes, according to the standards of care provided by these recommendations and internationally.",Acta diabetologica,,"Adolescent; Blood Glucose; Blood Glucose Self-Monitoring; Child; Diabetes Mellitus, Type 1; Glycated Hemoglobin; Humans; Insulin",Journal Article; Review; Consensus Statement
24582332,https://pubmed.ncbi.nlm.nih.gov/24582332/,2014,The putative role of proteolytic pathways in the pathogenesis of Type 1 diabetes mellitus: the 'autophagy' hypothesis.,"Autoimmune diseases are a heterogeneous group of disorders affecting different organs and tissues. New tools, such as genome-wide association studies, have provided evidence for new susceptibility loci and candidate genes in the disease process including common susceptibility genes involved in the immunological synapse and T cell activation. Close linkages have been found in a number of diseases, including ankylosing spondylitis, multiple sclerosis, Crohn's disease and insulin-dependent diabetes mellitus (Type 1 diabetes mellitus). Evidence for some association with Type 1 diabetes was previously found in the region containing 5q15/ERAP1 (endoplasmic reticulum aminopeptidase 1) (rs30187, ARTS1). Recent data suggest that in eukaryotic cells in addition to the ubiquitin/proteasome system another proteolytic pathway may have a significant role in the autoimmunity process, i.e. the autophagic pathway which constitutes the principal regulated catabolic process mediated by lysosomes. Autophagy could play a role in MHC class I and class II self-antigen presentation at the basis of the autoimmunity process. Furthermore cross-talk among different proteolytic pathways was recently highlighted i.e. components processed in the ubiquitin/proteasome system possibly engaged in autophagic pathways. T1D is an autoimmune disease characterised by the destruction of pancreatic beta cells by autoreactive T cells. Immunological abnormalities can precede months to years the initial symptoms and clinical diagnosis. Our hypothesis suggests that in the autoimmune process autophagy can intervene at different levels, during the thymic selection process of T lymphocytes causing escape of autoreactive T cells, at the initiation stage of the disease, in the preclinical period or subsequently to the disease onset having a role at the level of perpetuation of the autoimmunity process. Supporting evidence derives from the already reported discovery of polymorphisms in autophagy-related genes in patients affected by several autoimmune conditions such as Systemic Lupus Erithematosus. In addition deregulated autophagy was detected in T cells from lupus-prone mice and also found in T cells from patients. Autophagy was found activated in osteoclasts from RA patients as demonstrated by the increased expression of Atg7 and Beclin-1. Our hypothesis to be unraveled could have, if correct, relevant implications for the management of autoimmune conditions such as Type 1 diabetes. In principle, novel therapeutic approaches could be established by targeting deregulated autophagy offering novel opportunities to personalized medicine in patients affected by the disease.",Medical hypotheses,,"Autophagy; Diabetes Mellitus, Type 1; Humans; Proteolysis","Journal Article; Research Support, Non-U.S. Gov't"
26006309,https://pubmed.ncbi.nlm.nih.gov/26006309/,2015,Bridging-type enzyme-linked immunoassay for zinc transporter 8 autoantibody measurements in adult patients with diabetes mellitus.,"AIMS: A bridging-type ELISA for measuring autoantibodies to zinc transporter 8 (ZnT8A) was assessed using samples from different forms of diabetes mellitus. METHODS: ZnT8A were measured using an ELISA in patients with type 1 diabetes mellitus (T1DM; n=94), latent autoimmune diabetes of adulthood (LADA; n=51), type 2 diabetes mellitus (T2DM; n=59) and healthy blood donors (HBD; n=200). ZnT8A in ELISA and immunoprecipitation assays (IPA) using ZnT8 dimer (W325/R325) and monomers (W325, R325 and Q325) were compared. RESULTS: Inter- and intra-assay coefficients of variation (CV) were 7.1% and 1.7%, respectively (medium ZnT8A) and 8.5% and 2.7%, respectively (high ZnT8A). In the ELISA 51/94 (54.3%) T1DM, 16/51 (31.4%) LADA and 1/59 (1.7%) T2DM sera were ZnT8A positive. ROC analysis of T1DM and HBD for the ELISA showed 54% sensitivity and 99% specificity (cutoff 15u/mL) and AUC 0.80 (95% CI, 0.74-0.86). ELISA and IPA measurements were in very good agreement (r=0.856, k=0.889, n=204). Measurement of ZnT8A in addition to autoantibodies for GAD, IA-2 and insulin increased antibody positivity in T1DM by 4.3%, from 80.9% to 85.1%. CONCLUSIONS: The bridging-type ELISA is a convenient and reproducible method for determination of ZnT8A in serum. Measurement of ZnT8A increased autoantibody positivity in adult T1DM.",Clinica chimica acta; international journal of clinical chemistry,Autoantibody; ELISA; Type 1 diabetes; ZnT8A,"Adolescent; Adult; Aged; Aged, 80 and over; Autoantibodies; Case-Control Studies; Cation Transport Proteins; Diabetes Mellitus, Type 1; Diabetes Mellitus, Type 2; Enzyme-Linked Immunosorbent Assay; Female; Glutamate Decarboxylase; Humans; Insulin; Male; Middle Aged; Protein Multimerization; Protein Structure, Quaternary; Young Adult; Zinc Transporter 8",Journal Article
26064343,https://pubmed.ncbi.nlm.nih.gov/26064343/,2015,Effect of combined application insulin and insulin detemir on continous glucose monitor in children with type 1 diabetes mellitus.,"Insulin detemir is a soluble long-acting human insulin analogue at neutral pH with a unique mechanism of action, which could strengthen the effects of insulin. This study aims to explore the effects of insulin combined with insulin detemir on the continous glucose in children with type 1 diabetes mellitus. In this study, 150 patients with type 1 diabetes enrolled were included and randomly divided into 3 groups: insulin group (group A), insulin detemir group (group B) and insulin combined with insulin detemir group (group C). Each subject underwent 72 h of continuous glucose monitoring (CGM). MAGE, HbA1c and Noctumal Hypoglycemia levels were examined by using the ELISA kits. The body weight changes were also detected in this study. The results indicated that the information including age, body weight, disease duration and glucose level and HbA1c percentage on the start time point among three groups indicated no statistical differences. Insulin combined with insulin detemir decrease MAGE and HbA1c level in Group C compared to Group A and Group A (P < 0.05). Insulin combined with insulin detemir decreas noctumal hypoglycemia levels and body weight changes (P < 0.05). In conclusion, this study confirmed efficacy of insulin detemir by demonstrating non-inferiority of insulin detemir compared with insulin with respect to HbA1c, with an improved safety profile including significantly fewer hypoglycaemic episodes and less undesirable weight gain in children.",International journal of clinical and experimental medicine,Diabetes mellitus; hypoglycemia; insulin detemir; insulin therapy,,Journal Article
26369633,https://pubmed.ncbi.nlm.nih.gov/26369633/,2016,Parental and peer support in adolescents with a chronic condition: a typological approach and developmental implications.,"Research has consistently demonstrated that contextual support is crucial towards the psychological functioning of adolescents with chronic conditions. However, the literature has predominantly focused on parental support instead of adopting an integrated approach to parental and peer support. The present manuscript with two longitudinal studies in adolescents with Type 1 diabetes and congenital heart disease examined the extent to which different clusters of maternal, paternal, and peer support at baseline were related to well- and ill-being over time. In both studies, four clusters emerged: combined support, parental support, peer support, and lack of support. Follow-up longitudinal analyses indicated that especially combined support from parents and peers proved to be of crucial importance towards psychological functioning. The present studies demonstrated the value of a typological approach for assessing social support in adolescents with chronic conditions. In addition to focusing on parental support, future research should assess peer support as well in these adolescents.",Journal of behavioral medicine,Adolescence; Chronic condition; Parental support; Peer support; Psychological functioning,"Adolescent; Diabetes Mellitus, Type 1; Family; Female; Heart Defects, Congenital; Humans; Longitudinal Studies; Male; Mental Health; Parent-Child Relations; Parents; Peer Group; Social Support","Journal Article; Research Support, Non-U.S. Gov't"
27503103,https://pubmed.ncbi.nlm.nih.gov/27503103/,2016,An Integrative Review of the Quality and Outcomes of Diabetes Education Programs for Children and Adolescents.,"PURPOSE: The purpose of this study was twofold: (1) to describe the content of recent diabetes education programs and their outcomes in terms of glycemic control, disease management, and psychosocial criteria for children and adolescents with type 1 diabetes and (2) to gauge the match between these programs and the recommendations of the International Society for Pediatric and Adolescent Diabetes (ISPAD). METHODS: The integrative review was carried out according to the Cochrane recommendations. Thirteen databases were searched for evaluations of education programs published from 2009 to 2014. Program characteristics and outcomes were described. Quality of studies was assessed, and program match with ISPAD recommendations was gauged. RESULTS: Of 2528 studies found, 43 covering 36 education programs intended for youth with type 1 diabetes were retained for review. Nine of these centered on self-care competencies, 18 on psychosocial competencies, and 9 on both types of competency (mixed program). Programs varied widely in terms of organization, procedure, and content. Glycemic control was an indicator assessed in the majority of programs, but only half of these (for the most part, self-care programs) reported positive findings in this regard. Few programs seemed to affect psychosocial indicators. An online mixed program, which was the program that best met the ISPAD recommendations, proved to have an influence on glycemic control and several psychosocial criteria. CONCLUSIONS: Various avenues can be considered to improve participant engagement in education programs and to align these programs more closely with international recommendations. Further research is required to enhance knowledge in this field.",The Diabetes educator,,"Adolescent; Blood Glucose; Child; Diabetes Mellitus, Type 1; Female; Humans; Male; Patient Education as Topic; Patient Outcome Assessment; Program Evaluation; Quality Assurance, Health Care; Self-Management","Journal Article; Review; Research Support, Non-U.S. Gov't"
27818105,https://pubmed.ncbi.nlm.nih.gov/27818105/,2017,Role of continuous glucose monitoring for type 2 in diabetes management and research.,"The advent of continuous glucose monitoring (CGM) is a significant stride forward in our ability to better understand the glycemic status of our patients. Current clinical practice employs two forms of CGM: professional (retrospective or ""masked"") and personal (real-time) to evaluate and/or monitor glycemic control. Most studies using professional and personal CGM have been done in those with type 1 diabetes (T1D). However, this technology is agnostic to the type of diabetes and can also be used in those with type 2 diabetes (T2D). The value of professional CGM in T2D for physicians, patients, and researchers is derived from its ability to: (1) to discover previously unknown hyper- and hypoglycemia (silent and symptomatic); (2) measure glycemic control directly rather than through the surrogate metric of hemoglobin A1C (HbA1C) permitting the observation of a wide variety of metrics that include glycemic variability, the percent of time within, below and above target glucose levels, the severity of hypo- and hyperglycemia throughout the day and night; (3) provide actionable information for healthcare providers derived by the CGM report; (4) better manage patients on hemodialysis; and (5) effectively and efficiently analyze glycemic effects of new interventions whether they be pharmaceuticals (duration of action, pharmacodynamics, safety, and efficacy), devices, or psycho-educational. Personal CGM has also been successfully used in a small number of studies as a behavior modification tool in those with T2D. This comprehensive review describes the differences between professional and personal CGM and the evidence for the use of each form of CGM in T2D. Finally, the opinions of key professional societies on the use of CGM in T2D are presented.",Journal of diabetes and its complications,Continuous glucose monitoring; Diabetes management; Glycemic control; Hypoglycemia; Type 2 diabetes mellitus,"Activities of Daily Living; Blood Glucose; Combined Modality Therapy; Diabetes Complications; Diabetes Mellitus, Type 2; Evidence-Based Medicine; Humans; Hyperglycemia; Hypoglycemia; Monitoring, Ambulatory; Self-Management; Severity of Illness Index",Comparative Study; Journal Article; Review
27942106,https://pubmed.ncbi.nlm.nih.gov/27942106/,2016,Enhanced Model Predictive Control (eMPC) Strategy for Automated Glucose Control.,"Development of an effective artificial pancreas (AP) controller to deliver insulin autonomously to people with type 1 diabetes mellitus is a difficult task. In this paper, three enhancements to a clinically validated AP model predictive controller (MPC) are proposed that address major challenges facing automated blood glucose control, and are then evaluated by both in silico tests and clinical trials. First, the core model of insulin-blood glucose dynamics utilized in the MPC is expanded with a medically inspired personalization scheme to improve controller responses in the face of inter- and intra-individual variations in insulin sensitivity. Next, the asymmetric nature of the short-term consequences of hypoglycemia versus hyperglycemia is incorporated in an asymmetric weighting of the MPC cost function. Finally, an enhanced dynamic insulin-on-board algorithm is proposed to minimize the likelihood of controller-induced hypoglycemia following a rapid rise of blood glucose due to rescue carbohydrate load with accompanying insulin suspension. Each advancement is evaluated separately and in unison through in silico trials based on a new clinical protocol, which incorporates induced hyper- and hypoglycemia to test robustness. The advancements are also evaluated in an advisory mode (simulated) testing of clinical data. The combination of the three proposed advancements show statistically significantly improved performance over the nonpersonalized controller without any enhancements across all metrics, displaying increased time in the 70-180 mg/dL safe glycemic range (76.9 versus 68.8%) and the 80-140 mg/dL euglycemic range (48.1 versus 44.5%), without a statistically significant increase in instances of hypoglycemia. The proposed advancements provide safe control action for AP applications, personalizing and improving controller performance without the need for extensive model identification processes.",Industrial & engineering chemistry research,,,Journal Article
28766722,https://pubmed.ncbi.nlm.nih.gov/28766722/,2018,Fatal Diabetic Ketoacidosis-A Potential Complication of MDMA (Ecstasy) Use.,"A 19-year-old woman with insulin-dependent diabetes mellitus was found dead in bed having allegedly recently taken ecstasy and consumed alcohol. At autopsy, there were microhemorrhages in the brain with subnuclear vacuolization and Armanni-Ebstein changes in renal tubules. Biochemical analyses confirmed diabetic ketoacidosis (vitreous glucose-46.5 mmol/L; β-OH butyrate-13.86 mmol/L.). Toxicological analyses of blood showed a low level of 3,4-methylenedioxy-methamphetamine (MDMA) (0.01 mg/L), with acetone but no alcohol or other common drugs. Death was attributed to diabetic ketoacidosis most likely provoked by mixed MDMA/alcohol ingestion. Although the use of illicit drugs by young individuals with diabetes mellitus is being increasingly recognized, it has been noted that there is minimal information about the relationship between drug use and acute diabetic complications. Toxicological screening of cases of lethal diabetic ketoacidosis in the young may clarify lethal mechanisms in individual cases and also help to determine the extent of this problem.",Journal of forensic sciences,MDMA; death; diabetes mellitus; ecstasy; forensic science; hyperglycemia; ketoacidosis,"Alcohol Drinking; Cerebral Hemorrhage; Diabetes Mellitus, Type 1; Diabetic Ketoacidosis; Epithelial Cells; Fatal Outcome; Female; Hallucinogens; Humans; Kidney; Kidney Tubules; N-Methyl-3,4-methylenedioxyamphetamine; Vacuoles; Young Adult",Case Reports; Journal Article
28775287,https://pubmed.ncbi.nlm.nih.gov/28775287/,2017,Non-invasive in vivo determination of viable islet graft volume by 111In-exendin-3.,"Pancreatic islet transplantation is a promising therapy for patients with type 1 diabetes. However, the duration of long-term graft survival is limited due to inflammatory as well as non-inflammatory processes and routine clinical tests are not suitable to monitor islet survival. 111In-exendin-SPECT (single photon emission computed tomography) is a promising method to non-invasively image islets after transplantation and has the potential to help improve the clinical outcome. Whether 111In-exendin-SPECT allows detecting small differences in beta-cell mass (BCM) and measuring the actual volume of islets that were successfully engrafted has yet to be demonstrated. Here, we evaluated the performance of 111In-exendin-SPECT using an intramuscular islet transplantation model in C3H mice. In vivo imaging of animals transplanted with 50, 100, 200, 400 and 800 islets revealed an excellent linear correlation between SPECT quantification of 111In-exendin uptake and insulin-positive area of islet transplants, demonstrating that 111In-exendin-SPECT specifically and accurately measures BCM. The high sensitivity of the method allowed measuring small differences in graft volumes, including grafts that contained less than 50 islets. The presented method is reliable, convenient and holds great potential for non-invasive monitoring of BCM after islet transplantation in humans.",Scientific reports,,"Animals; Autoradiography; Female; Immunohistochemistry; Indium Radioisotopes; Insulin-Secreting Cells; Islets of Langerhans; Islets of Langerhans Transplantation; Mice; Molecular Imaging; Peptides; Tomography, Emission-Computed, Single-Photon","Journal Article; Research Support, Non-U.S. Gov't"
29160108,https://pubmed.ncbi.nlm.nih.gov/29160108/,2017,Effects of hepato-preferential basal insulin peglispro on nuclear magnetic resonance biomarkers lipoprotein insulin resistance index and GlycA in patients with diabetes.,"AIM: To characterize the effects of hepato-preferential basal insulin peglispro (BIL) and insulin glargine on insulin resistance (lipoprotein insulin resistance index [LP-IR]) and inflammation (GlycA), and to explore the biological implications. METHODS: This substudy included 847 patients with Type 1 diabetes (T1D) or Type 2 diabetes (T2D) in four cohorts of the BIL development program. LP-IR and GlycA were measured before and after insulin treatment. Correlations between LP-IR, GlycA, clinical parameters and liver biomarkers were assessed. RESULTS: LP-IR and GlycA were higher in T2D than T1D. LP-IR increased in patients switched from basal insulins to BIL but not in insulin-naive patients. GlycA decreased in T2D patients treated with BIL and T1D patients treated with glargine. CONCLUSION: These exploratory analyses help to characterize differences in biological effects between BIL and glargine treatment.",Biomarkers in medicine,BIL; CK-18; ELF score; GlycA; LP-IR score; Type 1 diabetes; Type 2 diabetes; basal insulin peglispro; cytokeratin 18; hepato-preferential; inflammation; insulin resistance; liver fat content,"Aged; Biomarkers; Diabetes Mellitus, Type 1; Diabetes Mellitus, Type 2; Female; Humans; Insulin Glargine; Insulin Resistance; Lipoproteins; Male; Middle Aged","Clinical Trial, Phase III; Journal Article; Multicenter Study"
29321370,https://pubmed.ncbi.nlm.nih.gov/29321370/,2018,Activation-induced cytidine deaminase deficiency accelerates autoimmune diabetes in NOD mice.,"B cells play an important role in type 1 diabetes (T1D) development. However, the role of B cell activation-induced cytidine deaminase (AID) in diabetes development is not clear. We hypothesized that AID is important in the immunopathogenesis of T1D. To test this hypothesis, we generated AID-deficient (AID-/-) NOD mice. We found that AID-/-NOD mice developed accelerated T1D, with worse insulitis and high levels of anti-insulin autoantibody in the circulation. Interestingly, neither maternal IgG transferred through placenta, nor IgA transferred through milk affected the accelerated diabetes development. AID-/-NOD mice showed increased activation and proliferation of B and T cells. We found enhanced T-B cell interactions in AID-/-NOD mice, with increased T-bet and IFN-γ expression in CD4+ T cells in the presence of AID-/- B cells. Moreover, excessive lymphoid expansion was observed in AID-/-NOD mice. Importantly, antigen-specific BDC2.5 CD4+ T cells caused more rapid onset of diabetes when cotransferred with AID-/- B cells than when cotransferred with AID+/+ B cells. Thus, our study provides insights into the role of AID in T1D. Our data also suggest that AID is a negative regulator of immune tolerance and ablation of AID can lead to exacerbated islet autoimmunity and accelerated T1D development.",JCI insight,Adaptive immunity; Autoimmune diseases; Autoimmunity; Diabetes; Immunology,"Adaptive Immunity; Animals; Autoantibodies; Autoimmunity; B-Lymphocytes; Cytidine Deaminase; Cytokines; Diabetes Mellitus, Type 1; Enzyme Activation; Female; Gene Knockdown Techniques; Immune Tolerance; Immunoglobulin A; Immunoglobulin G; Insulin; Interferon-gamma; Lymph Nodes; Male; Mice; Mice, Inbred NOD; Milk; Placenta; Pregnancy; Spleen; T-Lymphocytes; Virulence; AICDA (Activation-Induced Cytidine Deaminase)","Journal Article; Research Support, N.I.H., Extramural; Research Support, Non-U.S. Gov't"
29689314,https://pubmed.ncbi.nlm.nih.gov/29689314/,2018,Sodium glucose cotransporters inhibitors in type 1 diabetes.,"Sodium glucose cotransporter inhibitors (SGLTi) are oral hypoglycemic drugs that reduce renal glucose re-uptake and induce glycosuria. SGLTi have been successfully tested in large randomized clinical trials for type 2 diabetes, and several molecules have been approved in this setting by the international pharmaceutical agencies. Additionally, recent evidence has shown that SGLTi may be useful also in type 1 diabetes (T1D). Indeed, these drugs can be used as an ancillary to insulin to improve glycemic control and reduce insulin dosage, and such regimens have been associated with a lower rate of hypoglycemic episodes. The pharmacological effects of SGLTi therapy are described herein, and we also discuss the future use of SGLTi in T1D.",Pharmacological research,Diabetic kidney disease; Gliflozin; SGLT1; SGLT2; Type 1 diabetes,"Animals; Diabetes Mellitus, Type 1; Humans; Hypoglycemic Agents; Sodium-Glucose Transport Proteins",Journal Article; Review
30340983,https://pubmed.ncbi.nlm.nih.gov/30340983/,2018,In vitro assessment of cord blood-derived proinsulin-specific regulatory T cells for cellular therapy in type 1 diabetes.,"BACKGROUND: Antigen-specific regulatory T cells (Tregs) have proven to be effective in reversing established autoimmunity in type 1 diabetes (T1D). Cord blood (CB) can serve as an efficient and safe source for Tregs for antigen-specific immunomodulation in T1D, a strategy that is yet to be explored. Therefore, we assessed the potential of CB in generation of proinsulin (PI)-specific Tregs by using HLA class II tetramers. METHODS: We analyzed the frequency of PI-specific natural Tregs (nTregs) and induced Tregs (iTregs) derived from the CB as well as peripheral blood (PB) of patients with T1D and healthy control subjects. For this, CD4+CD25+CD127low and CD4+CD25-T cells were cultured in the presence of PI-derived peptides, transforming growth factor (TGF)-β and rapamycin. PI-specific Tregs were then selected using allele-specific HLA II tetramers loaded with PI-derived peptides, followed by suppression assays. RESULTS: Following stimulation, we observed that CB harbors a significantly higher frequency of PI-specific Tregs than PB of subjects with T1D (P = 0.0003). Further, the proportion of PI-specific Tregs was significantly higher in both the nTreg (P = 0.01) and iTreg (P = 0.0003) compartments of CB as compared with PB of subjects with T1D. In co-culture experiments, the PI-specific Tregs suppressed the proliferation of effector T cells significantly (P = 0.0006). The expanded nTregs were able to retain hypomethylation status at their Tregs-specific demethylated region (TSDR), whereas iTregs were unable to acquire the characteristic demethylation pattern. CONCLUSION: Our study demonstrates that CB can serve as an excellent source for generation of functional antigen-specific Tregs for immunotherapeutic approaches in subjects with T1D.",Cytotherapy,HLA tetramers; cord blood; proinsulin; regulatory T cells; type 1 diabetes,"Adult; CD4-Positive T-Lymphocytes; Cell- and Tissue-Based Therapy; Cells, Cultured; Diabetes Mellitus, Type 1; Female; Fetal Blood; Forkhead Transcription Factors; Humans; Immunomodulation; Infant, Newborn; Interleukin-2 Receptor alpha Subunit; Proinsulin; T-Lymphocytes, Regulatory; Transforming Growth Factor beta; Umbilical Cord","Journal Article; Research Support, Non-U.S. Gov't"
30449207,https://pubmed.ncbi.nlm.nih.gov/30449207/,2018,Cholecystokinin secretion is suppressed by glucagon-like peptide-1: clue to the mechanism of the adverse gallbladder events of GLP-1-derived drugs.,"OBJECTIVE: Recent randomized and controlled trials of drugs derived from the gut hormone glucagon-like peptide-1 (GLP-1) show that the most frequent adverse symptoms are gastrointestinal, including gallbladder-related side effects such as cholithiasis and cholecystitis. Since the gut hormone cholecystokinin (CCK) stimulates bile secretion and regulates gallbladder motility and emptying, we examined the effect of GLP-1 on the secretion of CCK in normal subjects and patients with type 1 diabetes mellitus. MATERIALS AND METHODS: Plasma was sampled from 10 healthy subjects and 10 patients with diabetes. With plasma glucose concentrations clamped between 6 and 9 nmol/l, GLP-1 or saline was infused for 240 min during and after a meal. The plasma concentrations of CCK were measured with a highly specific radioimmunoassay. RESULTS: Basal plasma concentrations of CCK were similar in the normal subjects and in the diabetes patients. During the meal, the CCK concentrations rose significantly during saline infusion, whereas the GLP-1 infusion suppressed the secretion of CCK significantly in both normal subjects and in the diabetes patients. CONCLUSIONS: The results show that GLP-1 suppresses the secretion of CCK after a meal in normal and diabetic subjects. The suppression attenuates the gallbladder contractility. Our data, therefore, offer an explanation for the increased risk of adverse gallbladder events during treatment with GLP-1-derived drugs.",Scandinavian journal of gastroenterology,Cholecystokinin; cholecystitis; cholelithiasis; diabetes mellitus; glucagon-like peptide 1; side effects,"Adult; Blood Glucose; Case-Control Studies; Cholecystokinin; Diabetes Mellitus, Type 1; Female; Gallbladder; Gallbladder Emptying; Glucagon-Like Peptide 1; Humans; Male; Young Adult",Journal Article
30524677,https://pubmed.ncbi.nlm.nih.gov/30524677/,2018,Effects of insulin-loaded chitosan-alginate nanoparticles on RAGE expression and oxidative stress status in the kidney tissue of rats with type 1 diabetes.,"OBJECTIVES: Chronic hyperglycemia leads to activation of the advanced glycation end products (AGE)-receptor (RAGE) for AGE axis and oxidative stress, which promote diabetic renal damage. This study examines the effect of insulin-loaded trimethyl chitosan nanoparticles on the kidney tissue of diabetic rats. MATERIALS AND METHODS: Twenty-five male Wistar rats were randomly divided into 5 groups: normal control (C), diabetic group without treatment (DM), diabetic group treated with chitosan-based nanoparticle (DM+NP, 1 ml by gavage), diabetic group treated with 8 IU/kg insulin-loaded trimethyl chitosan nanoparticles (DM+N.in, 1 ml by gavage), and diabetic group treated with 8 IU/kg trade insulin (DM+SC.in, 0.2 ml by subcutaneous injection). The animals were treated from weeks 8 to 10. At the end of the study, serum urea, creatinine, and uric acid were measured. Also, the level of AGE and RAGE mRNA expression, and oxidative stress markers were studied in the kidney tissue. RESULTS: Insulin-loaded nanoparticles similar to trade insulin could significantly reduce urea, creatinine, and uric acid parameters, while the elevated total antioxidant capacity (TAC), thiol groups, and catalase activity also reduced total oxidant status (TOS) and malondialdehyde (MDA) levels (P<0.05). However, the reduction in AGE and RAGE mRNA expression is not statistically significant in both treatments. Of course, the influence of insulin-loaded trimethyl chitosan nanoparticles on the amelioration of all these parameters is higher compared to that of the injected form. No markedly significant differences were observed between these two kinds of treatments. CONCLUSION: This data reveals that insulin-loaded trimethyl chitosan nanoparticle is a better therapeutic approach than injected insulin.",Iranian journal of basic medical sciences,Advanced glycation end; Antioxidant; Diabetes mellitus; Insulin; Nanoparticles; Oxidant,,Journal Article
30559856,https://pubmed.ncbi.nlm.nih.gov/30559856/,2018,"Predictors of Glucose Control in Children and Adolescents with Type 1 Diabetes: Results of a Cross-Sectional Study in Khartoum, Sudan.","BACKGROUND: Type 1 diabetes mellitus (T1DM) is a rapidly growing problem in Sudan as well as other African countries. Children and adolescents with type 1 diabetes have previously been found to have poor glycemic control. Strict glycemic control reduces the incidence and progression of chronic complications. AIM: This study aimed to identify the factors associated with glycemic control among children and adolescents. METHODS: The study was a health-centre based descriptive cross-sectional study. Data on socioeconomic, demographic, disease history, and diabetes-specific variables was obtained. Glycemic control was assessed by measuring glycosylated haemoglobin (HbA1C). Linear regression analysis was done to determine factors associated with glycemic control. RESULTS: One hundred Sudanese children with T1DM aged from (1-18) years were recruited for the study (63 % females). Most of the study children (80%) had high random blood glucose levels. Less than half (40%) suffered from the presence of glucose in their urine and one-quarter of them have urine ketones. Also, Glycosylated haemoglobin (HbA1c) level of the study children showed that more than three-quarters (76%) had poor glycemic control. It was found that there is no relationship between nutritional status and glycemic control. However, there is a relationship between socioeconomic status and glycemic control (P = 0.025). CONCLUSION: To improve metabolic control, more frequent BGM should be encouraged among children and adolescents with T1DM. Emphasis needs to be put on providing families with children with diabetes with the medical, financial and social support for better control of their diabetes.",Open access Macedonian journal of medical sciences,Adolescents; Children; Diabetes mellitus; Glycemic control; Sudan,,Journal Article
31341996,https://pubmed.ncbi.nlm.nih.gov/31341996/,2019,DMEK outcomes using nondiabetic grafts for recipients with diabetes mellitus.,"PURPOSE: To compare Descemet membrane endothelial keratoplasty (DMEK) outcomes using nondiabetic grafts in diabetic and nondiabetic recipients. METHODS: All eyes that underwent DMEK between February 2013 and October 2016 (follow-up ≥3 months, without prior keratoplasty) were included. Recipients were divided into diabetic (insulin dependent [IDDM] or noninsulin dependent [NIDDM]) and nondiabetic groups. Main outcome measures included postoperative visual acuity, rebubble procedure rates, and graft failure rates. RESULTS: Of 334 eyes (243 subjects) included for analysis, 63 eyes (18.8%) were from diabetic recipients. At each timepoint, best-corrected visual acuity trended lower for IDDM recipients compared to NIDDM and nondiabetic recipients. There were no statistically significant differences in rebubble rates of diabetic compared to nondiabetic recipients (20.6% vs. 12.9%, p = 0.17), or IDDM compared to nondiabetic recipients (27.3% vs. 12.9%, p = 0.08; hazard ratio 2.26). Overall, 13 grafts (3.9%) failed (mean follow-up, 565 days; range, 90-1293 days). Graft failures did not differ between diabetic and nondiabetic recipients (4.0% vs. 4.9%, p = 0.15) regardless of subgroup (p = 0.36). CONCLUSIONS: DMEK provides excellent outcomes for patients with and without diabetes. DMEK outcomes were excellent with improvements in visual acuity and low rates of graft failure. Our findings were unable to determine differences between rebubble procedure rates but do emphasize the need for further research using stratified groups based on diabetes severity.",American journal of ophthalmology case reports,Corneal endothelium; Corneal transplantation; DMEK; Descemet membrane; Diabetes mellitus; Endothelial keratoplasty,,Journal Article
31647793,https://pubmed.ncbi.nlm.nih.gov/31647793/,2019,The cost of diabetes-related hospital care to the Southern District Health Board in 2016/17.,"AIM: To estimate the cost of diabetes-related hospital admissions to the Southern District Health Board for the year 2016/17. METHODS: Unidentified data with an ICD-10-AM diagnostic code for any type of diabetes were obtained for admissions to Dunedin and Southland Hospitals. Each admission was categorised according to whether the diabetes diagnostic code was listed first, second or subsequently, and by diagnostic group within each of these three categories. The case weight for each admission was multiplied by the 2016/17 cost weight value of NZ$4,824.67. RESULTS: There were 6,994 separate hospital admission events. The total cost was NZ$40,986,618. Admissions where diabetes was the primary, secondary or subsequent diagnosis cost NZ$2,214,172, NZ$8,057,235 and NZ$30,697,210, respectively. More than 80% of admissions were for those aged 55 years and over. Ketoacidosis was the most common primary reason for admission (n=103) among those with type 1 diabetes, costing NZ$349,892. When diabetes was not the primary or secondary diagnosis, the most common primary diagnosis was a circulatory system disease, costing NZ$8,181,324. The mean (SD) cost per admission where the primary diagnosis was coronary artery disease with and without diabetes diagnostic codes was NZ$10,407 ($20,694) and NZ$8,657 ($11,347), respectively. CONCLUSIONS: The annual cost of diabetes-related hospital admissions is substantial. Monitoring the cost of diabetes to DHBs should be prioritised, along with implementation of interventions that reduce preventable diabetes-related hospital admissions, and new diabetes cases.",The New Zealand medical journal,,"Adolescent; Adult; Age Distribution; Aged; Aged, 80 and over; Diabetes Mellitus; Female; Hospital Costs; Hospitalization; Humans; Male; Middle Aged; New Zealand; Sex Distribution; Young Adult","Journal Article; Multicenter Study; Research Support, Non-U.S. Gov't"
31897404,https://pubmed.ncbi.nlm.nih.gov/31897404/,2019,Evaluation of Diabetes Effects on the Expression of Leukemia Inhibitory Factor and Vascular Endothelial Growth Factor A Genes and Proteins at the Time of Endometrial Receptivity after Superovulation in Rat Model.,"BACKGROUND: Diabetes, a major metabolic disorder, seems to affect the fertility rates of women in various ways. Due to the uncertainty of the effects of diabetes along with superovulation treatment on the infertility, we investigate the effects of ovulation induction treatment as therapeutic approach on the expression of leukemia inhibitory factor (LIF) and vascular endothelial growth factor A (VEGFA) as two main factors which are involved in the implantation in the streptozotocin (STZ)-induced type 1 diabetic rats. MATERIALS AND METHODS: Type 1 diabetes was induced by injections of STZ in Wistar rats. The animals were kept in diabetic conditions for 4 weeks, while some were treated with insulin for treatment. After treatment, the ovulation was induced by human menopausal gonadotropin (hMG) and human chorionic gonadotropin (hCG). The rats were then sacrificed and the expression of LIF and VEGFA was checked by immunohistochemistry staining method, and the relative expression of LIF and VEGFA was measured by quantitative reverse transcription polymerase chain reaction (RT-PCR) and Western blotting methods. RESULTS: It was observed that diabetes and insulin treatment for diabetes altered the expression of Lif and VEGFA in both mRNA and protein levels. However, superovulation treatment seems to ameliorate this alternation for both factors. CONCLUSION: According to our results, diabetes and insulin therapy could alter the expression of Lif and VEGFA genes and proteins that are effective in endometrial receptivity and implantation process. It seems in diabetic cases, the effect of hCG and hMG therapy by itself could regulate the level of expression and presence of these two genes and proteins.",Advanced biomedical research,Embryo implantation; insulin; leukemia inhibitory factor; superovulation; vascular endothelial growth factor A,,Journal Article
32894319,https://pubmed.ncbi.nlm.nih.gov/32894319/,2020,CNS control of the endocrine pancreas.,"Increasing evidence suggests that, although pancreatic islets can function autonomously to detect and respond to changes in the circulating glucose level, the brain cooperates with the islet to maintain glycaemic control. Here, we review the role of the central and autonomic nervous systems in the control of the endocrine pancreas, including mechanisms whereby the brain senses circulating blood glucose levels. We also examine whether dysfunction in these systems might contribute to complications of type 1 diabetes and the pathogenesis of type 2 diabetes. Graphical abstract.",Diabetologia,Autonomic nervous system; Brain; Diabetes; Glucagon; Glucose; Insulin; Islet; Pancreas; Review,"Animals; Autonomic Nervous System; Blood Glucose; Central Nervous System; Diabetes Mellitus, Type 2; Glucagon; Humans; Insulin; Insulin Secretion; Islets of Langerhans; Sensory Receptor Cells","Journal Article; Research Support, N.I.H., Extramural; Research Support, Non-U.S. Gov't; Review"
33106214,https://pubmed.ncbi.nlm.nih.gov/33106214/,2020,Silymarin Attenuates Hepatic and Pancreatic Redox Imbalance Independent of Glycemic Regulation in the Alloxan-induced Diabetic Rat Model.,"OBJECTIVE: To evaluate the efficiency of silymarin (SMN) in modulating metabolic parameters and redox status in rats with type 1 diabetes mellitus (T1DM). METHODS: Diabetes was induced by intraperitoneal injection of alloxan. The diabetic rats were administered with SMN at doses of 50 and 100 mg/kg body weight/d for 30 consecutive days. The rats were divided into the following four groups: vehicle control, diabetic (alloxan-treated), DS50 (alloxan + 50 mg/kg body weight/d of SMN), and DS100 (alloxan + 100 mg/kg body weight/d of SMN) groups. The bodyweight and food and water intake were evaluated. After 30 d, the animals were euthanized and the blood was collected for measuring the serum levels of glucose, triacylglycerol (TAG), urea, and creatinine. The liver and pancreas were collected for measuring the activities of superoxide dismutase (SOD) and catalase (CAT), and the levels of carbonylated protein (PC). The pancreas sample was also used for histological analysis. RESULTS: SMN reduced hepatic ( P < 0.001) and pancreatic ( P < 0.001) protein damage and creatinine levels ( P = 0.0141) in addition to decreasing food ( P < 0.001) and water intake ( P < 0.001). However, treatment with SMN did not improve beta-cell function or decrease blood glucose levels in diabetic rats. CONCLUSION: SMN improved polyphagia and polydipsia, renal function, and protected the liver and pancreas against protein damage without affecting hyperglycemia in diabetic animals.",Biomedical and environmental sciences : BES,Oxidative stress; Silybum marianum; Silymarin; Type 1 diabetes,"Alloxan; Animals; Antioxidants; Diabetes Mellitus, Experimental; Diabetes Mellitus, Type 1; Liver; Oxidation-Reduction; Pancreas; Protective Agents; Silymarin",Journal Article
33193091,https://pubmed.ncbi.nlm.nih.gov/33193091/,2020,Increased Plasma Soluble Interleukin-2 Receptor Alpha Levels in Patients With Long-Term Type 1 Diabetes With Vascular Complications Associated With IL2RA and PTPN2 Gene Polymorphisms.,"Type 1 diabetes (T1D) is largely considered an autoimmune disease leading to the destruction of insulin-producing pancreatic β cells. Further, patients with T1D have 3-4-fold increased risk of developing micro- and macrovascular complications. However, the contribution of immune-related factors contributing to these diabetes complications are poorly understood. Individuals with long-term T1D who do not progress to vascular complications offer a great potential to evaluate end-organ protection. The aim of the present study was to investigate the association of inflammatory protein levels with vascular complications (retinopathy, nephropathy, cardiovascular disease) in individuals with long-term T1D compared to individuals who rapidly progressed to complications. We studied a panel of inflammatory markers in plasma of patients with long-term T1D with (n = 81 and 26) and without (n = 313 and 25) vascular complications from two cross-sectional Scandinavian cohorts (PROLONG and DIALONG) using Luminex technology. A subset of PROLONG individuals (n = 61) was screened for circulating immune cells using multicolor flow cytometry. We found that elevated plasma levels of soluble interleukin-2 receptor alpha (sIL-2R) were positively associated with the complication phenotype. Risk carriers of polymorphisms in the IL2RA and PTPN2 gene region had elevated plasma levels of sIL-2R. In addition, cell surface marker analysis revealed a shift from naïve to effector T cells in T1D individuals with vascular complications as compared to those without. In contrast, no difference between the groups was observed either in IL-2R cell surface expression or in regulatory T cell population size. In conclusion, our data indicates that IL2RA and PTPN2 gene variants might increase the risk of developing vascular complications in people with T1D, by affecting sIL-2R plasma levels and potentially lowering T cell responsiveness. Thus, elevated sIL-2R plasma levels may serve as a biomarker in monitoring the risk for developing diabetic complications and thereby improve patient care.",Frontiers in endocrinology,Cluster of Differentiation 25 (CD25); cardiovascular disease; diabetes complications; nephropathy; regulatory T cells; retinopathy; sIL-2R,"Case-Control Studies; Cross-Sectional Studies; Diabetes Mellitus, Type 1; Diabetic Angiopathies; Female; Humans; Interleukin-2 Receptor alpha Subunit; Male; Middle Aged; Polymorphism, Single Nucleotide; Prognosis; Protein Tyrosine Phosphatase, Non-Receptor Type 2","Journal Article; Research Support, Non-U.S. Gov't"
33218288,https://pubmed.ncbi.nlm.nih.gov/33218288/,2021,Stem Cell-Derived Insulin-Producing Cells in 3D Engineered Tissue in a Perfusion Flow Bioreactor.,"To circumvent the lack of donor pancreas, insulin-producing cells (IPCs) derived from pluripotent stem cells emerged as a viable cell source for the treatment of type 1 diabetes. While it has been shown that IPCs can be derived from pluripotent stem cells using various protocols, the long-term viability and functional stability of IPCs in vitro remains a challenge. Thus, the principles of three-dimensional (3D) tissue engineering and a perfusion flow bioreactor were used in this study to establish 3D microenvironment suitable for long-term in vitro culture of IPCs-derived from mouse embryonic stem cells. It was observed that in static 3D culture of IPCs, the viability decreased gradually with longer time in culture. However, when a low flow (0.02 mL/min) was continuously applied to 3D IPC containing tissues, enhanced survival and function of IPCs were demonstrated. IPCs cultured under low flow exhibited a significantly enhanced glucose responsiveness and upregulation of Ins1 compared to that of static culture. In summary, this study demonstrates the feasibility and benefits of 3D engineered tissue environment combined with perfusion flow in vitro for culturing stem cell-derived IPCs. Impact statement This in vitro three-dimensional tissue system combined with the flow can be used to better understand the role of biophysical cues that facilitates improved function and maturation of stem cell-derived insulin-producing cells, which can ultimately advance the field of pancreatic tissue engineering as well as in diabetes treatment.",Tissue engineering. Part A,3D engineered tissue; collagen; embryonic stem cells; flow bioreactor; insulin-producing cells,Animals; Bioreactors; Cell Differentiation; Insulin; Insulin-Secreting Cells; Mice; Perfusion; Pluripotent Stem Cells,"Journal Article; Research Support, Non-U.S. Gov't"
34664359,https://pubmed.ncbi.nlm.nih.gov/34664359/,2022,Thoughts and attitudes toward disasters among Japanese patients with type 1 diabetes: A qualitative descriptive study.,"AIM: The purpose of this study was to clarify the thoughts and attitudes of patients with type 1 diabetes during disasters. METHODS: We conducted a qualitative descriptive study. The participants were 10 adult patients with type 1 diabetes who were selected through purposeful sampling. None of them had experienced a disaster. Data were collected through semi-structured interviews. Thematic analysis was used to analyze the data. RESULTS: Type 1 diabetes patients described a variety of thoughts and attitudes regarding disaster and preparedness. Based on their experiences, 528 codes were extracted. The codes were categorized based on their patterns and similarities. Then, 11 sub-themes and three main themes were identified. The three main themes were (a) ""being unprepared since one could not relate to disasters""; (b) ""managing well with insulin and food""; and (c) ""hiding the fact that one has diabetes."" CONCLUSIONS: This study identified three important characteristics of the thoughts and attitudes of patients with type 1 diabetes toward disasters. These provide perspectives for education in pre-disaster preparation and support when disasters occur. Patients with type 1 diabetes are aware of the importance of insulin, food adjustment, and self-management on a daily basis. Therefore, it is necessary to educate them so that they can apply their knowledge in times of disaster. In addition, healthcare providers who provide support in times of disaster need to be aware that there are victims who cannot talk readily about their illness.",Japan journal of nursing science : JJNS,disaster medicine; natural disasters; qualitative research; type 1 diabetes mellitus,"Adult; Attitude; Diabetes Mellitus, Type 1; Disaster Planning; Disasters; Humans; Japan; Qualitative Research",Journal Article
34866778,https://pubmed.ncbi.nlm.nih.gov/34866778/,2021,Exploring the Burden of Mealtime Insulin Dosing in Adults and Children With Type 1 Diabetes.,"Timely and accurate mealtime insulin dosing can be an ongoing challenge for people with type 1 diabetes. This multinational, online study aimed to explore attitudes and behaviors around mealtime insulin dosing and the impact of mealtime dose timing, particularly with regard to premeal dosing (15-20 minutes before a meal). Although the majority of surveyed participants (96%) recognized the importance of accurate mealtime bolus insulin dosing, only a small proportion (35%) reported being ""very confident"" in accurate bolus insulin estimation. Given the choice, the majority of participants would prefer to administer insulin immediately before or after a meal, as this timing would improve their quality of life.",Clinical diabetes : a publication of the American Diabetes Association,,,Journal Article
35237540,https://pubmed.ncbi.nlm.nih.gov/35237540/,2022,Alarming Increase of Ketoacidosis Prevalence at Type 1 Diabetes-Onset in Austria-Results From a Nationwide Registry.,"OBJECTIVE: We analyzed the annual prevalence of onset-DKA (diabetic ketoacidosis) from 2012 to 2020 with a sub-analysis for lockdown-periods during the COVID-19 pandemic in 2020. DESIGN: All newly diagnosed children with type 1 diabetes (T1D) aged <15 years are prospectively registered in the population-based Austrian Diabetes Incidence Study in Austria. MAIN OUTCOME MEASURES: The annual DKA prevalence was analyzed using Joinpoint regression. Definition of DKA: pH <7.3, mild DKA: pH 7.3 to ≤ 7.1, severe DKA: pH <7.1. DKA prevalence during the lockdown periods in 2020 and the corresponding periods in 2015-2019 were examined using Fisher's exact test. RESULTS: In the years 2012-2020 the mean prevalence for onset-DKA in Austria was 43.6% [95%CI (confidence interval): 41.6, 45.7] and thus above the mean prevalence of previous decades (1989-2011) of 37,1 % (95%CI: 35.6, 38.6). A particularly high prevalence was found among children <2 years of age (72.0% DKA, 32.8% severe DKA). No significant gender difference was found. Prevalence of severe DKA at T1D-onset increased significantly since 2015 (p = 0.023). During the lockdown in 2020, 59.3% of children were diagnosed with DKA at T1D-onset, compared to 42.1% during the previous 5 years (p = 0.022). Moreover, 20% of children had severe DKA at T1D diagnosis, compared to 14% during the comparison period. CONCLUSIONS: The previously already high prevalence of DKA at T1D-onset has further increased over time. The COVID-19 pandemic has exacerbated the problem of a late or delayed diagnosis of diabetes in children resulting in onset-DKA. The alarmingly increased prevalence of DKA in Austrian children with T1D calls for urgent action.",Frontiers in pediatrics,COVID-19; diabetes; general pediatrics; ketoacidosis; population-based registry,,Journal Article
35276099,https://pubmed.ncbi.nlm.nih.gov/35276099/,2022,Teleconsultation for pediatric patients with type 1 diabetes mellitus during the COVID-19 pandemic: experience of a university hospital in Brazil.,"OBJECTIVE: Evaluate the impact of teleconsultation on glycemic control and prevention of acute complications related to diabetes mellitus in children and adolescents treated in a reference hospital during the COVID-19 pandemic in 2020. METHOD: Descriptive study of data from pediatric diabetic patients who received teleconsultation between April and September 2020. RESULTS: During this period, 143 diabetic patients were evaluated, with a median of 3.4 teleconsultations per patient in the studied period, requiring adjustment of insulin doses in 84.6% of cases. The hospital admission rate was 8,4% due to diabetic decompensation. The metabolic control (HbA1c) became worse in 46% of the sample and improved in 37%. CONCLUSION: The teleconsultation promoted health care for patients with diabetes mellitus during the COVID-19 pandemic but was not able to guarantee adequate glycemic control.",Jornal de pediatria,COVID-19; Diabetes; Teleconsultation,"Adolescent; Humans; Child; Remote Consultation; COVID-19; Diabetes Mellitus, Type 1; Pandemics; Brazil; Hospitals",Journal Article
35469785,https://pubmed.ncbi.nlm.nih.gov/35469785/,2022,WFS1-Associated Optic Neuropathy: Genotype-Phenotype Correlations and Disease Progression.,"OBJECTIVE: To evaluate the pattern of vision loss and genotype-phenotype correlations in WFS1-associated optic neuropathy (WON). DESIGN: Multicenter cohort study. METHODS: The study involved 37 patients with WON carrying pathogenic or candidate pathogenic WFS1 variants. Genetic and clinical data were retrieved from the medical records. Thirteen patients underwent additional comprehensive ophthalmologic assessment. Deep phenotyping involved visual electrophysiology and advanced psychophysical testing with a complementary metabolomic study. MAIN OUTCOME MEASURES: WFS1 variants, functional and structural optic nerve and retinal parameters, and metabolomic profile. RESULTS: Twenty-two recessive and 5 dominant WFS1 variants were identified. Four variants were novel. All WFS1 variants caused loss of macular retinal ganglion cells (RGCs) as assessed by optical coherence tomography (OCT) and visual electrophysiology. Advanced psychophysical testing indicated involvement of the major RGC subpopulations. Modeling of vision loss showed an accelerated rate of deterioration with increasing age. Dominant WFS1 variants were associated with abnormal reflectivity of the outer plexiform layer (OPL) on OCT imaging. The dominant variants tended to cause less severe vision loss compared with recessive WFS1 variants, which resulted in more variable phenotypes ranging from isolated WON to severe multisystem disease depending on the WFS1 alleles. The metabolomic profile included markers seen in other neurodegenerative diseases and type 1 diabetes mellitus. CONCLUSIONS: WFS1 variants result in heterogenous phenotypes influenced by the mode of inheritance and the disease-causing alleles. Biallelic WFS1 variants cause more variable, but generally more severe, vision and RGC loss compared with heterozygous variants. Abnormal cleftlike lamination of the OPL is a distinctive OCT feature that strongly points toward dominant WON.",American journal of ophthalmology,,"Cohort Studies; Disease Progression; Genetic Association Studies; Humans; Membrane Proteins; Optic Nerve; Optic Nerve Diseases; Tomography, Optical Coherence",Journal Article; Multicenter Study
37908349,https://pubmed.ncbi.nlm.nih.gov/37908349/,2023,Single-cell RNAseq identifies clonally expanded antigen-specific T-cells following intradermal injection of gold nanoparticles loaded with diabetes autoantigen in humans.,"Gold nanoparticles (GNPs) have been used in the development of novel therapies as a way of delivery of both stimulatory and tolerogenic peptide cargoes. Here we report that intradermal injection of GNPs loaded with the proinsulin peptide C19-A3, in patients with type 1 diabetes, results in recruitment and retention of immune cells in the skin. These include large numbers of clonally expanded T-cells sharing the same paired T-cell receptors (TCRs) with activated phenotypes, half of which, when the TCRs were re-expressed in a cell-based system, were confirmed to be specific for either GNP or proinsulin. All the identified gold-specific clones were CD8+, whilst proinsulin-specific clones were both CD8+ and CD4+. Proinsulin-specific CD8+ clones had a distinctive cytotoxic phenotype with overexpression of granulysin (GNLY) and KIR receptors. Clonally expanded antigen-specific T cells remained in situ for months to years, with a spectrum of tissue resident memory and effector memory phenotypes. As the T-cell response is divided between targeting the gold core and the antigenic cargo, this offers a route to improving resident memory T-cells formation in response to vaccines. In addition, our scRNAseq data indicate that focusing on clonally expanded skin infiltrating T-cells recruited to intradermally injected antigen is a highly efficient method to enrich and identify antigen-specific cells. This approach has the potential to be used to monitor the intradermal delivery of antigens and nanoparticles for immune modulation in humans.",Frontiers in immunology,immunomodulation; nanoparticles; proinsulin peptide; scRNAseq; type 1 diabetes,"Humans; Autoantigens; Proinsulin; Gold; Injections, Intradermal; Single-Cell Gene Expression Analysis; Metal Nanoparticles; Diabetes Mellitus, Type 1; Peptides; Receptors, Antigen, T-Cell","Journal Article; Research Support, Non-U.S. Gov't"
38030458,https://pubmed.ncbi.nlm.nih.gov/38030458/,2024,Impact of the -1T>C single-nucleotide polymorphism of the CD40 gene on the development of endothelial dysfunction in a pro-diabetic microenvironment.,"BACKGROUND AND AIMS: Hyperglycemia reinforces pro-inflammatory conditions that enhance CD40 expression in endothelial cells (EC). Thymine to cytosine transition (-1T > C) in the promoter of the CD40 gene (rs1883832) further increases the abundance of CD40 protein on the EC surface. This study examines potential associations of the -1T > C SNP of the CD40 gene with type 1 (T1D) or type 2 (T2D) diabetes. Moreover, it investigates the impact of a pro-inflammatory diabetic microenvironment on gene expression in human cultured umbilical vein EC (HUVEC) derived from CC- vs. TT-genotype donors. METHODS: Tetra-ARMS-PCR was used to compare genotype distribution in 252 patients with diabetes. Soluble CD40 ligand (sCD40L) and soluble CD40 receptor (sCD40) plasma levels were monitored using ELISA. RNA-sequencing was performed with sCD40L-stimulated CC- and TT-genotype HUVEC. Quantitative PCR, Western blot, multiplex-sandwich ELISA array, and immunocytochemistry were used to analyse changes in gene expression in these cells. RESULTS: Homozygosity for the C-allele was associated with a significant 4.3-fold higher odds of developing T2D as compared to individuals homozygous for the T-allele. Inflammation and endothelial-to-mesenchymal transition (EndMT) driving genes were upregulated in CC-genotype but downregulated in TT-genotype HUVEC when exposed to sCD40L. Expression of EndMT markers significantly increased while that of endothelial markers decreased in HUVEC following exposure to hyperglycemia, tumour necrosis factor-α and sCD40L. CONCLUSIONS: The -1T > C SNP of the CD40 gene is a risk factor for T2D. Depending on the genotype, it differentially affects gene expression in human cultured EC. CC-genotype HUVEC adopt a pro-inflammatory and intermediate EndMT-like phenotype in a pro-diabetic microenvironment.",Atherosclerosis,CD40; Endothelial cells; Endothelial-to-mesenchymal transition; Single nucleotide polymorphism,"Humans; CD40 Antigens; Polymorphism, Single Nucleotide; Human Umbilical Vein Endothelial Cells; Female; Male; Diabetes Mellitus, Type 2; Middle Aged; Diabetes Mellitus, Type 1; Cells, Cultured; CD40 Ligand; Adult; Genetic Predisposition to Disease; Cellular Microenvironment; Phenotype; Risk Factors; Homozygote; Aged; Promoter Regions, Genetic","Journal Article; Research Support, Non-U.S. Gov't"
39863288,https://pubmed.ncbi.nlm.nih.gov/39863288/,2025,"Ethnic disparities in HbA1c and hypoglycemia among youth with type 1 diabetes: beyond access to technology, social deprivation and mean blood glucose.","INTRODUCTION: The UK national pediatric diabetes audit reports higher HbA1c for children and young people (CYP) with type 1 diabetes (T1D) of Black ethnicity compared with White counterparts. This is presumably related to higher mean blood glucose (MBG) due to lower socioeconomic status (SES) and less access to technology. We aimed to determine if HbA1c ethnic disparity persists after accounting for the above variables. RESEARCH DESIGN AND METHODS: A retrospective analysis of participants who received structured education in continuous glucose monitoring (CGM) use was conducted at a tertiary center. HbA1c was paired with glucose metrics from 90-day CGM data. The influence of ethnicity, SES determined by Index of Multiple Deprivation (IMD), MBG and other covariates on HbA1c was evaluated using multiple variable regression analysis. Occurrence of hypoglycemia was evaluated. RESULTS: A total of 168 (79 White, 61 South Asian, 28 Black) CYP with T1D were included. There were no differences between groups for age, MBG, time in range (3.9-10.0 mmol/L), diabetes duration, gender, insulin delivery method (multiple daily injections vs continuous subcutaneous insulin infusion), or percent sensor use (PSU). In multiple variable analysis, MBG (p<0.0001), ethnicity (p<0.0001), age (p<0.001), duration of diabetes (p<0.01) and PSU (p<0.05) accounted for 81% of the variability in HbA1c. Adjusted HbA1c in the Black group (67 mmol/mol) was higher than both South Asian (63 mmol/mol) and White groups (62 mmol/mol) (p<0.001). Despite significant IMD differences between groups, it did not influence HbA1c. Multiple variable analysis showed that the Black group experienced more hypoglycemia than South Asian and White groups (<3.9 and <3.0 mmol/L, p<0.05). CONCLUSIONS: CYP from Black ethnic backgrounds have a higher HbA1c compared with their South Asian and White counterparts which is clinically significant and independent of MBG, potentially contributing to increased complications risk. Additionally, the Black group experienced a higher incidence of hypoglycemia, possibly due to a treat-to-HbA1c target approach.",BMJ open diabetes research & care,"CGM; Diabetes Mellitus, Type 1; Insulin Pump","Adolescent; Child; Female; Humans; Male; Biomarkers; Blood Glucose; Blood Glucose Self-Monitoring; Diabetes Mellitus, Type 1; Ethnicity; Follow-Up Studies; Glycated Hemoglobin; Health Status Disparities; Healthcare Disparities; Hypoglycemia; Prognosis; Retrospective Studies; Social Deprivation",Journal Article; Observational Study
40004613,https://pubmed.ncbi.nlm.nih.gov/40004613/,2025,Retinal Vascular Density and Thickness in Long-Term Type 1 Diabetes Without Visible Vascular Signs of Retinopathy.,"Background: This research seeks to evaluate alterations in blood flow and structural features within the superficial (SCP) and deep (DCP) retinal capillary plexuses, as well as the choriocapillaris (CC), in patients with type 1 diabetes (DM1) who have no diabetic retinopathy (DR) over a period of 4 years. Additionally, the study examines changes in total and inner retinal thickness. Methods: A prospective, longitudinal analysis was conducted using optical coherence tomography (OCT) and OCT angiography (OCTA), involving 25 eyes from 25 DM1 patients with a disease duration of over 15 years. Results: A significant rise in vascular density (VD) was observed in the SCP, with no changes in foveal avascular zone (FAZ) metrics. Minimal changes were noted in the DCP and CC. Morphological abnormalities were frequent, but few changes were noted over time. No major differences were found in overall retinal thickness or inner retinal layers. There was a negative correlation between disease duration and VD in the temporal area of the SCP, as well as between disease duration and GCL++ parafoveal thickness (from the inner limiting membrane (ILM) to the outer limit of the inner plexiform layer (IPL)), along with a reduction in GCL++ perifoveal thickness. Conclusions: In DM1 patients without DR, the SCP VD tends to increase over 4 years, with no notable changes in retinal thickness.",Journal of clinical medicine,diabetes mellitus; diabetic retinopathy; foveal avascular zone; optical coherence tomography angiography; retinal vascularization,,Journal Article
40171722,https://pubmed.ncbi.nlm.nih.gov/40171722/,2025,"Reduction of Postprandial Glucose Excursions in Adults, Adolescents, and Children with Type 1 Diabetes Using Ultra-Rapid Lispro Insulin and Control-IQ+ Technology.","This study evaluated the effects of ultra-rapid lispro (URLi) insulin versus insulin lispro on postprandial glucose excursions in 176 individuals with type 1 diabetes using Control-IQ+ technology. Postprandial glycemia differed the most between URLi and lispro at 60 min (mean glucose 166 ± 69 mg/dL vs. 178 ± 70 mg/dL; adjusted mean difference [AMD] = -11 mg/dL; P < 0.001). The URLi had slightly lower mean glucose excursion compared with lispro (AMD = -4 mg/dL; P = 0.001), but the differences between treatments were larger following breakfast (AMD = -9 mg/dL) compared with lunch (AMD = -2 mg/dL) and dinner (AMD = -2 mg/dL). Participants with insulin-to-carbohydrate ratio (ICR) <5 g/U had a larger treatment group difference favoring URLi on mean glucose excursion (AMD = -11 mg/dL) compared with those with ICR 5-15 g/U (AMD = -2 mg/dL) and ICR >15 g/U (AMD = 1 mg/dL). In conclusion, compared with insulin lispro, the use of URLi with Control-IQ+ technology modestly improved postprandial glucose excursions with the greatest amount of improvement for breakfast and in those with insulin resistance.",Diabetes technology & therapeutics,area under the curve; automated insulin delivery; continuous glucose monitoring; hyperglycemia; postmeal glucose,"Adolescent; Adult; Child; Female; Humans; Male; Middle Aged; Young Adult; Blood Glucose; Diabetes Mellitus, Type 1; Glycated Hemoglobin; Hypoglycemic Agents; Insulin Lispro; Postprandial Period","Journal Article; Multicenter Study; Research Support, Non-U.S. Gov't"
40553206,https://pubmed.ncbi.nlm.nih.gov/40553206/,2025,From Prediction to Prevention: The Intricacies of Islet Autoantibodies in Type 1 Diabetes.,"PURPOSE OF REVIEW: This review synthesizes current knowledge on islet autoantibodies (IAs) as predictive biomarkers for type 1 diabetes (T1D), focusing on their role in disease staging, autoantibody patterns, advancements in screening methodologies, and the implications of implementing population-wide screening initiatives. RECENT FINDINGS: Autoantibody profiling has refined T1D risk stratification, with progression rates influenced by IA characteristics including number, type, order of appearance, and affinity. While screening efforts initially targeted genetically at-risk groups, approximately 90% of new TID diagnoses occur in individuals without a family history, underscoring the need for broader population-based screening. The approval of teplizumab, a therapy shown to delay clinical T1D onset, represents a paradigm shift by providing an intervention following early identification through screening. Technological advancements have further optimized IA detection and therapeutic strategies. However, challenges such as cost-effectiveness, implementation logistics, and assay standardization remain. T1D is a chronic autoimmune disorder characterized by progressive pancreatic beta-cell destruction, leading to insulin deficiency. The natural history of T1D is typically marked by the appearance of IAs long before clinical symptoms emerge, providing a window for early detection and intervention. Identifying at-risk individuals during this asymptomatic phase can reduce disease severity at clinical onset and facilitate timely application of disease-modifying therapies like teplizumab. Emerging evidence emphasizes that IA characteristics collectively shape disease risk and progression. Advancements in screening technologies and therapies continue to support the integration of IA screening into clinical care, marking a significant step toward effective T1D prevention and management.",Current diabetes reports,Autoantibodies; Screening; Type 1 diabetes,"Humans; Diabetes Mellitus, Type 1; Autoantibodies; Islets of Langerhans; Biomarkers",Journal Article; Review
40576745,https://pubmed.ncbi.nlm.nih.gov/40576745/,2025,Intact glycoconjugates from Taenia crassiceps excreted/secreted products ameliorate chemically induced colitis by modulating inflammation and strengthening adherens junctions.,"BACKGROUND: Ulcerative colitis (UC) is a chronic inflammatory disease that is increasing in prevalence worldwide. Notably, helminth infections, known for their immunoregulatory properties, are inversely related to inflammatory conditions such as UC. Research has indicated that Taenia crassiceps infection can improve inflammatory-mediated diseases, including type 1 diabetes, experimental autoimmune encephalomyelitis, and colitis. Subsequent studies revealed that helminth-derived products can replicate the effects of complete infection in the context of inflammatory diseases; however, the mechanisms underlying these effects remain unclear. This study examined the impact of intact glycans from T. crassiceps excreted/secreted products (TcES) on host responses to dextran sodium sulfate (DSS)-induced colitis. METHODS: UC was induced by administering 4% DSS in the drinking water for 9 days. The mice were treated with intact TcES, glycan-depleted TcES, or protein-depleted TcES 2 days after colitis induction. Symptoms of the disease, along with immunologic and histopathological evaluations, were performed. RESULTS: Colitic mice that received intact TcES presented fewer disease symptoms and less histopathological damage. Intact TcES reduced the proinflammatory response while increasing the production of IL-4, IL-22, IL-31, and MCP-1 and promoting M2 macrophage polarization via PD-L2 expression. Furthermore, intact TcES diminished neutrophil infiltration, inhibited NF-κB and p38 phosphorylation in the colon, and suppressed reactive oxygen species and 3-nitrotyrosine levels, thus protecting the colon. These effects were accompanied by increased expression of E-cadherin and β-catenin, indicating improved epithelial barrier integrity. Conversely, mice treated with glycan-depleted or protein-depleted TcES exhibited exacerbated colitis characterized by disruption of colon tissue architecture, extensive inflammation, and epithelial damage, including loss of E-cadherin and β-catenin and a lack of M2 macrophage polarization. CONCLUSIONS: Glycoconjugates on TcES play a significant role in mediating the immunomodulatory effects that alleviate DSS-induced colitis.",Inflammopharmacology,Adherens junction; Carbohydrates; Colitis; Epithelial barrier; Glycans; Helminths; M2 macrophages,"Animals; Mice; Taenia; Dextran Sulfate; Inflammation; Glycoconjugates; Mice, Inbred C57BL; Colitis, Ulcerative; Colitis; Disease Models, Animal; Macrophages; Female; Cytokines; Colon",Journal Article
40977343,https://pubmed.ncbi.nlm.nih.gov/40977343/,2025,GlucoNet-MM: A multimodal attention-based multi-task learning framework with decision transformer for personalised and explainable blood glucose forecasting.,"AIMS: Accurate and personalized blood glucose prediction is critical for proactive diabetes management. Conventional machine learning (ML) models often struggle to generalize across patients due to individual variability, nonlinear glycemic dynamics, and sparse multimodal input data. This study aims to develop an advanced, interpretable deep learning (DL) framework for patient-specific, policy-aware blood glucose forecasting. MATERIALS AND METHODS: We propose GlucoNet-MM, a novel multimodal DL framework that combines attention-based multi-task learning (MTL) with a Decision Transformer (DT), a reinforcement learning paradigm that frames policy learning as sequence modeling. The model integrates heterogeneous physiological and behavioral data, continuous glucose monitoring (CGM), insulin dosage, carbohydrate intake, and physical activity, to capture complex temporal dependencies. The MTL backbone learns shared representations across multiple prediction horizons, while the DT module conditions future glucose predictions on desired glycemic outcomes. Temporal attention visualizations and integrated gradient-based attribution methods are used to provide interpretability, and Monte Carlo dropout is employed for uncertainty quantification. RESULTS: GlucoNet-MM was evaluated on two publicly available datasets, BrisT1D and OhioT1DM. The model achieved R2 scores of 0.94 and 0.96 and mean absolute error (MAE) values of 0.031 and 0.027, respectively. These results outperform single-modality and conventional non-adaptive baseline models, demonstrating superior predictive accuracy and generalizability. CONCLUSION: GlucoNet-MM represents a promising step toward intelligent, personalized clinical decision support for diabetes care. Its multimodal design, policy-aware forecasting, and interpretability features enhance both prediction accuracy and clinical trust, enabling proactive glycemic management tailored to individual patient needs.","Diabetes, obesity & metabolism",blood glucose forecasting; decision transformer; explainable artificial intelligence; multimodal deep learning; multi‐task learning,"Humans; Blood Glucose; Blood Glucose Self-Monitoring; Forecasting; Precision Medicine; Machine Learning; Deep Learning; Attention; Diabetes Mellitus; Diabetes Mellitus, Type 1; Diabetes Mellitus, Type 2",Journal Article
41264350,https://pubmed.ncbi.nlm.nih.gov/41264350/,2026,Mitigation Strategies for a Missed Meal Bolus in People with Type 1 Diabetes Using the Minimed™ 780G System.,"BACKGROUND: Postprandial glucose control remains a challenge in people with type 1 diabetes (T1D), even when using advanced hybrid closed-loop systems (AHCL) such as the MiniMed™ 780G (MM780G) system. Missed mealtime boluses are common and can significantly impair glycemic outcomes. This study aimed to evaluate a corrective postprandial bolus strategy for missed meal boluses using the MM780G system. METHODS: In a prospective, open-label, real-world study, 32 adults with T1D using the MM780G system completed three meal scenarios with standardized meals (∼60 g carbohydrates). The strategies were: (E1) premeal bolus (control), (E2) no bolus (relying on system automation), and (E3) delayed bolus (bolus covering 50% of carbohydrate content, 60 min postmeal). Each participant completed all strategies under remote supervision. Primary outcome was 4-h postprandial time in range (TIR, 70-180 mg/dL); secondary outcomes included time in tight range (TITR, 70-140 mg/dL), time above/below range, and adverse events. RESULTS: Premeal bolus (E1) achieved the highest TIR (85.5% ± 18.8%), significantly outperforming both E2 (52.3% ± 25.3%) and E3 (63.5% ± 24.0%, P < 0.001). E3 also showed significant improvement over E2 (P < 0.001). TITR followed a similar pattern. Time between 54 and 70 mg/dL was slightly higher for E1 but remained within consensus goals. No significant differences in hypoglycemia (<54 mg/dL) were observed across strategies. Delayed bolus (E3) lowered time above 250 mg/dL compared with E2. No severe hypoglycemia or ketoacidosis occurred. CONCLUSION: Premeal bolusing yields optimal postprandial glycemic control with the MM780G. However, when a meal bolus is missed, administering a corrective bolus of 50% carbohydrate content 1 h postmeal significantly improves TIR and TITR without increasing hypoglycemia risk. If correction is not performed, the MM780G system can provide a reasonable partial compensation via autobasal and auto-correction.",Diabetes technology & therapeutics,automated insulin delivery; insulin infusion systems; insulin/therapeutic use; type 1 diabetes,"Humans; Diabetes Mellitus, Type 1; Adult; Female; Male; Postprandial Period; Blood Glucose; Meals; Prospective Studies; Insulin; Hypoglycemic Agents; Insulin Infusion Systems; Middle Aged; Hypoglycemia; Young Adult; Glycemic Control; Blood Glucose Self-Monitoring",Journal Article
41283907,https://pubmed.ncbi.nlm.nih.gov/41283907/,2026,Red cell distribution width positively correlates with 10-year risk of cardiovascular disease among people with type 1 diabetes as assessed by the Steno Type 1 Risk Engine.,"INTRODUCTION: We evaluated the association between Red Cell Distribution Width (RDW) and predicted 10-year cardiovascular disease (CVD) risk, as estimated by the Steno Type 1 Risk Engine (ST1RE), in individuals with type 1 diabetes (T1D). METHODS: We conducted a retrospective analysis of 342 adults with T1D duration > 5 years, (163 women, 179 men) from a tertiary Diabetes Center electronic database. Participants were stratified into tertiles of RDW: Group 1 (G1: < 12.6), Group 2 (G2: 12.6-13.2), and Group 3 (G3: >13.2). RESULTS: Higher RDW was associated with older age and longer diabetes duration. The prevalence of microvascular complications did not differ across RDW tertiles. Predicted 10-year CVD risk (ST1RE 10Y) increased with higher RDW: median (IQR) 4.5 (3.2-6.1) in G1, 4.5 (2.9-7.2) in G2, and 6.2 (3.5-12.0) in G3 (p < 0.01). In multiple linear regression, RDW was positively associated with ST1RE 10Y, (β = 1.13;95% CI, 0.57-1.70; p < 0.01; R2 = 0.36). In multivariable logistic regression, RDW was independently associated with moderate/high versus low ST1RE 10Y risk (OR = 1.87;95%CI, 1.28-2.75; p = 0.001). Models were adjusted for presence of hypertension, dyslipidemia, diabetic kidney disease, BMI value and hsCRP concentration. CONCLUSION: Our results suggest that RDW is independently associated with predicted 10-year CVD risk in individuals with T1D. These findings support RDW as a potential marker for cardiovascular risk stratification. However, external validation is required before clinical application.",Acta diabetologica,"Cardiovascular diseases; Diabetes mellitus, type 1; Erythrocyte indices; Heart disease risk factors; Risk assessment","Humans; Female; Male; Diabetes Mellitus, Type 1; Cardiovascular Diseases; Adult; Retrospective Studies; Erythrocyte Indices; Middle Aged; Risk Factors; Heart Disease Risk Factors",Journal Article
41356922,https://pubmed.ncbi.nlm.nih.gov/41356922/,2025,Exploring the Potential of the CamAPS FX Advanced Hybrid Closed-Loop (AHCL) System in the Hospital Setting: From Pregnancy to a Postpartum Complicated by Infective Endocarditis of the Tricuspid Valve.,"Managing glycemic control in type 1 diabetes during pregnancy is still very complex and extremely important to reduce maternal and fetal risks. We present the case of a 36-year-old woman with type 1 diabetes mellitus managed throughout her pregnancy with an advanced hybrid closed-loop (AHCL) CamAPS FX. Glycemic control during pregnancy was optimal, with a time in range (64-140 mg/dL) in the second and third trimesters > 75%. No serious episodes of hypoglycemia or ketoacidosis occurred. A vaginal delivery occurred at the 39th week, with a favorable neonatal outcome (birth weight 3,418 g, Apgar score 8/9). The uniqueness of this clinical case is related to the fact that the patient experienced several postpartum complications: hospitalization for tricuspid valve endocarditis, which initially manifested with pulmonary embolism. The postpartum period, characterized by breastfeeding, changes in sleep-wake rhythm, newborn care, infectious disease, antibiotics, and hospitalization, was managed by the algorithm. The insulin pump was never interrupted and continued with the support of the diabetes team, achieving optimal glycemic control throughout the postpartum period until the acute condition resolved with a time in range (70-180 mg/dL) of 88%. The CamAPS system in our case has therefore proven to be effective, safe, and adaptable during pregnancy, the postpartum period, and hospitalization during the acute phase of the disease.",Cureus,diabetes type 1; hacl; hospitalization; insulin pump; postpartum; pregnancy,,Case Reports; Journal Article
41774510,https://pubmed.ncbi.nlm.nih.gov/41774510/,2026,MLPH/RAB3A accelerates the differentiation of pancreatic stem cells to islet β-cells to control blood glucose in diabetic rats.,"BACKGROUND: This study aimed to determine the potential mechanism by which pancreatic stem cell-derived beta cells (PSCs-β) assist in the body's glucose-lowering capacity in type 1 diabetes (T1D) rats. METHODS: We screened the transcriptomic changes in the pancreatic islets of T1D mice to extract key genes from the GSE169275 dataset. Cell proliferation, cell cycle distribution, apoptosis, PSC-β differentiation ability, and insulin production levels were analyzed after MLPH overexpression/knockdown in PSCs. PSC-β-overexpressing MLPH were transplanted into T1D rats, and the changes in fasting blood glucose level, glucose tolerance and insulin, glucagon and C-peptide contents were examined. After the target genes of MLPH were analysed using the database, immunoprecipitation was introduced for validation. Whether RAB3A is involved in the regulatory effects of MLPH on the proliferation and differentiation of PSCs was further verified. RESULTS: MLPH overexpression further enhanced the proliferation of PSCs, inhibited apoptosis and accelerated the differentiation of PSCs to PSC-β cells and insulin secretion. After the transplantation of MLPH-overexpressing PSC-β cells, the pancreatic islet tissue damage was restored, the insulin expression was substantially elevated and the glucagon content decreased. RAB3A knockdown counteracted the effects of MLPH on the proliferation, differentiation and insulin secretion of PSCs. CONCLUSION: MLPH overexpression is favourable for the differentiation of PSCs to insulin β-cells. Transplantation of MLPH-overexpressing PSC-β cells restored the ability of T1D rats to manage a glycemic load by promoting RAB3A expression.",Organogenesis,MLPH; PSCs-β; RAB3A; pancreatic stem cells,"Animals; Cell Differentiation; Insulin-Secreting Cells; Stem Cells; Blood Glucose; Diabetes Mellitus, Experimental; Rats; rab3A GTP-Binding Protein; Cell Proliferation; Male; Apoptosis; Insulin; Pancreas; Rats, Sprague-Dawley",Journal Article
42380553,https://pubmed.ncbi.nlm.nih.gov/42380553/,2026,"GLP-1-Based Therapies in Type 1 Diabetes: Emerging Evidence on Cardiovascular, Renal, and Safety Outcomes.","BACKGROUND: Individuals living with type 1 diabetes (T1D) are at increased risk for cardiovascular (CV) and renal complications, yet therapeutic strategies specifically targeting cardiorenal risk reduction in this population remain limited. The role of glucagon-like peptide-1 (GLP-1)-based therapies in T1D remains unclear. METHODS: We conducted a review of published studies examining the CV, clinical, and renal effects of GLP-1-based therapies in people with T1D, while also evaluating safety outcomes and future research priorities. RESULTS: Three observational real-world studies evaluating GLP-1-based therapies in adults with T1D were identified. Overall, these studies demonstrated clinically meaningful reductions in all-cause mortality, hospitalisation, heart failure, and composite CV outcomes. Renal benefits were also observed, including lower risks of early estimated glomerular filtration rate decline and end-stage kidney disease. Importantly, no consistent increase in diabetic ketoacidosis or severe hypoglycemia was identified, supporting a generally reassuring safety profile. These findings challenge the traditional view of GLP-1 receptor agonists as therapies of predominantly glycemic relevance in T1D and support their potential role in cardiorenal risk reduction. Nevertheless, the currently available evidence is entirely observational and warrants confirmation through prospective randomised studies specifically designed for T1D populations. CONCLUSION: Current real-world evidence suggests that GLP-1-based therapies in T1D may provide clinically meaningful CV and renal benefits with a reassuring safety profile; however, adequately powered randomised trials are needed to confirm these findings.","Diabetes, obesity & metabolism",cardiovascular outcomes; glucagon‐like peptide‐1 receptor agonists; heart failure; kidney disease; real‐world evidence; type 1 diabetes mellitus,,Journal Article; Review
